2026-04-25 22:09:33 - Starting Application using Java 17.0.17 on DESKTOP-STM7KQV with PID 12972 (C:\Users\User\IdeaProjects\themes\Searchengine_1\target\classes started by User in C:\Users\User\IdeaProjects\themes)
2026-04-25 22:09:33 - No active profile set, falling back to 1 default profile: "default"
2026-04-25 22:09:34 - Bootstrapping Spring Data JPA repositories in DEFAULT mode.
2026-04-25 22:09:34 - Finished Spring Data repository scanning in 198 ms. Found 7 JPA repository interfaces.
2026-04-25 22:09:35 - Tomcat initialized with port(s): 8080 (http)
2026-04-25 22:09:35 - Starting service [Tomcat]
2026-04-25 22:09:35 - Starting Servlet engine: [Apache Tomcat/9.0.64]
2026-04-25 22:09:36 - Initializing Spring embedded WebApplicationContext
2026-04-25 22:09:36 - Root WebApplicationContext: initialization completed in 2364 ms
2026-04-25 22:09:36 - Driver class org.postgresql.Driver found in Thread context class loader jdk.internal.loader.ClassLoaders$AppClassLoader@1d44bcfa
2026-04-25 22:09:36 - HikariPool-1 - configuration:
2026-04-25 22:09:36 - allowPoolSuspension................................false
2026-04-25 22:09:36 - autoCommit................................true
2026-04-25 22:09:36 - catalog................................none
2026-04-25 22:09:36 - connectionInitSql................................none
2026-04-25 22:09:36 - connectionTestQuery................................none
2026-04-25 22:09:36 - connectionTimeout................................30000
2026-04-25 22:09:36 - dataSource................................none
2026-04-25 22:09:36 - dataSourceClassName................................none
2026-04-25 22:09:36 - dataSourceJNDI................................none
2026-04-25 22:09:36 - dataSourceProperties................................{password=<masked>}
2026-04-25 22:09:36 - driverClassName................................"org.postgresql.Driver"
2026-04-25 22:09:36 - exceptionOverrideClassName................................none
2026-04-25 22:09:36 - healthCheckProperties................................{}
2026-04-25 22:09:36 - healthCheckRegistry................................none
2026-04-25 22:09:36 - idleTimeout................................600000
2026-04-25 22:09:36 - initializationFailTimeout................................1
2026-04-25 22:09:36 - isolateInternalQueries................................false
2026-04-25 22:09:36 - jdbcUrl................................jdbc:postgresql://localhost:5432/postgres
2026-04-25 22:09:36 - keepaliveTime................................0
2026-04-25 22:09:36 - leakDetectionThreshold................................0
2026-04-25 22:09:36 - maxLifetime................................1800000
2026-04-25 22:09:36 - maximumPoolSize................................10
2026-04-25 22:09:36 - metricRegistry................................none
2026-04-25 22:09:36 - metricsTrackerFactory................................none
2026-04-25 22:09:36 - minimumIdle................................10
2026-04-25 22:09:36 - password................................<masked>
2026-04-25 22:09:36 - poolName................................"HikariPool-1"
2026-04-25 22:09:36 - readOnly................................false
2026-04-25 22:09:36 - registerMbeans................................false
2026-04-25 22:09:36 - scheduledExecutor................................none
2026-04-25 22:09:36 - schema................................none
2026-04-25 22:09:36 - threadFactory................................internal
2026-04-25 22:09:36 - transactionIsolation................................default
2026-04-25 22:09:36 - username................................"postgres"
2026-04-25 22:09:36 - validationTimeout................................5000
2026-04-25 22:09:36 - HikariPool-1 - Starting...
2026-04-25 22:09:36 - HikariPool-1 - Added connection org.postgresql.jdbc.PgConnection@1e3f86d5
2026-04-25 22:09:36 - HikariPool-1 - Start completed.
2026-04-25 22:09:36 - HikariPool-1 - Pool stats (total=1, active=1, idle=0, waiting=0)
2026-04-25 22:09:36 - HikariPool-1 - Added connection org.postgresql.jdbc.PgConnection@7a1e945f
2026-04-25 22:09:36 - HikariPool-1 - Added connection org.postgresql.jdbc.PgConnection@3f1c0578
2026-04-25 22:09:37 - Set default schema name to public
2026-04-25 22:09:37 - HikariPool-1 - Added connection org.postgresql.jdbc.PgConnection@5b0881
2026-04-25 22:09:37 - Successfully acquired change log lock
2026-04-25 22:09:37 - HikariPool-1 - Added connection org.postgresql.jdbc.PgConnection@5f33fa37
2026-04-25 22:09:37 - HikariPool-1 - Added connection org.postgresql.jdbc.PgConnection@3faf6f0
2026-04-25 22:09:37 - HikariPool-1 - Added connection org.postgresql.jdbc.PgConnection@43986541
2026-04-25 22:09:37 - HikariPool-1 - Added connection org.postgresql.jdbc.PgConnection@1b5f62b3
2026-04-25 22:09:37 - HikariPool-1 - Added connection org.postgresql.jdbc.PgConnection@5b7dc1ad
2026-04-25 22:09:37 - HikariPool-1 - Added connection org.postgresql.jdbc.PgConnection@f64e144
2026-04-25 22:09:37 - HikariPool-1 - After adding stats (total=10, active=1, idle=9, waiting=0)
2026-04-25 22:09:37 - Reading from public.databasechangelog
2026-04-25 22:09:37 - Successfully released change log lock
2026-04-25 22:09:37 - HHH000204: Processing PersistenceUnitInfo [name: default]
2026-04-25 22:09:38 - HHH000412: Hibernate ORM core version 5.6.9.Final
2026-04-25 22:09:38 - HCANN000001: Hibernate Commons Annotations {5.1.2.Final}
2026-04-25 22:09:38 - Database ->
       name : PostgreSQL
    version : 18.1
      major : 18
      minor : 1
2026-04-25 22:09:38 - Driver ->
       name : PostgreSQL JDBC Driver
    version : 42.3.6
      major : 42
      minor : 3
2026-04-25 22:09:38 - JDBC version : 4.2
2026-04-25 22:09:38 - HHH000400: Using dialect: org.hibernate.dialect.PostgreSQLDialect
2026-04-25 22:09:38 - JDBC driver metadata reported database stores quoted identifiers in neither upper, lower nor mixed case
2026-04-25 22:09:38 - Normalizing identifier quoting [postgres]
2026-04-25 22:09:38 - Normalizing identifier quoting [public]
2026-04-25 22:09:38 - Normalizing identifier quoting [DTYPE]
2026-04-25 22:09:38 - Normalizing identifier quoting [lemma]
2026-04-25 22:09:38 - Normalizing identifier quoting [lemma]
2026-04-25 22:09:38 - Normalizing identifier quoting [id]
2026-04-25 22:09:38 - Normalizing identifier quoting [id]
2026-04-25 22:09:38 - Normalizing identifier quoting [id]
2026-04-25 22:09:38 - Normalizing identifier quoting [id]
2026-04-25 22:09:38 - Normalizing identifier quoting [id]
2026-04-25 22:09:38 - Normalizing identifier quoting [frequency]
2026-04-25 22:09:38 - Normalizing identifier quoting [frequency]
2026-04-25 22:09:38 - Normalizing identifier quoting [frequency]
2026-04-25 22:09:38 - Normalizing identifier quoting [frequency]
2026-04-25 22:09:38 - Normalizing identifier quoting [frequency]
2026-04-25 22:09:38 - Normalizing identifier quoting [lemma]
2026-04-25 22:09:38 - Normalizing identifier quoting [lemma]
2026-04-25 22:09:38 - Normalizing identifier quoting [lemma]
2026-04-25 22:09:38 - Normalizing identifier quoting [lemma]
2026-04-25 22:09:38 - Normalizing identifier quoting [lemma]
2026-04-25 22:09:38 - Normalizing identifier quoting [searchIndexes]
2026-04-25 22:09:38 - Normalizing identifier quoting [searchIndexes]
2026-04-25 22:09:38 - Normalizing identifier quoting [element]
2026-04-25 22:09:38 - Normalizing identifier quoting [element]
2026-04-25 22:09:38 - Normalizing identifier quoting [searchIndexes_KEY]
2026-04-25 22:09:38 - Normalizing identifier quoting [searchIndexes_KEY]
2026-04-25 22:09:38 - Normalizing identifier quoting [site_id]
2026-04-25 22:09:38 - Normalizing identifier quoting [site]
2026-04-25 22:09:38 - Normalizing identifier quoting [site]
2026-04-25 22:09:38 - Normalizing identifier quoting [DTYPE]
2026-04-25 22:09:38 - Normalizing identifier quoting [page]
2026-04-25 22:09:38 - Normalizing identifier quoting [page]
2026-04-25 22:09:38 - Normalizing identifier quoting [id]
2026-04-25 22:09:38 - Normalizing identifier quoting [id]
2026-04-25 22:09:38 - Normalizing identifier quoting [id]
2026-04-25 22:09:38 - Normalizing identifier quoting [id]
2026-04-25 22:09:38 - Normalizing identifier quoting [id]
2026-04-25 22:09:38 - Normalizing identifier quoting [code]
2026-04-25 22:09:38 - Normalizing identifier quoting [code]
2026-04-25 22:09:38 - Normalizing identifier quoting [code]
2026-04-25 22:09:38 - Normalizing identifier quoting [code]
2026-04-25 22:09:38 - Normalizing identifier quoting [code]
2026-04-25 22:09:38 - Normalizing identifier quoting [content]
2026-04-25 22:09:38 - Normalizing identifier quoting [content]
2026-04-25 22:09:38 - Normalizing identifier quoting [content]
2026-04-25 22:09:38 - Normalizing identifier quoting [content]
2026-04-25 22:09:38 - Normalizing identifier quoting [content]
2026-04-25 22:09:38 - Normalizing identifier quoting [path]
2026-04-25 22:09:38 - Normalizing identifier quoting [path]
2026-04-25 22:09:38 - Normalizing identifier quoting [path]
2026-04-25 22:09:38 - Normalizing identifier quoting [path]
2026-04-25 22:09:38 - Normalizing identifier quoting [path]
2026-04-25 22:09:38 - Normalizing identifier quoting [site_id]
2026-04-25 22:09:38 - Normalizing identifier quoting [site]
2026-04-25 22:09:38 - Normalizing identifier quoting [site]
2026-04-25 22:09:38 - Normalizing identifier quoting [topic_count]
2026-04-25 22:09:38 - Normalizing identifier quoting [topic_count]
2026-04-25 22:09:38 - Normalizing identifier quoting [topic_count]
2026-04-25 22:09:38 - Normalizing identifier quoting [topics]
2026-04-25 22:09:38 - Normalizing identifier quoting [topics]
2026-04-25 22:09:38 - Normalizing identifier quoting [element]
2026-04-25 22:09:38 - Normalizing identifier quoting [element]
2026-04-25 22:09:38 - Normalizing identifier quoting [topics_KEY]
2026-04-25 22:09:38 - Normalizing identifier quoting [topics_KEY]
2026-04-25 22:09:38 - Normalizing identifier quoting [DTYPE]
2026-04-25 22:09:38 - Normalizing identifier quoting [search_index]
2026-04-25 22:09:38 - Normalizing identifier quoting [search_index]
2026-04-25 22:09:38 - Normalizing identifier quoting [id]
2026-04-25 22:09:38 - Normalizing identifier quoting [id]
2026-04-25 22:09:38 - Normalizing identifier quoting [id]
2026-04-25 22:09:38 - Normalizing identifier quoting [id]
2026-04-25 22:09:38 - Normalizing identifier quoting [id]
2026-04-25 22:09:38 - Normalizing identifier quoting [lemma_id]
2026-04-25 22:09:38 - Normalizing identifier quoting [lemma]
2026-04-25 22:09:38 - Normalizing identifier quoting [lemma]
2026-04-25 22:09:38 - Normalizing identifier quoting [page_id]
2026-04-25 22:09:38 - Normalizing identifier quoting [page]
2026-04-25 22:09:38 - Normalizing identifier quoting [page]
2026-04-25 22:09:38 - Normalizing identifier quoting [ranking]
2026-04-25 22:09:38 - Normalizing identifier quoting [ranking]
2026-04-25 22:09:38 - Normalizing identifier quoting [ranking]
2026-04-25 22:09:38 - Normalizing identifier quoting [ranking]
2026-04-25 22:09:38 - Normalizing identifier quoting [ranking]
2026-04-25 22:09:38 - Normalizing identifier quoting [DTYPE]
2026-04-25 22:09:38 - Normalizing identifier quoting [Site]
2026-04-25 22:09:38 - Normalizing identifier quoting [Site]
2026-04-25 22:09:38 - Normalizing identifier quoting [id]
2026-04-25 22:09:38 - Normalizing identifier quoting [id]
2026-04-25 22:09:38 - Normalizing identifier quoting [id]
2026-04-25 22:09:38 - Normalizing identifier quoting [id]
2026-04-25 22:09:38 - Normalizing identifier quoting [id]
2026-04-25 22:09:38 - Normalizing identifier quoting [lastError]
2026-04-25 22:09:38 - Normalizing identifier quoting [lastError]
2026-04-25 22:09:38 - Normalizing identifier quoting [lastError]
2026-04-25 22:09:38 - Normalizing identifier quoting [lastError]
2026-04-25 22:09:38 - Normalizing identifier quoting [lastError]
2026-04-25 22:09:38 - Normalizing identifier quoting [name]
2026-04-25 22:09:38 - Normalizing identifier quoting [name]
2026-04-25 22:09:38 - Normalizing identifier quoting [name]
2026-04-25 22:09:38 - Normalizing identifier quoting [name]
2026-04-25 22:09:38 - Normalizing identifier quoting [name]
2026-04-25 22:09:38 - Normalizing identifier quoting [pages]
2026-04-25 22:09:38 - Normalizing identifier quoting [pages]
2026-04-25 22:09:38 - Normalizing identifier quoting [element]
2026-04-25 22:09:38 - Normalizing identifier quoting [element]
2026-04-25 22:09:38 - Normalizing identifier quoting [pages_KEY]
2026-04-25 22:09:38 - Normalizing identifier quoting [pages_KEY]
2026-04-25 22:09:38 - Normalizing identifier quoting [status]
2026-04-25 22:09:38 - Normalizing identifier quoting [status]
2026-04-25 22:09:38 - Normalizing identifier quoting [status]
2026-04-25 22:09:38 - Normalizing identifier quoting [status]
2026-04-25 22:09:38 - Normalizing identifier quoting [status]
2026-04-25 22:09:38 - Normalizing identifier quoting [statusTime]
2026-04-25 22:09:38 - Normalizing identifier quoting [statusTime]
2026-04-25 22:09:38 - Normalizing identifier quoting [statusTime]
2026-04-25 22:09:38 - Normalizing identifier quoting [statusTime]
2026-04-25 22:09:38 - Normalizing identifier quoting [statusTime]
2026-04-25 22:09:38 - Normalizing identifier quoting [url]
2026-04-25 22:09:38 - Normalizing identifier quoting [url]
2026-04-25 22:09:38 - Normalizing identifier quoting [url]
2026-04-25 22:09:38 - Normalizing identifier quoting [url]
2026-04-25 22:09:38 - Normalizing identifier quoting [url]
2026-04-25 22:09:38 - Normalizing identifier quoting [DTYPE]
2026-04-25 22:09:38 - Normalizing identifier quoting [topic]
2026-04-25 22:09:38 - Normalizing identifier quoting [topic]
2026-04-25 22:09:38 - Normalizing identifier quoting [id]
2026-04-25 22:09:38 - Normalizing identifier quoting [id]
2026-04-25 22:09:38 - Normalizing identifier quoting [id]
2026-04-25 22:09:38 - Normalizing identifier quoting [id]
2026-04-25 22:09:38 - Normalizing identifier quoting [id]
2026-04-25 22:09:38 - Normalizing identifier quoting [content]
2026-04-25 22:09:38 - Normalizing identifier quoting [content]
2026-04-25 22:09:38 - Normalizing identifier quoting [content]
2026-04-25 22:09:38 - Normalizing identifier quoting [created_at]
2026-04-25 22:09:38 - Normalizing identifier quoting [created_at]
2026-04-25 22:09:38 - Normalizing identifier quoting [created_at]
2026-04-25 22:09:38 - Normalizing identifier quoting [lemma_count]
2026-04-25 22:09:38 - Normalizing identifier quoting [lemma_count]
2026-04-25 22:09:38 - Normalizing identifier quoting [lemma_count]
2026-04-25 22:09:38 - Normalizing identifier quoting [order_num]
2026-04-25 22:09:38 - Normalizing identifier quoting [order_num]
2026-04-25 22:09:38 - Normalizing identifier quoting [order_num]
2026-04-25 22:09:38 - Normalizing identifier quoting [page_id]
2026-04-25 22:09:38 - Normalizing identifier quoting [page]
2026-04-25 22:09:38 - Normalizing identifier quoting [page]
2026-04-25 22:09:38 - Normalizing identifier quoting [site_id]
2026-04-25 22:09:38 - Normalizing identifier quoting [site]
2026-04-25 22:09:38 - Normalizing identifier quoting [site]
2026-04-25 22:09:38 - Normalizing identifier quoting [title]
2026-04-25 22:09:38 - Normalizing identifier quoting [title]
2026-04-25 22:09:38 - Normalizing identifier quoting [title]
2026-04-25 22:09:38 - Normalizing identifier quoting [topic_group_id]
2026-04-25 22:09:38 - Normalizing identifier quoting [topicGroup]
2026-04-25 22:09:38 - Normalizing identifier quoting [topicGroup]
2026-04-25 22:09:38 - Normalizing identifier quoting [DTYPE]
2026-04-25 22:09:38 - Normalizing identifier quoting [topic_group]
2026-04-25 22:09:38 - Normalizing identifier quoting [topic_group]
2026-04-25 22:09:38 - Normalizing identifier quoting [id]
2026-04-25 22:09:38 - Normalizing identifier quoting [id]
2026-04-25 22:09:38 - Normalizing identifier quoting [id]
2026-04-25 22:09:38 - Normalizing identifier quoting [id]
2026-04-25 22:09:38 - Normalizing identifier quoting [id]
2026-04-25 22:09:38 - Normalizing identifier quoting [content_summary]
2026-04-25 22:09:38 - Normalizing identifier quoting [content_summary]
2026-04-25 22:09:38 - Normalizing identifier quoting [content_summary]
2026-04-25 22:09:38 - Normalizing identifier quoting [frequency]
2026-04-25 22:09:38 - Normalizing identifier quoting [frequency]
2026-04-25 22:09:38 - Normalizing identifier quoting [frequency]
2026-04-25 22:09:38 - Normalizing identifier quoting [lemma]
2026-04-25 22:09:38 - Normalizing identifier quoting [lemma]
2026-04-25 22:09:38 - Normalizing identifier quoting [lemma]
2026-04-25 22:09:38 - Normalizing identifier quoting [lemma]
2026-04-25 22:09:38 - Normalizing identifier quoting [keyLemmas_KEY]
2026-04-25 22:09:38 - Normalizing identifier quoting [keyLemmas_KEY]
2026-04-25 22:09:38 - Normalizing identifier quoting [topic_group_id]
2026-04-25 22:09:38 - Normalizing identifier quoting [site_count]
2026-04-25 22:09:38 - Normalizing identifier quoting [site_count]
2026-04-25 22:09:38 - Normalizing identifier quoting [site_count]
2026-04-25 22:09:38 - Normalizing identifier quoting [title]
2026-04-25 22:09:38 - Normalizing identifier quoting [title]
2026-04-25 22:09:38 - Normalizing identifier quoting [title]
2026-04-25 22:09:38 - Normalizing identifier quoting [topics]
2026-04-25 22:09:38 - Normalizing identifier quoting [topics]
2026-04-25 22:09:38 - Normalizing identifier quoting [element]
2026-04-25 22:09:38 - Normalizing identifier quoting [element]
2026-04-25 22:09:38 - Normalizing identifier quoting [topics_KEY]
2026-04-25 22:09:38 - Normalizing identifier quoting [topics_KEY]
2026-04-25 22:09:38 - Normalizing identifier quoting [site_id]
2026-04-25 22:09:38 - Normalizing identifier quoting [null]
2026-04-25 22:09:38 - Normalizing identifier quoting [site_id]
2026-04-25 22:09:38 - Normalizing identifier quoting [site_id]
2026-04-25 22:09:38 - Normalizing identifier quoting [site_id]
2026-04-25 22:09:38 - Normalizing identifier quoting [null]
2026-04-25 22:09:38 - Normalizing identifier quoting [site_id]
2026-04-25 22:09:38 - Normalizing identifier quoting [site_id]
2026-04-25 22:09:38 - Normalizing identifier quoting [lemma_id]
2026-04-25 22:09:38 - Normalizing identifier quoting [null]
2026-04-25 22:09:38 - Normalizing identifier quoting [lemma_id]
2026-04-25 22:09:38 - Normalizing identifier quoting [lemma_id]
2026-04-25 22:09:38 - Normalizing identifier quoting [page_id]
2026-04-25 22:09:38 - Normalizing identifier quoting [null]
2026-04-25 22:09:38 - Normalizing identifier quoting [page_id]
2026-04-25 22:09:38 - Normalizing identifier quoting [page_id]
2026-04-25 22:09:38 - Normalizing identifier quoting [page_id]
2026-04-25 22:09:38 - Normalizing identifier quoting [null]
2026-04-25 22:09:38 - Normalizing identifier quoting [page_id]
2026-04-25 22:09:38 - Normalizing identifier quoting [page_id]
2026-04-25 22:09:38 - Normalizing identifier quoting [site_id]
2026-04-25 22:09:38 - Normalizing identifier quoting [null]
2026-04-25 22:09:38 - Normalizing identifier quoting [site_id]
2026-04-25 22:09:38 - Normalizing identifier quoting [site_id]
2026-04-25 22:09:38 - Normalizing identifier quoting [topic_group_id]
2026-04-25 22:09:38 - Normalizing identifier quoting [null]
2026-04-25 22:09:38 - Normalizing identifier quoting [topic_group_id]
2026-04-25 22:09:38 - Normalizing identifier quoting [topic_group_id]
2026-04-25 22:09:38 - Normalizing identifier quoting [null]
2026-04-25 22:09:38 - Normalizing identifier quoting [topic_group_key_lemmas]
2026-04-25 22:09:38 - Normalizing identifier quoting [topic_group_key_lemmas]
2026-04-25 22:09:38 - Normalizing identifier quoting [topic_group_id]
2026-04-25 22:09:38 - Normalizing identifier quoting [null]
2026-04-25 22:09:38 - Normalizing identifier quoting [topic_group_id]
2026-04-25 22:09:38 - Normalizing identifier quoting [topic_group_id]
2026-04-25 22:09:38 - Normalizing identifier quoting [lemma]
2026-04-25 22:09:38 - Normalizing identifier quoting [site_id]
2026-04-25 22:09:38 - Normalizing identifier quoting [site_id]
2026-04-25 22:09:38 - Normalizing identifier quoting [FKj2jx0gqa4h7wg8ls0k3y221h2]
2026-04-25 22:09:38 - Normalizing identifier quoting [lemma_id]
2026-04-25 22:09:38 - Normalizing identifier quoting [FKn7ndggxsrpg4j41c1ak3qaemc]
2026-04-25 22:09:38 - Normalizing identifier quoting [page_id]
2026-04-25 22:09:38 - Normalizing identifier quoting [FKiqwaooudm7lmmj97li1y42l5r]
2026-04-25 22:09:38 - Normalizing identifier quoting [page_id]
2026-04-25 22:09:38 - Normalizing identifier quoting [site_id]
2026-04-25 22:09:38 - Normalizing identifier quoting [topic_group_id]
2026-04-25 22:09:38 - Normalizing identifier quoting [topic_group_id]
2026-04-25 22:09:38 - Normalizing identifier quoting [FKm7pwxka586fwpcpn6jv7ajp92]
2026-04-25 22:09:38 - Normalizing identifier quoting [lemma]
2026-04-25 22:09:38 - Normalizing identifier quoting [site_id]
2026-04-25 22:09:38 - Normalizing identifier quoting [lemma]
2026-04-25 22:09:38 - Normalizing identifier quoting [site_id]
2026-04-25 22:09:38 - Normalizing identifier quoting [UK7ogalxpu2t6pogbj8sbbpk0of]
2026-04-25 22:09:38 - Normalizing identifier quoting [path]
2026-04-25 22:09:38 - Normalizing identifier quoting [site_id]
2026-04-25 22:09:38 - Normalizing identifier quoting [site_id]
2026-04-25 22:09:38 - Normalizing identifier quoting [lemma_id]
2026-04-25 22:09:38 - Normalizing identifier quoting [page_id]
2026-04-25 22:09:38 - Normalizing identifier quoting [page_id]
2026-04-25 22:09:38 - Normalizing identifier quoting [site_id]
2026-04-25 22:09:38 - Normalizing identifier quoting [topic_group_id]
2026-04-25 22:09:38 - Normalizing identifier quoting [topic_group_id]
2026-04-25 22:09:38 - Normalizing identifier quoting [path]
2026-04-25 22:09:38 - Normalizing identifier quoting [null]
2026-04-25 22:09:39 - HHH000490: Using JtaPlatform implementation: [org.hibernate.engine.transaction.jta.platform.internal.NoJtaPlatform]
2026-04-25 22:09:39 - Initialized JPA EntityManagerFactory for persistence unit 'default'
2026-04-25 22:09:39 - Closing JDBC container [org.hibernate.engine.jdbc.internal.JdbcCoordinatorImpl@4daead88]
2026-04-25 22:09:39 - Closing JDBC container [org.hibernate.engine.jdbc.internal.JdbcCoordinatorImpl@46573cfe]
2026-04-25 22:09:39 - Closing JDBC container [org.hibernate.engine.jdbc.internal.JdbcCoordinatorImpl@62c1259f]
2026-04-25 22:09:39 - On TransactionImpl creation, JpaCompliance#isJpaTransactionComplianceEnabled == false
2026-04-25 22:09:39 - Closing JDBC container [org.hibernate.engine.jdbc.internal.JdbcCoordinatorImpl@75b25ec3]
2026-04-25 22:09:39 - Closing JDBC container [org.hibernate.engine.jdbc.internal.JdbcCoordinatorImpl@9d7a853]
2026-04-25 22:09:39 - Unable to locate HQL query plan in cache; generating (SELECT t FROM Topic t WHERE t.topicGroup IS NULL)
2026-04-25 22:09:39 - Closing JDBC container [org.hibernate.engine.jdbc.internal.JdbcCoordinatorImpl@28b47211]
2026-04-25 22:09:39 - On TransactionImpl creation, JpaCompliance#isJpaTransactionComplianceEnabled == false
2026-04-25 22:09:39 - Closing JDBC container [org.hibernate.engine.jdbc.internal.JdbcCoordinatorImpl@4fe3199d]
2026-04-25 22:09:39 - Closing JDBC container [org.hibernate.engine.jdbc.internal.JdbcCoordinatorImpl@72851503]
2026-04-25 22:09:39 - On TransactionImpl creation, JpaCompliance#isJpaTransactionComplianceEnabled == false
2026-04-25 22:09:39 - Closing JDBC container [org.hibernate.engine.jdbc.internal.JdbcCoordinatorImpl@55b78dad]
2026-04-25 22:09:39 - Closing JDBC container [org.hibernate.engine.jdbc.internal.JdbcCoordinatorImpl@47f4dc8d]
2026-04-25 22:09:39 - On TransactionImpl creation, JpaCompliance#isJpaTransactionComplianceEnabled == false
2026-04-25 22:09:39 - Closing JDBC container [org.hibernate.engine.jdbc.internal.JdbcCoordinatorImpl@7bc3c59f]
2026-04-25 22:09:39 - Closing JDBC container [org.hibernate.engine.jdbc.internal.JdbcCoordinatorImpl@6db2a260]
2026-04-25 22:09:39 - On TransactionImpl creation, JpaCompliance#isJpaTransactionComplianceEnabled == false
2026-04-25 22:09:39 - Closing JDBC container [org.hibernate.engine.jdbc.internal.JdbcCoordinatorImpl@35d62807]
2026-04-25 22:09:39 - Closing JDBC container [org.hibernate.engine.jdbc.internal.JdbcCoordinatorImpl@5fcff272]
2026-04-25 22:09:39 - On TransactionImpl creation, JpaCompliance#isJpaTransactionComplianceEnabled == false
2026-04-25 22:09:39 - Closing JDBC container [org.hibernate.engine.jdbc.internal.JdbcCoordinatorImpl@1be3e952]
2026-04-25 22:09:39 - Closing JDBC container [org.hibernate.engine.jdbc.internal.JdbcCoordinatorImpl@eef6e]
2026-04-25 22:09:39 - On TransactionImpl creation, JpaCompliance#isJpaTransactionComplianceEnabled == false
2026-04-25 22:09:39 - Closing JDBC container [org.hibernate.engine.jdbc.internal.JdbcCoordinatorImpl@3e7da4cb]
2026-04-25 22:09:39 - Closing JDBC container [org.hibernate.engine.jdbc.internal.JdbcCoordinatorImpl@37ad818e]
2026-04-25 22:09:39 - Unable to locate HQL query plan in cache; generating (SELECT t FROM Topic t WHERE t.topicGroup.id = :groupId)
2026-04-25 22:09:39 - Closing JDBC container [org.hibernate.engine.jdbc.internal.JdbcCoordinatorImpl@21f9a305]
2026-04-25 22:09:39 - On TransactionImpl creation, JpaCompliance#isJpaTransactionComplianceEnabled == false
2026-04-25 22:09:39 - Closing JDBC container [org.hibernate.engine.jdbc.internal.JdbcCoordinatorImpl@6ff87203]
2026-04-25 22:09:39 - Closing JDBC container [org.hibernate.engine.jdbc.internal.JdbcCoordinatorImpl@aaf4375]
2026-04-25 22:09:39 - Unable to locate HQL query plan in cache; generating (SELECT t FROM Topic t ORDER BY t.lemmaCount DESC)
2026-04-25 22:09:39 - Closing JDBC container [org.hibernate.engine.jdbc.internal.JdbcCoordinatorImpl@6e6bd43b]
2026-04-25 22:09:39 - On TransactionImpl creation, JpaCompliance#isJpaTransactionComplianceEnabled == false
2026-04-25 22:09:39 - Closing JDBC container [org.hibernate.engine.jdbc.internal.JdbcCoordinatorImpl@4a532271]
2026-04-25 22:09:39 - Closing JDBC container [org.hibernate.engine.jdbc.internal.JdbcCoordinatorImpl@35b38986]
2026-04-25 22:09:39 - Unable to locate HQL query plan in cache; generating (SELECT t FROM Topic t JOIN t.topicGroup g WHERE g.id = :groupId)
2026-04-25 22:09:39 - Closing JDBC container [org.hibernate.engine.jdbc.internal.JdbcCoordinatorImpl@2b0d818d]
2026-04-25 22:09:39 - On TransactionImpl creation, JpaCompliance#isJpaTransactionComplianceEnabled == false
2026-04-25 22:09:39 - Closing JDBC container [org.hibernate.engine.jdbc.internal.JdbcCoordinatorImpl@306c8e09]
2026-04-25 22:09:39 - Closing JDBC container [org.hibernate.engine.jdbc.internal.JdbcCoordinatorImpl@87df88d]
2026-04-25 22:09:39 - Unable to locate HQL query plan in cache; generating (SELECT t.title, COUNT(t) as frequency, COUNT(DISTINCT t.site.id) as siteCount FROM Topic t GROUP BY t.title HAVING COUNT(t) > 1 ORDER BY frequency DESC)
2026-04-25 22:09:39 - Closing JDBC container [org.hibernate.engine.jdbc.internal.JdbcCoordinatorImpl@790ea58f]
2026-04-25 22:09:39 - On TransactionImpl creation, JpaCompliance#isJpaTransactionComplianceEnabled == false
2026-04-25 22:09:39 - Closing JDBC container [org.hibernate.engine.jdbc.internal.JdbcCoordinatorImpl@5d3a238]
2026-04-25 22:09:39 - Closing JDBC container [org.hibernate.engine.jdbc.internal.JdbcCoordinatorImpl@9fd5dd0]
2026-04-25 22:09:39 - Unable to locate HQL query plan in cache; generating (SELECT COUNT(t) as topicCount, COALESCE(SUM(t.lemmaCount), 0) as totalLemmas FROM Topic t WHERE t.site.id = :siteId)
2026-04-25 22:09:39 - Closing JDBC container [org.hibernate.engine.jdbc.internal.JdbcCoordinatorImpl@2662e3ff]
2026-04-25 22:09:39 - On TransactionImpl creation, JpaCompliance#isJpaTransactionComplianceEnabled == false
2026-04-25 22:09:39 - Closing JDBC container [org.hibernate.engine.jdbc.internal.JdbcCoordinatorImpl@487ee2a]
2026-04-25 22:09:39 - Closing JDBC container [org.hibernate.engine.jdbc.internal.JdbcCoordinatorImpl@682482ee]
2026-04-25 22:09:39 - On TransactionImpl creation, JpaCompliance#isJpaTransactionComplianceEnabled == false
2026-04-25 22:09:39 - Closing JDBC container [org.hibernate.engine.jdbc.internal.JdbcCoordinatorImpl@24bc06dd]
2026-04-25 22:09:39 - Closing JDBC container [org.hibernate.engine.jdbc.internal.JdbcCoordinatorImpl@26b150cd]
2026-04-25 22:09:39 - Unable to locate HQL query plan in cache; generating (SELECT t FROM Topic t WHERE t.site.id = :siteId AND LOWER(t.title) LIKE LOWER(CONCAT('%', :query, '%')))
2026-04-25 22:09:39 - Closing JDBC container [org.hibernate.engine.jdbc.internal.JdbcCoordinatorImpl@45e68fac]
2026-04-25 22:09:39 - On TransactionImpl creation, JpaCompliance#isJpaTransactionComplianceEnabled == false
2026-04-25 22:09:39 - Closing JDBC container [org.hibernate.engine.jdbc.internal.JdbcCoordinatorImpl@5fb0a09e]
2026-04-25 22:09:39 - Closing JDBC container [org.hibernate.engine.jdbc.internal.JdbcCoordinatorImpl@19a4cdea]
2026-04-25 22:09:39 - On TransactionImpl creation, JpaCompliance#isJpaTransactionComplianceEnabled == false
2026-04-25 22:09:39 - Closing JDBC container [org.hibernate.engine.jdbc.internal.JdbcCoordinatorImpl@722d3ddb]
2026-04-25 22:09:39 - Closing JDBC container [org.hibernate.engine.jdbc.internal.JdbcCoordinatorImpl@623a891d]
2026-04-25 22:09:39 - Unable to locate HQL query plan in cache; generating (SELECT t FROM Topic t WHERE t.site.id = :siteId ORDER BY t.lemmaCount DESC)
2026-04-25 22:09:39 - Closing JDBC container [org.hibernate.engine.jdbc.internal.JdbcCoordinatorImpl@756030e2]
2026-04-25 22:09:40 - Closing JDBC container [org.hibernate.engine.jdbc.internal.JdbcCoordinatorImpl@1bcdd302]
2026-04-25 22:09:40 - Closing JDBC container [org.hibernate.engine.jdbc.internal.JdbcCoordinatorImpl@41041c31]
2026-04-25 22:09:40 - On TransactionImpl creation, JpaCompliance#isJpaTransactionComplianceEnabled == false
2026-04-25 22:09:40 - Closing JDBC container [org.hibernate.engine.jdbc.internal.JdbcCoordinatorImpl@2eb0932c]
2026-04-25 22:09:40 - Closing JDBC container [org.hibernate.engine.jdbc.internal.JdbcCoordinatorImpl@82382d1]
2026-04-25 22:09:40 - Unable to locate HQL query plan in cache; generating (SELECT tg FROM TopicGroup tg ORDER BY tg.frequency DESC, tg.siteCount DESC)
2026-04-25 22:09:40 - Closing JDBC container [org.hibernate.engine.jdbc.internal.JdbcCoordinatorImpl@d8a2b1b]
2026-04-25 22:09:40 - On TransactionImpl creation, JpaCompliance#isJpaTransactionComplianceEnabled == false
2026-04-25 22:09:40 - Closing JDBC container [org.hibernate.engine.jdbc.internal.JdbcCoordinatorImpl@23169374]
2026-04-25 22:09:40 - Closing JDBC container [org.hibernate.engine.jdbc.internal.JdbcCoordinatorImpl@4f2b1a2f]
2026-04-25 22:09:40 - Unable to locate HQL query plan in cache; generating (SELECT tg FROM TopicGroup tg JOIN tg.keyLemmas kl WHERE kl IN :lemmas GROUP BY tg HAVING COUNT(DISTINCT kl) >= :minMatch)
2026-04-25 22:09:40 - Closing JDBC container [org.hibernate.engine.jdbc.internal.JdbcCoordinatorImpl@493489dd]
2026-04-25 22:09:40 - On TransactionImpl creation, JpaCompliance#isJpaTransactionComplianceEnabled == false
2026-04-25 22:09:40 - Closing JDBC container [org.hibernate.engine.jdbc.internal.JdbcCoordinatorImpl@77e261e3]
2026-04-25 22:09:40 - Closing JDBC container [org.hibernate.engine.jdbc.internal.JdbcCoordinatorImpl@642b71d6]
2026-04-25 22:09:40 - Closing JDBC container [org.hibernate.engine.jdbc.internal.JdbcCoordinatorImpl@7dbe858f]
2026-04-25 22:09:40 - Closing JDBC container [org.hibernate.engine.jdbc.internal.JdbcCoordinatorImpl@452a32f2]
2026-04-25 22:09:40 - On TransactionImpl creation, JpaCompliance#isJpaTransactionComplianceEnabled == false
2026-04-25 22:09:40 - Closing JDBC container [org.hibernate.engine.jdbc.internal.JdbcCoordinatorImpl@d4dbb34]
2026-04-25 22:09:40 - Closing JDBC container [org.hibernate.engine.jdbc.internal.JdbcCoordinatorImpl@7af2ee23]
2026-04-25 22:09:40 - On TransactionImpl creation, JpaCompliance#isJpaTransactionComplianceEnabled == false
2026-04-25 22:09:40 - Closing JDBC container [org.hibernate.engine.jdbc.internal.JdbcCoordinatorImpl@15324f25]
2026-04-25 22:09:40 - Closing JDBC container [org.hibernate.engine.jdbc.internal.JdbcCoordinatorImpl@7b9f7087]
2026-04-25 22:09:40 - On TransactionImpl creation, JpaCompliance#isJpaTransactionComplianceEnabled == false
2026-04-25 22:09:40 - Closing JDBC container [org.hibernate.engine.jdbc.internal.JdbcCoordinatorImpl@376bae20]
2026-04-25 22:09:40 - Closing JDBC container [org.hibernate.engine.jdbc.internal.JdbcCoordinatorImpl@37f0fb02]
2026-04-25 22:09:40 - On TransactionImpl creation, JpaCompliance#isJpaTransactionComplianceEnabled == false
2026-04-25 22:09:40 - Closing JDBC container [org.hibernate.engine.jdbc.internal.JdbcCoordinatorImpl@69ee0861]
2026-04-25 22:09:40 - Closing JDBC container [org.hibernate.engine.jdbc.internal.JdbcCoordinatorImpl@5de6c7d7]
2026-04-25 22:09:40 - On TransactionImpl creation, JpaCompliance#isJpaTransactionComplianceEnabled == false
2026-04-25 22:09:40 - Closing JDBC container [org.hibernate.engine.jdbc.internal.JdbcCoordinatorImpl@3203a4ae]
2026-04-25 22:09:40 - Closing JDBC container [org.hibernate.engine.jdbc.internal.JdbcCoordinatorImpl@59301546]
2026-04-25 22:09:40 - On TransactionImpl creation, JpaCompliance#isJpaTransactionComplianceEnabled == false
2026-04-25 22:09:40 - Closing JDBC container [org.hibernate.engine.jdbc.internal.JdbcCoordinatorImpl@40f77135]
2026-04-25 22:09:40 - Closing JDBC container [org.hibernate.engine.jdbc.internal.JdbcCoordinatorImpl@1f5a1ad4]
2026-04-25 22:09:40 - LuceneMorphology bean успешно создан
2026-04-25 22:09:40 - Closing JDBC container [org.hibernate.engine.jdbc.internal.JdbcCoordinatorImpl@60655642]
2026-04-25 22:09:40 - Closing JDBC container [org.hibernate.engine.jdbc.internal.JdbcCoordinatorImpl@4619854a]
2026-04-25 22:09:40 - On TransactionImpl creation, JpaCompliance#isJpaTransactionComplianceEnabled == false
2026-04-25 22:09:40 - Closing JDBC container [org.hibernate.engine.jdbc.internal.JdbcCoordinatorImpl@3453f79c]
2026-04-25 22:09:40 - Closing JDBC container [org.hibernate.engine.jdbc.internal.JdbcCoordinatorImpl@6f627a1a]
2026-04-25 22:09:40 - On TransactionImpl creation, JpaCompliance#isJpaTransactionComplianceEnabled == false
2026-04-25 22:09:40 - Closing JDBC container [org.hibernate.engine.jdbc.internal.JdbcCoordinatorImpl@62536882]
2026-04-25 22:09:40 - Closing JDBC container [org.hibernate.engine.jdbc.internal.JdbcCoordinatorImpl@1e9d6c78]
2026-04-25 22:09:40 - On TransactionImpl creation, JpaCompliance#isJpaTransactionComplianceEnabled == false
2026-04-25 22:09:40 - Closing JDBC container [org.hibernate.engine.jdbc.internal.JdbcCoordinatorImpl@2bb118ae]
2026-04-25 22:09:40 - Closing JDBC container [org.hibernate.engine.jdbc.internal.JdbcCoordinatorImpl@5e3a5f0c]
2026-04-25 22:09:40 - Closing JDBC container [org.hibernate.engine.jdbc.internal.JdbcCoordinatorImpl@5e572b08]
2026-04-25 22:09:40 - Closing JDBC container [org.hibernate.engine.jdbc.internal.JdbcCoordinatorImpl@6908674b]
2026-04-25 22:09:40 - On TransactionImpl creation, JpaCompliance#isJpaTransactionComplianceEnabled == false
2026-04-25 22:09:40 - Closing JDBC container [org.hibernate.engine.jdbc.internal.JdbcCoordinatorImpl@4b74a4d]
2026-04-25 22:09:40 - Closing JDBC container [org.hibernate.engine.jdbc.internal.JdbcCoordinatorImpl@63df2eb8]
2026-04-25 22:09:40 - Unable to locate HQL query plan in cache; generating (SELECT si.page FROM SearchIndex si WHERE si.lemma.lemma IN :lemmas)
2026-04-25 22:09:40 - Closing JDBC container [org.hibernate.engine.jdbc.internal.JdbcCoordinatorImpl@182469d0]
2026-04-25 22:09:40 - On TransactionImpl creation, JpaCompliance#isJpaTransactionComplianceEnabled == false
2026-04-25 22:09:40 - Closing JDBC container [org.hibernate.engine.jdbc.internal.JdbcCoordinatorImpl@c6653e]
2026-04-25 22:09:40 - Closing JDBC container [org.hibernate.engine.jdbc.internal.JdbcCoordinatorImpl@435e224d]
2026-04-25 22:09:40 - Unable to locate HQL query plan in cache; generating (SELECT si.ranking FROM SearchIndex si WHERE si.page = :page AND si.lemma = :lemma)
2026-04-25 22:09:40 - Closing JDBC container [org.hibernate.engine.jdbc.internal.JdbcCoordinatorImpl@6dd7af2f]
2026-04-25 22:09:40 - On TransactionImpl creation, JpaCompliance#isJpaTransactionComplianceEnabled == false
2026-04-25 22:09:40 - Closing JDBC container [org.hibernate.engine.jdbc.internal.JdbcCoordinatorImpl@5e8bc83e]
2026-04-25 22:09:40 - Closing JDBC container [org.hibernate.engine.jdbc.internal.JdbcCoordinatorImpl@6c75c5e8]
2026-04-25 22:09:40 - Unable to locate HQL query plan in cache; generating (SELECT DISTINCT si.page FROM SearchIndex si WHERE si.lemma.lemma IN :lemmas AND si.page.site = :site)
2026-04-25 22:09:40 - Closing JDBC container [org.hibernate.engine.jdbc.internal.JdbcCoordinatorImpl@58e0d1ac]
2026-04-25 22:09:40 - On TransactionImpl creation, JpaCompliance#isJpaTransactionComplianceEnabled == false
2026-04-25 22:09:40 - Closing JDBC container [org.hibernate.engine.jdbc.internal.JdbcCoordinatorImpl@7fba30fe]
2026-04-25 22:09:40 - Closing JDBC container [org.hibernate.engine.jdbc.internal.JdbcCoordinatorImpl@5cbebfba]
2026-04-25 22:09:40 - Closing JDBC container [org.hibernate.engine.jdbc.internal.JdbcCoordinatorImpl@738ae785]
2026-04-25 22:09:40 - Closing JDBC container [org.hibernate.engine.jdbc.internal.JdbcCoordinatorImpl@24ae2183]
2026-04-25 22:09:40 - On TransactionImpl creation, JpaCompliance#isJpaTransactionComplianceEnabled == false
2026-04-25 22:09:40 - Closing JDBC container [org.hibernate.engine.jdbc.internal.JdbcCoordinatorImpl@1a23136f]
2026-04-25 22:09:40 - Closing JDBC container [org.hibernate.engine.jdbc.internal.JdbcCoordinatorImpl@23a78d2e]
2026-04-25 22:09:40 - On TransactionImpl creation, JpaCompliance#isJpaTransactionComplianceEnabled == false
2026-04-25 22:09:40 - Closing JDBC container [org.hibernate.engine.jdbc.internal.JdbcCoordinatorImpl@6edb093f]
2026-04-25 22:09:40 - Closing JDBC container [org.hibernate.engine.jdbc.internal.JdbcCoordinatorImpl@7f5c4ff8]
2026-04-25 22:09:40 - On TransactionImpl creation, JpaCompliance#isJpaTransactionComplianceEnabled == false
2026-04-25 22:09:40 - Closing JDBC container [org.hibernate.engine.jdbc.internal.JdbcCoordinatorImpl@55a2ca5e]
2026-04-25 22:09:40 - Closing JDBC container [org.hibernate.engine.jdbc.internal.JdbcCoordinatorImpl@6abca7a6]
2026-04-25 22:09:40 - Unable to locate HQL query plan in cache; generating (SELECT p FROM Page p WHERE p.site.id = :siteId AND p.path = :path)
2026-04-25 22:09:40 - Closing JDBC container [org.hibernate.engine.jdbc.internal.JdbcCoordinatorImpl@45f4c27c]
2026-04-25 22:09:40 - Could not load English OpenNLP models. Will use basic tokenization. Error: Model not found: opennlp/en-sent.bin
2026-04-25 22:09:40 - Russian OpenNLP models not found. Will use basic tokenization for Russian text. Error: Model not found: opennlp/ru-sent.bin
2026-04-25 22:09:41 - spring.jpa.open-in-view is enabled by default. Therefore, database queries may be performed during view rendering. Explicitly configure spring.jpa.open-in-view to disable this warning
2026-04-25 22:09:41 - Adding welcome page template: index
2026-04-25 22:09:42 - Closing JDBC container [org.hibernate.engine.jdbc.internal.JdbcCoordinatorImpl@df0b348]
2026-04-25 22:09:42 - Closing JDBC container [org.hibernate.engine.jdbc.internal.JdbcCoordinatorImpl@18ada4e1]
2026-04-25 22:09:42 - On TransactionImpl creation, JpaCompliance#isJpaTransactionComplianceEnabled == false
2026-04-25 22:09:42 - Closing JDBC container [org.hibernate.engine.jdbc.internal.JdbcCoordinatorImpl@78977b59]
2026-04-25 22:09:42 - Closing JDBC container [org.hibernate.engine.jdbc.internal.JdbcCoordinatorImpl@4bf6bc2d]
2026-04-25 22:09:42 - Unable to locate HQL query plan in cache; generating (SELECT DISTINCT t FROM Topic t JOIN t.topicGroup g WHERE EXISTS (  SELECT 1 FROM g.keyLemmas kl   WHERE kl IN :lemmas))
2026-04-25 22:09:42 - Closing JDBC container [org.hibernate.engine.jdbc.internal.JdbcCoordinatorImpl@52d68eb9]
2026-04-25 22:09:42 - On TransactionImpl creation, JpaCompliance#isJpaTransactionComplianceEnabled == false
2026-04-25 22:09:42 - Closing JDBC container [org.hibernate.engine.jdbc.internal.JdbcCoordinatorImpl@1a557a52]
2026-04-25 22:09:42 - Closing JDBC container [org.hibernate.engine.jdbc.internal.JdbcCoordinatorImpl@4ab959e8]
2026-04-25 22:09:42 - Unable to locate HQL query plan in cache; generating (SELECT t FROM Topic t JOIN FETCH t.site JOIN FETCH t.page WHERE t.topicGroup.id = :groupId ORDER BY t.site.name, t.createdAt DESC)
2026-04-25 22:09:42 - Closing JDBC container [org.hibernate.engine.jdbc.internal.JdbcCoordinatorImpl@5cbf9aee]
2026-04-25 22:09:42 - On TransactionImpl creation, JpaCompliance#isJpaTransactionComplianceEnabled == false
2026-04-25 22:09:42 - Closing JDBC container [org.hibernate.engine.jdbc.internal.JdbcCoordinatorImpl@41c05747]
2026-04-25 22:09:42 - Closing JDBC container [org.hibernate.engine.jdbc.internal.JdbcCoordinatorImpl@64455184]
2026-04-25 22:09:42 - Unable to locate HQL query plan in cache; generating (SELECT g.id, g.title, COUNT(t) as topicCount, COUNT(DISTINCT t.site.id) as siteCount FROM TopicGroup g LEFT JOIN g.topics t GROUP BY g.id, g.title HAVING COUNT(t) >= :minFrequency ORDER BY siteCount DESC, topicCount DESC)
2026-04-25 22:09:42 - Closing JDBC container [org.hibernate.engine.jdbc.internal.JdbcCoordinatorImpl@ba90170]
2026-04-25 22:09:42 - Tomcat started on port(s): 8080 (http) with context path ''
2026-04-25 22:09:42 - Started Application in 9.803 seconds (JVM running for 10.405)
2026-04-25 22:10:06 - HikariPool-1 - Pool stats (total=10, active=0, idle=10, waiting=0)
2026-04-25 22:10:06 - HikariPool-1 - Fill pool skipped, pool is at sufficient level.
2026-04-25 22:10:13 - Initializing Spring DispatcherServlet 'dispatcherServlet'
2026-04-25 22:10:13 - Initializing Servlet 'dispatcherServlet'
2026-04-25 22:10:13 - Completed initialization in 2 ms
2026-04-25 22:10:13 - Closing JDBC container [org.hibernate.engine.jdbc.internal.JdbcCoordinatorImpl@14ac8538]
2026-04-25 22:10:13 - Closing JDBC container [org.hibernate.engine.jdbc.internal.JdbcCoordinatorImpl@5cbf4224]
2026-04-25 22:10:13 - Closing JDBC container [org.hibernate.engine.jdbc.internal.JdbcCoordinatorImpl@472685ab]
2026-04-25 22:10:13 - Closing JDBC container [org.hibernate.engine.jdbc.internal.JdbcCoordinatorImpl@354dbed8]
2026-04-25 22:10:13 - Closing JDBC container [org.hibernate.engine.jdbc.internal.JdbcCoordinatorImpl@8be11f3]
2026-04-25 22:10:13 - Closing JDBC container [org.hibernate.engine.jdbc.internal.JdbcCoordinatorImpl@28ba55b8]
2026-04-25 22:10:13 - Closing JDBC container [org.hibernate.engine.jdbc.internal.JdbcCoordinatorImpl@2bd9a379]
2026-04-25 22:10:13 - Closing JDBC container [org.hibernate.engine.jdbc.internal.JdbcCoordinatorImpl@3f5f21c7]
2026-04-25 22:10:13 - Closing JDBC container [org.hibernate.engine.jdbc.internal.JdbcCoordinatorImpl@7e34cec2]
2026-04-25 22:10:13 - Closing JDBC container [org.hibernate.engine.jdbc.internal.JdbcCoordinatorImpl@5e152118]
2026-04-25 22:10:13 - Closing JDBC container [org.hibernate.engine.jdbc.internal.JdbcCoordinatorImpl@688c863]
2026-04-25 22:10:13 - Closing JDBC container [org.hibernate.engine.jdbc.internal.JdbcCoordinatorImpl@14dbc1b7]
2026-04-25 22:10:13 - Closing JDBC container [org.hibernate.engine.jdbc.internal.JdbcCoordinatorImpl@1466e713]
2026-04-25 22:10:13 - Closing JDBC container [org.hibernate.engine.jdbc.internal.JdbcCoordinatorImpl@110727ca]
2026-04-25 22:10:13 - Closing JDBC container [org.hibernate.engine.jdbc.internal.JdbcCoordinatorImpl@49e1633f]
2026-04-25 22:10:13 - On TransactionImpl creation, JpaCompliance#isJpaTransactionComplianceEnabled == false
2026-04-25 22:10:13 - begin
2026-04-25 22:10:13 - Unable to locate HQL query plan in cache; generating (select count(*) from Site x)
2026-04-25 22:10:13 - Find: select count(*) from Site x
2026-04-25 22:10:13 - Named parameters: {}
2026-04-25 22:10:13 - select count(*) as col_0_0_ from site site0_
2026-04-25 22:10:13 - Registering last query statement [HikariProxyPreparedStatement@81176602 wrapping select count(*) as col_0_0_ from site site0_]
2026-04-25 22:10:13 - Starting after statement execution processing [ON_CLOSE]
2026-04-25 22:10:13 - Initializing non-lazy collections
2026-04-25 22:10:13 - committing
2026-04-25 22:10:13 - begin
2026-04-25 22:10:13 - Unable to locate HQL query plan in cache; generating (select count(*) from Page x)
2026-04-25 22:10:13 - Find: select count(*) from Page x
2026-04-25 22:10:13 - Named parameters: {}
2026-04-25 22:10:13 - select count(*) as col_0_0_ from page page0_
2026-04-25 22:10:13 - Registering last query statement [HikariProxyPreparedStatement@2096709366 wrapping select count(*) as col_0_0_ from page page0_]
2026-04-25 22:10:13 - Starting after statement execution processing [ON_CLOSE]
2026-04-25 22:10:13 - Initializing non-lazy collections
2026-04-25 22:10:13 - committing
2026-04-25 22:10:13 - begin
2026-04-25 22:10:13 - Unable to locate HQL query plan in cache; generating (select count(*) from Lemma x)
2026-04-25 22:10:13 - Find: select count(*) from Lemma x
2026-04-25 22:10:13 - Named parameters: {}
2026-04-25 22:10:13 - select count(*) as col_0_0_ from lemma lemma0_
2026-04-25 22:10:13 - Registering last query statement [HikariProxyPreparedStatement@1743339900 wrapping select count(*) as col_0_0_ from lemma lemma0_]
2026-04-25 22:10:14 - Starting after statement execution processing [ON_CLOSE]
2026-04-25 22:10:14 - Initializing non-lazy collections
2026-04-25 22:10:14 - committing
2026-04-25 22:10:14 - Unable to locate HQL query plan in cache; generating (select generatedAlias0 from Site as generatedAlias0 where generatedAlias0.status=:param0)
2026-04-25 22:10:14 - Find: select generatedAlias0 from Site as generatedAlias0 where generatedAlias0.status=:param0
2026-04-25 22:10:14 - Named parameters: {param0=INDEXED}
2026-04-25 22:10:14 - select site0_.id as id1_3_, site0_.last_error as last_err2_3_, site0_.name as name3_3_, site0_.status as status4_3_, site0_.status_time as status_t5_3_, site0_.url as url6_3_ from site site0_ where site0_.status=?
2026-04-25 22:10:14 - Registering last query statement [HikariProxyPreparedStatement@490628748 wrapping select site0_.id as id1_3_, site0_.last_error as last_err2_3_, site0_.name as name3_3_, site0_.status as status4_3_, site0_.status_time as status_t5_3_, site0_.url as url6_3_ from site site0_ where site0_.status=?]
2026-04-25 22:10:14 - binding parameter [1] as [VARCHAR] - [INDEXED]
2026-04-25 22:10:14 - Starting after statement execution processing [ON_CLOSE]
2026-04-25 22:10:14 - Initializing non-lazy collections
2026-04-25 22:10:14 - begin
2026-04-25 22:10:14 - Unable to locate HQL query plan in cache; generating (select generatedAlias0 from Site as generatedAlias0)
2026-04-25 22:10:14 - Find: select generatedAlias0 from Site as generatedAlias0
2026-04-25 22:10:14 - Named parameters: {}
2026-04-25 22:10:14 - select site0_.id as id1_3_, site0_.last_error as last_err2_3_, site0_.name as name3_3_, site0_.status as status4_3_, site0_.status_time as status_t5_3_, site0_.url as url6_3_ from site site0_
2026-04-25 22:10:14 - Registering last query statement [HikariProxyPreparedStatement@1993106458 wrapping select site0_.id as id1_3_, site0_.last_error as last_err2_3_, site0_.name as name3_3_, site0_.status as status4_3_, site0_.status_time as status_t5_3_, site0_.url as url6_3_ from site site0_]
2026-04-25 22:10:14 - Closing JDBC container [org.hibernate.engine.jdbc.internal.JdbcCoordinatorImpl@7f144485]
2026-04-25 22:10:14 - Closing JDBC container [org.hibernate.engine.jdbc.internal.JdbcCoordinatorImpl@6679329f]
2026-04-25 22:10:14 - Closing JDBC container [org.hibernate.engine.jdbc.internal.JdbcCoordinatorImpl@36a68fb4]
2026-04-25 22:10:14 - Resolving attributes for [searchengine.model.Site#128]
2026-04-25 22:10:14 - Processing attribute `lastError` : value = Индексация остановлена пользователем
2026-04-25 22:10:14 - Attribute (`lastError`)  - enhanced for lazy-loading? - false
2026-04-25 22:10:14 - Processing attribute `name` : value = КИБЕРЛЕНИНКА
2026-04-25 22:10:14 - Attribute (`name`)  - enhanced for lazy-loading? - false
2026-04-25 22:10:14 - Processing attribute `pages` : value = NOT NULL COLLECTION
2026-04-25 22:10:14 - Attribute (`pages`)  - enhanced for lazy-loading? - false
2026-04-25 22:10:14 - Processing attribute `status` : value = FAILED
2026-04-25 22:10:14 - Attribute (`status`)  - enhanced for lazy-loading? - false
2026-04-25 22:10:14 - Processing attribute `statusTime` : value = 2026-04-19T22:03:38.655614
2026-04-25 22:10:14 - Attribute (`statusTime`)  - enhanced for lazy-loading? - false
2026-04-25 22:10:14 - Processing attribute `url` : value = https://cyberleninka.ru/
2026-04-25 22:10:14 - Attribute (`url`)  - enhanced for lazy-loading? - false
2026-04-25 22:10:14 - Done materializing entity [searchengine.model.Site#128]
2026-04-25 22:10:14 - Resolving attributes for [searchengine.model.Site#129]
2026-04-25 22:10:14 - Processing attribute `lastError` : value = Индексация остановлена пользователем
2026-04-25 22:10:14 - Attribute (`lastError`)  - enhanced for lazy-loading? - false
2026-04-25 22:10:14 - Processing attribute `name` : value = Журнал: Аграрная наука
2026-04-25 22:10:14 - Attribute (`name`)  - enhanced for lazy-loading? - false
2026-04-25 22:10:14 - Processing attribute `pages` : value = NOT NULL COLLECTION
2026-04-25 22:10:14 - Attribute (`pages`)  - enhanced for lazy-loading? - false
2026-04-25 22:10:14 - Processing attribute `status` : value = FAILED
2026-04-25 22:10:14 - Attribute (`status`)  - enhanced for lazy-loading? - false
2026-04-25 22:10:14 - Processing attribute `statusTime` : value = 2026-04-19T22:03:38.620442
2026-04-25 22:10:14 - Attribute (`statusTime`)  - enhanced for lazy-loading? - false
2026-04-25 22:10:14 - Processing attribute `url` : value = https://www.vetpress.ru/jour
2026-04-25 22:10:14 - Attribute (`url`)  - enhanced for lazy-loading? - false
2026-04-25 22:10:14 - Done materializing entity [searchengine.model.Site#129]
2026-04-25 22:10:14 - Starting after statement execution processing [ON_CLOSE]
2026-04-25 22:10:14 - Initializing non-lazy collections
2026-04-25 22:10:14 - committing
2026-04-25 22:10:14 - Unable to locate HQL query plan in cache; generating (select count(generatedAlias0) from Page as generatedAlias0 where generatedAlias0.site=:param0)
2026-04-25 22:10:14 - Find: select count(generatedAlias0) from Page as generatedAlias0 where generatedAlias0.site=:param0
2026-04-25 22:10:14 - Named parameters: {param0=searchengine.model.Site#128}
2026-04-25 22:10:14 - select count(page0_.id) as col_0_0_ from page page0_ where page0_.site_id=?
2026-04-25 22:10:14 - Registering last query statement [HikariProxyPreparedStatement@1555782387 wrapping select count(page0_.id) as col_0_0_ from page page0_ where page0_.site_id=?]
2026-04-25 22:10:14 - binding parameter [1] as [INTEGER] - [128]
2026-04-25 22:10:14 - Starting after statement execution processing [ON_CLOSE]
2026-04-25 22:10:14 - Initializing non-lazy collections
2026-04-25 22:10:14 - Unable to locate HQL query plan in cache; generating (select count(generatedAlias0) from Lemma as generatedAlias0 where generatedAlias0.site=:param0)
2026-04-25 22:10:14 - Find: select count(generatedAlias0) from Lemma as generatedAlias0 where generatedAlias0.site=:param0
2026-04-25 22:10:14 - Named parameters: {param0=searchengine.model.Site#128}
2026-04-25 22:10:14 - select count(lemma0_.id) as col_0_0_ from lemma lemma0_ where lemma0_.site_id=?
2026-04-25 22:10:14 - Registering last query statement [HikariProxyPreparedStatement@361405375 wrapping select count(lemma0_.id) as col_0_0_ from lemma lemma0_ where lemma0_.site_id=?]
2026-04-25 22:10:14 - binding parameter [1] as [INTEGER] - [128]
2026-04-25 22:10:14 - Starting after statement execution processing [ON_CLOSE]
2026-04-25 22:10:14 - Initializing non-lazy collections
2026-04-25 22:10:14 - Unable to locate HQL query plan in cache; generating (select count(generatedAlias0) from Topic as generatedAlias0 left join generatedAlias0.site as generatedAlias1 where generatedAlias1.id=:param0)
2026-04-25 22:10:14 - Find: select count(generatedAlias0) from Topic as generatedAlias0 left join generatedAlias0.site as generatedAlias1 where generatedAlias1.id=:param0
2026-04-25 22:10:14 - Named parameters: {param0=128}
2026-04-25 22:10:14 - select count(topic0_.id) as col_0_0_ from topic topic0_ left outer join site site1_ on topic0_.site_id=site1_.id where site1_.id=?
2026-04-25 22:10:14 - Registering last query statement [HikariProxyPreparedStatement@348655568 wrapping select count(topic0_.id) as col_0_0_ from topic topic0_ left outer join site site1_ on topic0_.site_id=site1_.id where site1_.id=?]
2026-04-25 22:10:14 - binding parameter [1] as [INTEGER] - [128]
2026-04-25 22:10:14 - Starting after statement execution processing [ON_CLOSE]
2026-04-25 22:10:14 - Initializing non-lazy collections
2026-04-25 22:10:14 - Located HQL query plan in cache (select count(generatedAlias0) from Page as generatedAlias0 where generatedAlias0.site=:param0)
2026-04-25 22:10:14 - Find: select count(generatedAlias0) from Page as generatedAlias0 where generatedAlias0.site=:param0
2026-04-25 22:10:14 - Named parameters: {param0=searchengine.model.Site#129}
2026-04-25 22:10:14 - select count(page0_.id) as col_0_0_ from page page0_ where page0_.site_id=?
2026-04-25 22:10:14 - Registering last query statement [HikariProxyPreparedStatement@78983098 wrapping select count(page0_.id) as col_0_0_ from page page0_ where page0_.site_id=?]
2026-04-25 22:10:14 - binding parameter [1] as [INTEGER] - [129]
2026-04-25 22:10:14 - Starting after statement execution processing [ON_CLOSE]
2026-04-25 22:10:14 - Initializing non-lazy collections
2026-04-25 22:10:14 - Located HQL query plan in cache (select count(generatedAlias0) from Lemma as generatedAlias0 where generatedAlias0.site=:param0)
2026-04-25 22:10:14 - Find: select count(generatedAlias0) from Lemma as generatedAlias0 where generatedAlias0.site=:param0
2026-04-25 22:10:14 - Named parameters: {param0=searchengine.model.Site#129}
2026-04-25 22:10:14 - select count(lemma0_.id) as col_0_0_ from lemma lemma0_ where lemma0_.site_id=?
2026-04-25 22:10:14 - Registering last query statement [HikariProxyPreparedStatement@1618971609 wrapping select count(lemma0_.id) as col_0_0_ from lemma lemma0_ where lemma0_.site_id=?]
2026-04-25 22:10:14 - binding parameter [1] as [INTEGER] - [129]
2026-04-25 22:10:14 - Starting after statement execution processing [ON_CLOSE]
2026-04-25 22:10:14 - Initializing non-lazy collections
2026-04-25 22:10:14 - Located HQL query plan in cache (select count(generatedAlias0) from Topic as generatedAlias0 left join generatedAlias0.site as generatedAlias1 where generatedAlias1.id=:param0)
2026-04-25 22:10:14 - Find: select count(generatedAlias0) from Topic as generatedAlias0 left join generatedAlias0.site as generatedAlias1 where generatedAlias1.id=:param0
2026-04-25 22:10:14 - Named parameters: {param0=129}
2026-04-25 22:10:14 - select count(topic0_.id) as col_0_0_ from topic topic0_ left outer join site site1_ on topic0_.site_id=site1_.id where site1_.id=?
2026-04-25 22:10:14 - Registering last query statement [HikariProxyPreparedStatement@1102331655 wrapping select count(topic0_.id) as col_0_0_ from topic topic0_ left outer join site site1_ on topic0_.site_id=site1_.id where site1_.id=?]
2026-04-25 22:10:14 - binding parameter [1] as [INTEGER] - [129]
2026-04-25 22:10:14 - Starting after statement execution processing [ON_CLOSE]
2026-04-25 22:10:14 - Initializing non-lazy collections
2026-04-25 22:10:14 - Closing JDBC container [org.hibernate.engine.jdbc.internal.JdbcCoordinatorImpl@bb46fcb]
2026-04-25 22:10:14 - Closing JDBC container [org.hibernate.engine.jdbc.internal.JdbcCoordinatorImpl@41cea9d7]
2026-04-25 22:10:36 - HikariPool-1 - Pool stats (total=10, active=0, idle=10, waiting=0)
2026-04-25 22:10:36 - HikariPool-1 - Fill pool skipped, pool is at sufficient level.
2026-04-25 22:11:06 - HikariPool-1 - Pool stats (total=10, active=0, idle=10, waiting=0)
2026-04-25 22:11:06 - HikariPool-1 - Fill pool skipped, pool is at sufficient level.
2026-04-25 22:11:36 - HikariPool-1 - Pool stats (total=10, active=0, idle=10, waiting=0)
2026-04-25 22:11:36 - HikariPool-1 - Fill pool skipped, pool is at sufficient level.
2026-04-25 22:12:06 - HikariPool-1 - Pool stats (total=10, active=0, idle=10, waiting=0)
2026-04-25 22:12:06 - HikariPool-1 - Fill pool skipped, pool is at sufficient level.
2026-04-25 22:12:36 - HikariPool-1 - Pool stats (total=10, active=0, idle=10, waiting=0)
2026-04-25 22:12:36 - HikariPool-1 - Fill pool skipped, pool is at sufficient level.
2026-04-25 22:12:45 - Closing JPA EntityManagerFactory for persistence unit 'default'
2026-04-25 22:12:45 - Cleaning QueryPlan Cache
2026-04-25 22:12:45 - HikariPool-1 - Shutdown initiated...
2026-04-25 22:12:45 - HikariPool-1 - Before shutdown stats (total=10, active=0, idle=10, waiting=0)
2026-04-25 22:12:45 - HikariPool-1 - Closing connection org.postgresql.jdbc.PgConnection@1e3f86d5: (connection evicted)
2026-04-25 22:12:45 - HikariPool-1 - Closing connection org.postgresql.jdbc.PgConnection@7a1e945f: (connection evicted)
2026-04-25 22:12:45 - HikariPool-1 - Closing connection org.postgresql.jdbc.PgConnection@3f1c0578: (connection evicted)
2026-04-25 22:12:45 - HikariPool-1 - Closing connection org.postgresql.jdbc.PgConnection@5b0881: (connection evicted)
2026-04-25 22:12:45 - HikariPool-1 - Closing connection org.postgresql.jdbc.PgConnection@5f33fa37: (connection evicted)
2026-04-25 22:12:45 - HikariPool-1 - Closing connection org.postgresql.jdbc.PgConnection@3faf6f0: (connection evicted)
2026-04-25 22:12:45 - HikariPool-1 - Closing connection org.postgresql.jdbc.PgConnection@43986541: (connection evicted)
2026-04-25 22:12:45 - HikariPool-1 - Closing connection org.postgresql.jdbc.PgConnection@1b5f62b3: (connection evicted)
2026-04-25 22:12:45 - HikariPool-1 - Closing connection org.postgresql.jdbc.PgConnection@5b7dc1ad: (connection evicted)
2026-04-25 22:12:45 - HikariPool-1 - Closing connection org.postgresql.jdbc.PgConnection@f64e144: (connection evicted)
2026-04-25 22:12:45 - HikariPool-1 - After shutdown stats (total=0, active=0, idle=0, waiting=0)
2026-04-25 22:12:45 - HikariPool-1 - Shutdown completed.
2026-04-25 23:34:58 - Starting Application using Java 17.0.17 on DESKTOP-STM7KQV with PID 22348 (C:\Users\User\IdeaProjects\themes\Searchengine_1\target\classes started by User in C:\Users\User\IdeaProjects\themes)
2026-04-25 23:34:58 - No active profile set, falling back to 1 default profile: "default"
2026-04-25 23:34:59 - Bootstrapping Spring Data JPA repositories in DEFAULT mode.
2026-04-25 23:34:59 - Finished Spring Data repository scanning in 177 ms. Found 7 JPA repository interfaces.
2026-04-25 23:35:00 - Tomcat initialized with port(s): 8080 (http)
2026-04-25 23:35:00 - Starting service [Tomcat]
2026-04-25 23:35:00 - Starting Servlet engine: [Apache Tomcat/9.0.64]
2026-04-25 23:35:00 - Initializing Spring embedded WebApplicationContext
2026-04-25 23:35:00 - Root WebApplicationContext: initialization completed in 2154 ms
2026-04-25 23:35:00 - Driver class org.postgresql.Driver found in Thread context class loader jdk.internal.loader.ClassLoaders$AppClassLoader@1d44bcfa
2026-04-25 23:35:01 - HikariPool-1 - configuration:
2026-04-25 23:35:01 - allowPoolSuspension................................false
2026-04-25 23:35:01 - autoCommit................................true
2026-04-25 23:35:01 - catalog................................none
2026-04-25 23:35:01 - connectionInitSql................................none
2026-04-25 23:35:01 - connectionTestQuery................................none
2026-04-25 23:35:01 - connectionTimeout................................30000
2026-04-25 23:35:01 - dataSource................................none
2026-04-25 23:35:01 - dataSourceClassName................................none
2026-04-25 23:35:01 - dataSourceJNDI................................none
2026-04-25 23:35:01 - dataSourceProperties................................{password=<masked>}
2026-04-25 23:35:01 - driverClassName................................"org.postgresql.Driver"
2026-04-25 23:35:01 - exceptionOverrideClassName................................none
2026-04-25 23:35:01 - healthCheckProperties................................{}
2026-04-25 23:35:01 - healthCheckRegistry................................none
2026-04-25 23:35:01 - idleTimeout................................600000
2026-04-25 23:35:01 - initializationFailTimeout................................1
2026-04-25 23:35:01 - isolateInternalQueries................................false
2026-04-25 23:35:01 - jdbcUrl................................jdbc:postgresql://localhost:5432/postgres
2026-04-25 23:35:01 - keepaliveTime................................0
2026-04-25 23:35:01 - leakDetectionThreshold................................0
2026-04-25 23:35:01 - maxLifetime................................1800000
2026-04-25 23:35:01 - maximumPoolSize................................10
2026-04-25 23:35:01 - metricRegistry................................none
2026-04-25 23:35:01 - metricsTrackerFactory................................none
2026-04-25 23:35:01 - minimumIdle................................10
2026-04-25 23:35:01 - password................................<masked>
2026-04-25 23:35:01 - poolName................................"HikariPool-1"
2026-04-25 23:35:01 - readOnly................................false
2026-04-25 23:35:01 - registerMbeans................................false
2026-04-25 23:35:01 - scheduledExecutor................................none
2026-04-25 23:35:01 - schema................................none
2026-04-25 23:35:01 - threadFactory................................internal
2026-04-25 23:35:01 - transactionIsolation................................default
2026-04-25 23:35:01 - username................................"postgres"
2026-04-25 23:35:01 - validationTimeout................................5000
2026-04-25 23:35:01 - HikariPool-1 - Starting...
2026-04-25 23:35:01 - HikariPool-1 - Added connection org.postgresql.jdbc.PgConnection@320be73
2026-04-25 23:35:01 - HikariPool-1 - Start completed.
2026-04-25 23:35:01 - HikariPool-1 - Pool stats (total=1, active=1, idle=0, waiting=0)
2026-04-25 23:35:01 - HikariPool-1 - Added connection org.postgresql.jdbc.PgConnection@320530b7
2026-04-25 23:35:01 - Set default schema name to public
2026-04-25 23:35:01 - HikariPool-1 - Added connection org.postgresql.jdbc.PgConnection@7707a893
2026-04-25 23:35:01 - HikariPool-1 - Added connection org.postgresql.jdbc.PgConnection@5da13fcb
2026-04-25 23:35:01 - HikariPool-1 - Added connection org.postgresql.jdbc.PgConnection@172857dc
2026-04-25 23:35:01 - Successfully acquired change log lock
2026-04-25 23:35:01 - HikariPool-1 - Added connection org.postgresql.jdbc.PgConnection@5fa5ba0
2026-04-25 23:35:01 - HikariPool-1 - Added connection org.postgresql.jdbc.PgConnection@122e2f1b
2026-04-25 23:35:01 - HikariPool-1 - Added connection org.postgresql.jdbc.PgConnection@46a515f2
2026-04-25 23:35:01 - HikariPool-1 - Added connection org.postgresql.jdbc.PgConnection@13662c4d
2026-04-25 23:35:01 - HikariPool-1 - Added connection org.postgresql.jdbc.PgConnection@441642da
2026-04-25 23:35:01 - HikariPool-1 - After adding stats (total=10, active=1, idle=9, waiting=0)
2026-04-25 23:35:02 - Reading from public.databasechangelog
2026-04-25 23:35:02 - Successfully released change log lock
2026-04-25 23:35:02 - HHH000204: Processing PersistenceUnitInfo [name: default]
2026-04-25 23:35:02 - HHH000412: Hibernate ORM core version 5.6.9.Final
2026-04-25 23:35:03 - HCANN000001: Hibernate Commons Annotations {5.1.2.Final}
2026-04-25 23:35:03 - Database ->
       name : PostgreSQL
    version : 18.1
      major : 18
      minor : 1
2026-04-25 23:35:03 - Driver ->
       name : PostgreSQL JDBC Driver
    version : 42.3.6
      major : 42
      minor : 3
2026-04-25 23:35:03 - JDBC version : 4.2
2026-04-25 23:35:03 - HHH000400: Using dialect: org.hibernate.dialect.PostgreSQLDialect
2026-04-25 23:35:03 - JDBC driver metadata reported database stores quoted identifiers in neither upper, lower nor mixed case
2026-04-25 23:35:03 - Normalizing identifier quoting [postgres]
2026-04-25 23:35:03 - Normalizing identifier quoting [public]
2026-04-25 23:35:03 - Normalizing identifier quoting [DTYPE]
2026-04-25 23:35:03 - Normalizing identifier quoting [lemma]
2026-04-25 23:35:03 - Normalizing identifier quoting [lemma]
2026-04-25 23:35:03 - Normalizing identifier quoting [id]
2026-04-25 23:35:03 - Normalizing identifier quoting [id]
2026-04-25 23:35:03 - Normalizing identifier quoting [id]
2026-04-25 23:35:03 - Normalizing identifier quoting [id]
2026-04-25 23:35:03 - Normalizing identifier quoting [id]
2026-04-25 23:35:03 - Normalizing identifier quoting [frequency]
2026-04-25 23:35:03 - Normalizing identifier quoting [frequency]
2026-04-25 23:35:03 - Normalizing identifier quoting [frequency]
2026-04-25 23:35:03 - Normalizing identifier quoting [frequency]
2026-04-25 23:35:03 - Normalizing identifier quoting [frequency]
2026-04-25 23:35:03 - Normalizing identifier quoting [lemma]
2026-04-25 23:35:03 - Normalizing identifier quoting [lemma]
2026-04-25 23:35:03 - Normalizing identifier quoting [lemma]
2026-04-25 23:35:03 - Normalizing identifier quoting [lemma]
2026-04-25 23:35:03 - Normalizing identifier quoting [lemma]
2026-04-25 23:35:03 - Normalizing identifier quoting [searchIndexes]
2026-04-25 23:35:03 - Normalizing identifier quoting [searchIndexes]
2026-04-25 23:35:03 - Normalizing identifier quoting [element]
2026-04-25 23:35:03 - Normalizing identifier quoting [element]
2026-04-25 23:35:03 - Normalizing identifier quoting [searchIndexes_KEY]
2026-04-25 23:35:03 - Normalizing identifier quoting [searchIndexes_KEY]
2026-04-25 23:35:03 - Normalizing identifier quoting [site_id]
2026-04-25 23:35:03 - Normalizing identifier quoting [site]
2026-04-25 23:35:03 - Normalizing identifier quoting [site]
2026-04-25 23:35:03 - Normalizing identifier quoting [DTYPE]
2026-04-25 23:35:03 - Normalizing identifier quoting [page]
2026-04-25 23:35:03 - Normalizing identifier quoting [page]
2026-04-25 23:35:03 - Normalizing identifier quoting [id]
2026-04-25 23:35:03 - Normalizing identifier quoting [id]
2026-04-25 23:35:03 - Normalizing identifier quoting [id]
2026-04-25 23:35:03 - Normalizing identifier quoting [id]
2026-04-25 23:35:03 - Normalizing identifier quoting [id]
2026-04-25 23:35:03 - Normalizing identifier quoting [code]
2026-04-25 23:35:03 - Normalizing identifier quoting [code]
2026-04-25 23:35:03 - Normalizing identifier quoting [code]
2026-04-25 23:35:03 - Normalizing identifier quoting [code]
2026-04-25 23:35:03 - Normalizing identifier quoting [code]
2026-04-25 23:35:03 - Normalizing identifier quoting [content]
2026-04-25 23:35:03 - Normalizing identifier quoting [content]
2026-04-25 23:35:03 - Normalizing identifier quoting [content]
2026-04-25 23:35:03 - Normalizing identifier quoting [content]
2026-04-25 23:35:03 - Normalizing identifier quoting [content]
2026-04-25 23:35:03 - Normalizing identifier quoting [path]
2026-04-25 23:35:03 - Normalizing identifier quoting [path]
2026-04-25 23:35:03 - Normalizing identifier quoting [path]
2026-04-25 23:35:03 - Normalizing identifier quoting [path]
2026-04-25 23:35:03 - Normalizing identifier quoting [path]
2026-04-25 23:35:03 - Normalizing identifier quoting [site_id]
2026-04-25 23:35:03 - Normalizing identifier quoting [site]
2026-04-25 23:35:03 - Normalizing identifier quoting [site]
2026-04-25 23:35:03 - Normalizing identifier quoting [topic_count]
2026-04-25 23:35:03 - Normalizing identifier quoting [topic_count]
2026-04-25 23:35:03 - Normalizing identifier quoting [topic_count]
2026-04-25 23:35:03 - Normalizing identifier quoting [topics]
2026-04-25 23:35:03 - Normalizing identifier quoting [topics]
2026-04-25 23:35:03 - Normalizing identifier quoting [element]
2026-04-25 23:35:03 - Normalizing identifier quoting [element]
2026-04-25 23:35:03 - Normalizing identifier quoting [topics_KEY]
2026-04-25 23:35:03 - Normalizing identifier quoting [topics_KEY]
2026-04-25 23:35:03 - Normalizing identifier quoting [DTYPE]
2026-04-25 23:35:03 - Normalizing identifier quoting [search_index]
2026-04-25 23:35:03 - Normalizing identifier quoting [search_index]
2026-04-25 23:35:03 - Normalizing identifier quoting [id]
2026-04-25 23:35:03 - Normalizing identifier quoting [id]
2026-04-25 23:35:03 - Normalizing identifier quoting [id]
2026-04-25 23:35:03 - Normalizing identifier quoting [id]
2026-04-25 23:35:03 - Normalizing identifier quoting [id]
2026-04-25 23:35:03 - Normalizing identifier quoting [lemma_id]
2026-04-25 23:35:03 - Normalizing identifier quoting [lemma]
2026-04-25 23:35:03 - Normalizing identifier quoting [lemma]
2026-04-25 23:35:03 - Normalizing identifier quoting [page_id]
2026-04-25 23:35:03 - Normalizing identifier quoting [page]
2026-04-25 23:35:03 - Normalizing identifier quoting [page]
2026-04-25 23:35:03 - Normalizing identifier quoting [ranking]
2026-04-25 23:35:03 - Normalizing identifier quoting [ranking]
2026-04-25 23:35:03 - Normalizing identifier quoting [ranking]
2026-04-25 23:35:03 - Normalizing identifier quoting [ranking]
2026-04-25 23:35:03 - Normalizing identifier quoting [ranking]
2026-04-25 23:35:03 - Normalizing identifier quoting [DTYPE]
2026-04-25 23:35:03 - Normalizing identifier quoting [Site]
2026-04-25 23:35:03 - Normalizing identifier quoting [Site]
2026-04-25 23:35:03 - Normalizing identifier quoting [id]
2026-04-25 23:35:03 - Normalizing identifier quoting [id]
2026-04-25 23:35:03 - Normalizing identifier quoting [id]
2026-04-25 23:35:03 - Normalizing identifier quoting [id]
2026-04-25 23:35:03 - Normalizing identifier quoting [id]
2026-04-25 23:35:03 - Normalizing identifier quoting [lastError]
2026-04-25 23:35:03 - Normalizing identifier quoting [lastError]
2026-04-25 23:35:03 - Normalizing identifier quoting [lastError]
2026-04-25 23:35:03 - Normalizing identifier quoting [lastError]
2026-04-25 23:35:03 - Normalizing identifier quoting [lastError]
2026-04-25 23:35:03 - Normalizing identifier quoting [name]
2026-04-25 23:35:03 - Normalizing identifier quoting [name]
2026-04-25 23:35:03 - Normalizing identifier quoting [name]
2026-04-25 23:35:03 - Normalizing identifier quoting [name]
2026-04-25 23:35:03 - Normalizing identifier quoting [name]
2026-04-25 23:35:03 - Normalizing identifier quoting [pages]
2026-04-25 23:35:03 - Normalizing identifier quoting [pages]
2026-04-25 23:35:03 - Normalizing identifier quoting [element]
2026-04-25 23:35:03 - Normalizing identifier quoting [element]
2026-04-25 23:35:03 - Normalizing identifier quoting [pages_KEY]
2026-04-25 23:35:03 - Normalizing identifier quoting [pages_KEY]
2026-04-25 23:35:03 - Normalizing identifier quoting [status]
2026-04-25 23:35:03 - Normalizing identifier quoting [status]
2026-04-25 23:35:03 - Normalizing identifier quoting [status]
2026-04-25 23:35:03 - Normalizing identifier quoting [status]
2026-04-25 23:35:03 - Normalizing identifier quoting [status]
2026-04-25 23:35:03 - Normalizing identifier quoting [statusTime]
2026-04-25 23:35:03 - Normalizing identifier quoting [statusTime]
2026-04-25 23:35:03 - Normalizing identifier quoting [statusTime]
2026-04-25 23:35:03 - Normalizing identifier quoting [statusTime]
2026-04-25 23:35:03 - Normalizing identifier quoting [statusTime]
2026-04-25 23:35:03 - Normalizing identifier quoting [url]
2026-04-25 23:35:03 - Normalizing identifier quoting [url]
2026-04-25 23:35:03 - Normalizing identifier quoting [url]
2026-04-25 23:35:03 - Normalizing identifier quoting [url]
2026-04-25 23:35:03 - Normalizing identifier quoting [url]
2026-04-25 23:35:03 - Normalizing identifier quoting [DTYPE]
2026-04-25 23:35:03 - Normalizing identifier quoting [topic]
2026-04-25 23:35:03 - Normalizing identifier quoting [topic]
2026-04-25 23:35:03 - Normalizing identifier quoting [id]
2026-04-25 23:35:03 - Normalizing identifier quoting [id]
2026-04-25 23:35:03 - Normalizing identifier quoting [id]
2026-04-25 23:35:03 - Normalizing identifier quoting [id]
2026-04-25 23:35:03 - Normalizing identifier quoting [id]
2026-04-25 23:35:03 - Normalizing identifier quoting [content]
2026-04-25 23:35:03 - Normalizing identifier quoting [content]
2026-04-25 23:35:03 - Normalizing identifier quoting [content]
2026-04-25 23:35:03 - Normalizing identifier quoting [created_at]
2026-04-25 23:35:03 - Normalizing identifier quoting [created_at]
2026-04-25 23:35:03 - Normalizing identifier quoting [created_at]
2026-04-25 23:35:03 - Normalizing identifier quoting [lemma_count]
2026-04-25 23:35:03 - Normalizing identifier quoting [lemma_count]
2026-04-25 23:35:03 - Normalizing identifier quoting [lemma_count]
2026-04-25 23:35:03 - Normalizing identifier quoting [order_num]
2026-04-25 23:35:03 - Normalizing identifier quoting [order_num]
2026-04-25 23:35:03 - Normalizing identifier quoting [order_num]
2026-04-25 23:35:03 - Normalizing identifier quoting [page_id]
2026-04-25 23:35:03 - Normalizing identifier quoting [page]
2026-04-25 23:35:03 - Normalizing identifier quoting [page]
2026-04-25 23:35:03 - Normalizing identifier quoting [site_id]
2026-04-25 23:35:03 - Normalizing identifier quoting [site]
2026-04-25 23:35:03 - Normalizing identifier quoting [site]
2026-04-25 23:35:03 - Normalizing identifier quoting [title]
2026-04-25 23:35:03 - Normalizing identifier quoting [title]
2026-04-25 23:35:03 - Normalizing identifier quoting [title]
2026-04-25 23:35:03 - Normalizing identifier quoting [topic_group_id]
2026-04-25 23:35:03 - Normalizing identifier quoting [topicGroup]
2026-04-25 23:35:03 - Normalizing identifier quoting [topicGroup]
2026-04-25 23:35:03 - Normalizing identifier quoting [DTYPE]
2026-04-25 23:35:03 - Normalizing identifier quoting [topic_group]
2026-04-25 23:35:03 - Normalizing identifier quoting [topic_group]
2026-04-25 23:35:03 - Normalizing identifier quoting [id]
2026-04-25 23:35:03 - Normalizing identifier quoting [id]
2026-04-25 23:35:03 - Normalizing identifier quoting [id]
2026-04-25 23:35:03 - Normalizing identifier quoting [id]
2026-04-25 23:35:03 - Normalizing identifier quoting [id]
2026-04-25 23:35:03 - Normalizing identifier quoting [content_summary]
2026-04-25 23:35:03 - Normalizing identifier quoting [content_summary]
2026-04-25 23:35:03 - Normalizing identifier quoting [content_summary]
2026-04-25 23:35:03 - Normalizing identifier quoting [frequency]
2026-04-25 23:35:03 - Normalizing identifier quoting [frequency]
2026-04-25 23:35:03 - Normalizing identifier quoting [frequency]
2026-04-25 23:35:03 - Normalizing identifier quoting [lemma]
2026-04-25 23:35:03 - Normalizing identifier quoting [lemma]
2026-04-25 23:35:03 - Normalizing identifier quoting [lemma]
2026-04-25 23:35:03 - Normalizing identifier quoting [lemma]
2026-04-25 23:35:03 - Normalizing identifier quoting [keyLemmas_KEY]
2026-04-25 23:35:03 - Normalizing identifier quoting [keyLemmas_KEY]
2026-04-25 23:35:03 - Normalizing identifier quoting [topic_group_id]
2026-04-25 23:35:03 - Normalizing identifier quoting [site_count]
2026-04-25 23:35:03 - Normalizing identifier quoting [site_count]
2026-04-25 23:35:03 - Normalizing identifier quoting [site_count]
2026-04-25 23:35:03 - Normalizing identifier quoting [title]
2026-04-25 23:35:03 - Normalizing identifier quoting [title]
2026-04-25 23:35:03 - Normalizing identifier quoting [title]
2026-04-25 23:35:03 - Normalizing identifier quoting [topics]
2026-04-25 23:35:03 - Normalizing identifier quoting [topics]
2026-04-25 23:35:03 - Normalizing identifier quoting [element]
2026-04-25 23:35:03 - Normalizing identifier quoting [element]
2026-04-25 23:35:03 - Normalizing identifier quoting [topics_KEY]
2026-04-25 23:35:03 - Normalizing identifier quoting [topics_KEY]
2026-04-25 23:35:03 - Normalizing identifier quoting [site_id]
2026-04-25 23:35:03 - Normalizing identifier quoting [null]
2026-04-25 23:35:03 - Normalizing identifier quoting [site_id]
2026-04-25 23:35:03 - Normalizing identifier quoting [site_id]
2026-04-25 23:35:03 - Normalizing identifier quoting [site_id]
2026-04-25 23:35:03 - Normalizing identifier quoting [null]
2026-04-25 23:35:03 - Normalizing identifier quoting [site_id]
2026-04-25 23:35:03 - Normalizing identifier quoting [site_id]
2026-04-25 23:35:03 - Normalizing identifier quoting [lemma_id]
2026-04-25 23:35:03 - Normalizing identifier quoting [null]
2026-04-25 23:35:03 - Normalizing identifier quoting [lemma_id]
2026-04-25 23:35:03 - Normalizing identifier quoting [lemma_id]
2026-04-25 23:35:03 - Normalizing identifier quoting [page_id]
2026-04-25 23:35:03 - Normalizing identifier quoting [null]
2026-04-25 23:35:03 - Normalizing identifier quoting [page_id]
2026-04-25 23:35:03 - Normalizing identifier quoting [page_id]
2026-04-25 23:35:03 - Normalizing identifier quoting [page_id]
2026-04-25 23:35:03 - Normalizing identifier quoting [null]
2026-04-25 23:35:03 - Normalizing identifier quoting [page_id]
2026-04-25 23:35:03 - Normalizing identifier quoting [page_id]
2026-04-25 23:35:03 - Normalizing identifier quoting [site_id]
2026-04-25 23:35:03 - Normalizing identifier quoting [null]
2026-04-25 23:35:03 - Normalizing identifier quoting [site_id]
2026-04-25 23:35:03 - Normalizing identifier quoting [site_id]
2026-04-25 23:35:03 - Normalizing identifier quoting [topic_group_id]
2026-04-25 23:35:03 - Normalizing identifier quoting [null]
2026-04-25 23:35:03 - Normalizing identifier quoting [topic_group_id]
2026-04-25 23:35:03 - Normalizing identifier quoting [topic_group_id]
2026-04-25 23:35:03 - Normalizing identifier quoting [null]
2026-04-25 23:35:03 - Normalizing identifier quoting [topic_group_key_lemmas]
2026-04-25 23:35:03 - Normalizing identifier quoting [topic_group_key_lemmas]
2026-04-25 23:35:03 - Normalizing identifier quoting [topic_group_id]
2026-04-25 23:35:03 - Normalizing identifier quoting [null]
2026-04-25 23:35:03 - Normalizing identifier quoting [topic_group_id]
2026-04-25 23:35:03 - Normalizing identifier quoting [topic_group_id]
2026-04-25 23:35:03 - Normalizing identifier quoting [lemma]
2026-04-25 23:35:03 - Normalizing identifier quoting [site_id]
2026-04-25 23:35:03 - Normalizing identifier quoting [site_id]
2026-04-25 23:35:03 - Normalizing identifier quoting [FKj2jx0gqa4h7wg8ls0k3y221h2]
2026-04-25 23:35:03 - Normalizing identifier quoting [lemma_id]
2026-04-25 23:35:03 - Normalizing identifier quoting [FKn7ndggxsrpg4j41c1ak3qaemc]
2026-04-25 23:35:03 - Normalizing identifier quoting [page_id]
2026-04-25 23:35:03 - Normalizing identifier quoting [FKiqwaooudm7lmmj97li1y42l5r]
2026-04-25 23:35:03 - Normalizing identifier quoting [page_id]
2026-04-25 23:35:03 - Normalizing identifier quoting [site_id]
2026-04-25 23:35:03 - Normalizing identifier quoting [topic_group_id]
2026-04-25 23:35:03 - Normalizing identifier quoting [topic_group_id]
2026-04-25 23:35:03 - Normalizing identifier quoting [FKm7pwxka586fwpcpn6jv7ajp92]
2026-04-25 23:35:03 - Normalizing identifier quoting [lemma]
2026-04-25 23:35:03 - Normalizing identifier quoting [site_id]
2026-04-25 23:35:03 - Normalizing identifier quoting [lemma]
2026-04-25 23:35:03 - Normalizing identifier quoting [site_id]
2026-04-25 23:35:03 - Normalizing identifier quoting [UK7ogalxpu2t6pogbj8sbbpk0of]
2026-04-25 23:35:03 - Normalizing identifier quoting [path]
2026-04-25 23:35:03 - Normalizing identifier quoting [site_id]
2026-04-25 23:35:03 - Normalizing identifier quoting [site_id]
2026-04-25 23:35:03 - Normalizing identifier quoting [lemma_id]
2026-04-25 23:35:03 - Normalizing identifier quoting [page_id]
2026-04-25 23:35:03 - Normalizing identifier quoting [page_id]
2026-04-25 23:35:03 - Normalizing identifier quoting [site_id]
2026-04-25 23:35:03 - Normalizing identifier quoting [topic_group_id]
2026-04-25 23:35:03 - Normalizing identifier quoting [topic_group_id]
2026-04-25 23:35:03 - Normalizing identifier quoting [path]
2026-04-25 23:35:03 - Normalizing identifier quoting [null]
2026-04-25 23:35:03 - HHH000490: Using JtaPlatform implementation: [org.hibernate.engine.transaction.jta.platform.internal.NoJtaPlatform]
2026-04-25 23:35:03 - Initialized JPA EntityManagerFactory for persistence unit 'default'
2026-04-25 23:35:04 - Closing JDBC container [org.hibernate.engine.jdbc.internal.JdbcCoordinatorImpl@59263f7b]
2026-04-25 23:35:04 - Closing JDBC container [org.hibernate.engine.jdbc.internal.JdbcCoordinatorImpl@7cab8d52]
2026-04-25 23:35:04 - Closing JDBC container [org.hibernate.engine.jdbc.internal.JdbcCoordinatorImpl@19d3f4fb]
2026-04-25 23:35:04 - On TransactionImpl creation, JpaCompliance#isJpaTransactionComplianceEnabled == false
2026-04-25 23:35:04 - Closing JDBC container [org.hibernate.engine.jdbc.internal.JdbcCoordinatorImpl@16279a5d]
2026-04-25 23:35:04 - Closing JDBC container [org.hibernate.engine.jdbc.internal.JdbcCoordinatorImpl@6d387e9b]
2026-04-25 23:35:04 - Unable to locate HQL query plan in cache; generating (SELECT t FROM Topic t WHERE t.topicGroup IS NULL)
2026-04-25 23:35:04 - Closing JDBC container [org.hibernate.engine.jdbc.internal.JdbcCoordinatorImpl@73a88711]
2026-04-25 23:35:04 - On TransactionImpl creation, JpaCompliance#isJpaTransactionComplianceEnabled == false
2026-04-25 23:35:04 - Closing JDBC container [org.hibernate.engine.jdbc.internal.JdbcCoordinatorImpl@247415be]
2026-04-25 23:35:04 - Closing JDBC container [org.hibernate.engine.jdbc.internal.JdbcCoordinatorImpl@1e987f59]
2026-04-25 23:35:04 - On TransactionImpl creation, JpaCompliance#isJpaTransactionComplianceEnabled == false
2026-04-25 23:35:04 - Closing JDBC container [org.hibernate.engine.jdbc.internal.JdbcCoordinatorImpl@cbaabfb]
2026-04-25 23:35:04 - Closing JDBC container [org.hibernate.engine.jdbc.internal.JdbcCoordinatorImpl@48614fb3]
2026-04-25 23:35:04 - On TransactionImpl creation, JpaCompliance#isJpaTransactionComplianceEnabled == false
2026-04-25 23:35:04 - Closing JDBC container [org.hibernate.engine.jdbc.internal.JdbcCoordinatorImpl@44bd7f24]
2026-04-25 23:35:04 - Closing JDBC container [org.hibernate.engine.jdbc.internal.JdbcCoordinatorImpl@6e3acd7]
2026-04-25 23:35:04 - On TransactionImpl creation, JpaCompliance#isJpaTransactionComplianceEnabled == false
2026-04-25 23:35:04 - Closing JDBC container [org.hibernate.engine.jdbc.internal.JdbcCoordinatorImpl@738153d8]
2026-04-25 23:35:04 - Closing JDBC container [org.hibernate.engine.jdbc.internal.JdbcCoordinatorImpl@6db2a260]
2026-04-25 23:35:04 - On TransactionImpl creation, JpaCompliance#isJpaTransactionComplianceEnabled == false
2026-04-25 23:35:04 - Closing JDBC container [org.hibernate.engine.jdbc.internal.JdbcCoordinatorImpl@6e70861]
2026-04-25 23:35:04 - Closing JDBC container [org.hibernate.engine.jdbc.internal.JdbcCoordinatorImpl@2bf2523f]
2026-04-25 23:35:04 - On TransactionImpl creation, JpaCompliance#isJpaTransactionComplianceEnabled == false
2026-04-25 23:35:04 - Closing JDBC container [org.hibernate.engine.jdbc.internal.JdbcCoordinatorImpl@4d73d3d1]
2026-04-25 23:35:04 - Closing JDBC container [org.hibernate.engine.jdbc.internal.JdbcCoordinatorImpl@eef6e]
2026-04-25 23:35:04 - Unable to locate HQL query plan in cache; generating (SELECT t FROM Topic t ORDER BY t.lemmaCount DESC)
2026-04-25 23:35:04 - Closing JDBC container [org.hibernate.engine.jdbc.internal.JdbcCoordinatorImpl@1a3611b1]
2026-04-25 23:35:04 - On TransactionImpl creation, JpaCompliance#isJpaTransactionComplianceEnabled == false
2026-04-25 23:35:04 - Closing JDBC container [org.hibernate.engine.jdbc.internal.JdbcCoordinatorImpl@69a031a4]
2026-04-25 23:35:04 - Closing JDBC container [org.hibernate.engine.jdbc.internal.JdbcCoordinatorImpl@32da6cef]
2026-04-25 23:35:04 - Unable to locate HQL query plan in cache; generating (SELECT t FROM Topic t WHERE t.topicGroup.id = :groupId)
2026-04-25 23:35:04 - Closing JDBC container [org.hibernate.engine.jdbc.internal.JdbcCoordinatorImpl@2f2a5064]
2026-04-25 23:35:04 - On TransactionImpl creation, JpaCompliance#isJpaTransactionComplianceEnabled == false
2026-04-25 23:35:04 - Closing JDBC container [org.hibernate.engine.jdbc.internal.JdbcCoordinatorImpl@43a72f0f]
2026-04-25 23:35:04 - Closing JDBC container [org.hibernate.engine.jdbc.internal.JdbcCoordinatorImpl@6fe33512]
2026-04-25 23:35:04 - Unable to locate HQL query plan in cache; generating (SELECT t FROM Topic t JOIN t.topicGroup g WHERE g.id = :groupId)
2026-04-25 23:35:04 - Closing JDBC container [org.hibernate.engine.jdbc.internal.JdbcCoordinatorImpl@2c7ac998]
2026-04-25 23:35:04 - On TransactionImpl creation, JpaCompliance#isJpaTransactionComplianceEnabled == false
2026-04-25 23:35:04 - Closing JDBC container [org.hibernate.engine.jdbc.internal.JdbcCoordinatorImpl@56bf6f1e]
2026-04-25 23:35:04 - Closing JDBC container [org.hibernate.engine.jdbc.internal.JdbcCoordinatorImpl@4ac26092]
2026-04-25 23:35:04 - Unable to locate HQL query plan in cache; generating (SELECT t.title, COUNT(t) as frequency, COUNT(DISTINCT t.site.id) as siteCount FROM Topic t GROUP BY t.title HAVING COUNT(t) > 1 ORDER BY frequency DESC)
2026-04-25 23:35:04 - Closing JDBC container [org.hibernate.engine.jdbc.internal.JdbcCoordinatorImpl@23b3afb4]
2026-04-25 23:35:04 - On TransactionImpl creation, JpaCompliance#isJpaTransactionComplianceEnabled == false
2026-04-25 23:35:04 - Closing JDBC container [org.hibernate.engine.jdbc.internal.JdbcCoordinatorImpl@4598961d]
2026-04-25 23:35:04 - Closing JDBC container [org.hibernate.engine.jdbc.internal.JdbcCoordinatorImpl@7be85f15]
2026-04-25 23:35:04 - Unable to locate HQL query plan in cache; generating (SELECT COUNT(t) as topicCount, COALESCE(SUM(t.lemmaCount), 0) as totalLemmas FROM Topic t WHERE t.site.id = :siteId)
2026-04-25 23:35:04 - Closing JDBC container [org.hibernate.engine.jdbc.internal.JdbcCoordinatorImpl@5ee76cf2]
2026-04-25 23:35:04 - On TransactionImpl creation, JpaCompliance#isJpaTransactionComplianceEnabled == false
2026-04-25 23:35:04 - Closing JDBC container [org.hibernate.engine.jdbc.internal.JdbcCoordinatorImpl@6662974a]
2026-04-25 23:35:04 - Closing JDBC container [org.hibernate.engine.jdbc.internal.JdbcCoordinatorImpl@4fce655d]
2026-04-25 23:35:04 - On TransactionImpl creation, JpaCompliance#isJpaTransactionComplianceEnabled == false
2026-04-25 23:35:04 - Closing JDBC container [org.hibernate.engine.jdbc.internal.JdbcCoordinatorImpl@4ef0bc5b]
2026-04-25 23:35:04 - Closing JDBC container [org.hibernate.engine.jdbc.internal.JdbcCoordinatorImpl@32029cd]
2026-04-25 23:35:04 - Unable to locate HQL query plan in cache; generating (SELECT t FROM Topic t WHERE t.site.id = :siteId AND LOWER(t.title) LIKE LOWER(CONCAT('%', :query, '%')))
2026-04-25 23:35:04 - Closing JDBC container [org.hibernate.engine.jdbc.internal.JdbcCoordinatorImpl@55bafbc1]
2026-04-25 23:35:04 - On TransactionImpl creation, JpaCompliance#isJpaTransactionComplianceEnabled == false
2026-04-25 23:35:04 - Closing JDBC container [org.hibernate.engine.jdbc.internal.JdbcCoordinatorImpl@24bc06dd]
2026-04-25 23:35:04 - Closing JDBC container [org.hibernate.engine.jdbc.internal.JdbcCoordinatorImpl@26b150cd]
2026-04-25 23:35:04 - On TransactionImpl creation, JpaCompliance#isJpaTransactionComplianceEnabled == false
2026-04-25 23:35:04 - Closing JDBC container [org.hibernate.engine.jdbc.internal.JdbcCoordinatorImpl@434a2a10]
2026-04-25 23:35:04 - Closing JDBC container [org.hibernate.engine.jdbc.internal.JdbcCoordinatorImpl@4fe9fb65]
2026-04-25 23:35:04 - Unable to locate HQL query plan in cache; generating (SELECT t FROM Topic t WHERE t.site.id = :siteId ORDER BY t.lemmaCount DESC)
2026-04-25 23:35:04 - Closing JDBC container [org.hibernate.engine.jdbc.internal.JdbcCoordinatorImpl@6fb51e17]
2026-04-25 23:35:04 - Closing JDBC container [org.hibernate.engine.jdbc.internal.JdbcCoordinatorImpl@44c54463]
2026-04-25 23:35:04 - Closing JDBC container [org.hibernate.engine.jdbc.internal.JdbcCoordinatorImpl@7151dd9d]
2026-04-25 23:35:04 - On TransactionImpl creation, JpaCompliance#isJpaTransactionComplianceEnabled == false
2026-04-25 23:35:04 - Closing JDBC container [org.hibernate.engine.jdbc.internal.JdbcCoordinatorImpl@648f48d3]
2026-04-25 23:35:04 - Closing JDBC container [org.hibernate.engine.jdbc.internal.JdbcCoordinatorImpl@30ce78e3]
2026-04-25 23:35:04 - Unable to locate HQL query plan in cache; generating (SELECT tg FROM TopicGroup tg ORDER BY tg.frequency DESC, tg.siteCount DESC)
2026-04-25 23:35:04 - Closing JDBC container [org.hibernate.engine.jdbc.internal.JdbcCoordinatorImpl@34a482d0]
2026-04-25 23:35:04 - On TransactionImpl creation, JpaCompliance#isJpaTransactionComplianceEnabled == false
2026-04-25 23:35:04 - Closing JDBC container [org.hibernate.engine.jdbc.internal.JdbcCoordinatorImpl@189f3ccd]
2026-04-25 23:35:04 - Closing JDBC container [org.hibernate.engine.jdbc.internal.JdbcCoordinatorImpl@2eb0932c]
2026-04-25 23:35:04 - Unable to locate HQL query plan in cache; generating (SELECT tg FROM TopicGroup tg JOIN tg.keyLemmas kl WHERE kl IN :lemmas GROUP BY tg HAVING COUNT(DISTINCT kl) >= :minMatch)
2026-04-25 23:35:04 - Closing JDBC container [org.hibernate.engine.jdbc.internal.JdbcCoordinatorImpl@23169374]
2026-04-25 23:35:04 - On TransactionImpl creation, JpaCompliance#isJpaTransactionComplianceEnabled == false
2026-04-25 23:35:04 - Closing JDBC container [org.hibernate.engine.jdbc.internal.JdbcCoordinatorImpl@4f2b1a2f]
2026-04-25 23:35:04 - Closing JDBC container [org.hibernate.engine.jdbc.internal.JdbcCoordinatorImpl@6c2a33af]
2026-04-25 23:35:04 - Closing JDBC container [org.hibernate.engine.jdbc.internal.JdbcCoordinatorImpl@679886ad]
2026-04-25 23:35:04 - Closing JDBC container [org.hibernate.engine.jdbc.internal.JdbcCoordinatorImpl@5263f554]
2026-04-25 23:35:04 - On TransactionImpl creation, JpaCompliance#isJpaTransactionComplianceEnabled == false
2026-04-25 23:35:04 - Closing JDBC container [org.hibernate.engine.jdbc.internal.JdbcCoordinatorImpl@796a7c9]
2026-04-25 23:35:04 - Closing JDBC container [org.hibernate.engine.jdbc.internal.JdbcCoordinatorImpl@44cab872]
2026-04-25 23:35:04 - On TransactionImpl creation, JpaCompliance#isJpaTransactionComplianceEnabled == false
2026-04-25 23:35:04 - Closing JDBC container [org.hibernate.engine.jdbc.internal.JdbcCoordinatorImpl@267309f7]
2026-04-25 23:35:04 - Closing JDBC container [org.hibernate.engine.jdbc.internal.JdbcCoordinatorImpl@46878216]
2026-04-25 23:35:04 - On TransactionImpl creation, JpaCompliance#isJpaTransactionComplianceEnabled == false
2026-04-25 23:35:04 - Closing JDBC container [org.hibernate.engine.jdbc.internal.JdbcCoordinatorImpl@4fb42efa]
2026-04-25 23:35:04 - Closing JDBC container [org.hibernate.engine.jdbc.internal.JdbcCoordinatorImpl@35599228]
2026-04-25 23:35:04 - On TransactionImpl creation, JpaCompliance#isJpaTransactionComplianceEnabled == false
2026-04-25 23:35:04 - Closing JDBC container [org.hibernate.engine.jdbc.internal.JdbcCoordinatorImpl@30a79476]
2026-04-25 23:35:04 - Closing JDBC container [org.hibernate.engine.jdbc.internal.JdbcCoordinatorImpl@376bae20]
2026-04-25 23:35:04 - On TransactionImpl creation, JpaCompliance#isJpaTransactionComplianceEnabled == false
2026-04-25 23:35:04 - Closing JDBC container [org.hibernate.engine.jdbc.internal.JdbcCoordinatorImpl@4a0fc665]
2026-04-25 23:35:04 - Closing JDBC container [org.hibernate.engine.jdbc.internal.JdbcCoordinatorImpl@207f7baa]
2026-04-25 23:35:04 - On TransactionImpl creation, JpaCompliance#isJpaTransactionComplianceEnabled == false
2026-04-25 23:35:04 - Closing JDBC container [org.hibernate.engine.jdbc.internal.JdbcCoordinatorImpl@3203a4ae]
2026-04-25 23:35:04 - Closing JDBC container [org.hibernate.engine.jdbc.internal.JdbcCoordinatorImpl@19b4dd60]
2026-04-25 23:35:05 - LuceneMorphology bean успешно создан
2026-04-25 23:35:05 - Closing JDBC container [org.hibernate.engine.jdbc.internal.JdbcCoordinatorImpl@7be3a837]
2026-04-25 23:35:05 - Closing JDBC container [org.hibernate.engine.jdbc.internal.JdbcCoordinatorImpl@5c7b504]
2026-04-25 23:35:05 - On TransactionImpl creation, JpaCompliance#isJpaTransactionComplianceEnabled == false
2026-04-25 23:35:05 - Closing JDBC container [org.hibernate.engine.jdbc.internal.JdbcCoordinatorImpl@c040c8d]
2026-04-25 23:35:05 - Closing JDBC container [org.hibernate.engine.jdbc.internal.JdbcCoordinatorImpl@3453f79c]
2026-04-25 23:35:05 - On TransactionImpl creation, JpaCompliance#isJpaTransactionComplianceEnabled == false
2026-04-25 23:35:05 - Closing JDBC container [org.hibernate.engine.jdbc.internal.JdbcCoordinatorImpl@62536882]
2026-04-25 23:35:05 - Closing JDBC container [org.hibernate.engine.jdbc.internal.JdbcCoordinatorImpl@1e9d6c78]
2026-04-25 23:35:05 - On TransactionImpl creation, JpaCompliance#isJpaTransactionComplianceEnabled == false
2026-04-25 23:35:05 - Closing JDBC container [org.hibernate.engine.jdbc.internal.JdbcCoordinatorImpl@2bb118ae]
2026-04-25 23:35:05 - Closing JDBC container [org.hibernate.engine.jdbc.internal.JdbcCoordinatorImpl@5e3a5f0c]
2026-04-25 23:35:05 - Closing JDBC container [org.hibernate.engine.jdbc.internal.JdbcCoordinatorImpl@5e572b08]
2026-04-25 23:35:05 - Closing JDBC container [org.hibernate.engine.jdbc.internal.JdbcCoordinatorImpl@a3e458]
2026-04-25 23:35:05 - On TransactionImpl creation, JpaCompliance#isJpaTransactionComplianceEnabled == false
2026-04-25 23:35:05 - Closing JDBC container [org.hibernate.engine.jdbc.internal.JdbcCoordinatorImpl@63df2eb8]
2026-04-25 23:35:05 - Closing JDBC container [org.hibernate.engine.jdbc.internal.JdbcCoordinatorImpl@49c72fb7]
2026-04-25 23:35:05 - Unable to locate HQL query plan in cache; generating (SELECT si.page FROM SearchIndex si WHERE si.lemma.lemma IN :lemmas)
2026-04-25 23:35:05 - Closing JDBC container [org.hibernate.engine.jdbc.internal.JdbcCoordinatorImpl@62aefc75]
2026-04-25 23:35:05 - On TransactionImpl creation, JpaCompliance#isJpaTransactionComplianceEnabled == false
2026-04-25 23:35:05 - Closing JDBC container [org.hibernate.engine.jdbc.internal.JdbcCoordinatorImpl@788fa91f]
2026-04-25 23:35:05 - Closing JDBC container [org.hibernate.engine.jdbc.internal.JdbcCoordinatorImpl@6dd7af2f]
2026-04-25 23:35:05 - Unable to locate HQL query plan in cache; generating (SELECT si.ranking FROM SearchIndex si WHERE si.page = :page AND si.lemma = :lemma)
2026-04-25 23:35:05 - Closing JDBC container [org.hibernate.engine.jdbc.internal.JdbcCoordinatorImpl@6c75c5e8]
2026-04-25 23:35:05 - On TransactionImpl creation, JpaCompliance#isJpaTransactionComplianceEnabled == false
2026-04-25 23:35:05 - Closing JDBC container [org.hibernate.engine.jdbc.internal.JdbcCoordinatorImpl@69374e28]
2026-04-25 23:35:05 - Closing JDBC container [org.hibernate.engine.jdbc.internal.JdbcCoordinatorImpl@39c93af6]
2026-04-25 23:35:05 - Unable to locate HQL query plan in cache; generating (SELECT DISTINCT si.page FROM SearchIndex si WHERE si.lemma.lemma IN :lemmas AND si.page.site = :site)
2026-04-25 23:35:05 - Closing JDBC container [org.hibernate.engine.jdbc.internal.JdbcCoordinatorImpl@5cbebfba]
2026-04-25 23:35:05 - On TransactionImpl creation, JpaCompliance#isJpaTransactionComplianceEnabled == false
2026-04-25 23:35:05 - Closing JDBC container [org.hibernate.engine.jdbc.internal.JdbcCoordinatorImpl@66ce4b4]
2026-04-25 23:35:05 - Closing JDBC container [org.hibernate.engine.jdbc.internal.JdbcCoordinatorImpl@58df2864]
2026-04-25 23:35:05 - Closing JDBC container [org.hibernate.engine.jdbc.internal.JdbcCoordinatorImpl@24ae2183]
2026-04-25 23:35:05 - Closing JDBC container [org.hibernate.engine.jdbc.internal.JdbcCoordinatorImpl@7ffb0bb4]
2026-04-25 23:35:05 - On TransactionImpl creation, JpaCompliance#isJpaTransactionComplianceEnabled == false
2026-04-25 23:35:05 - Closing JDBC container [org.hibernate.engine.jdbc.internal.JdbcCoordinatorImpl@4accc3de]
2026-04-25 23:35:05 - Closing JDBC container [org.hibernate.engine.jdbc.internal.JdbcCoordinatorImpl@1a23136f]
2026-04-25 23:35:05 - On TransactionImpl creation, JpaCompliance#isJpaTransactionComplianceEnabled == false
2026-04-25 23:35:05 - Closing JDBC container [org.hibernate.engine.jdbc.internal.JdbcCoordinatorImpl@20724c21]
2026-04-25 23:35:05 - Closing JDBC container [org.hibernate.engine.jdbc.internal.JdbcCoordinatorImpl@c0cb9c2]
2026-04-25 23:35:05 - On TransactionImpl creation, JpaCompliance#isJpaTransactionComplianceEnabled == false
2026-04-25 23:35:05 - Closing JDBC container [org.hibernate.engine.jdbc.internal.JdbcCoordinatorImpl@7f5c4ff8]
2026-04-25 23:35:05 - Closing JDBC container [org.hibernate.engine.jdbc.internal.JdbcCoordinatorImpl@7692c0e9]
2026-04-25 23:35:05 - Unable to locate HQL query plan in cache; generating (SELECT p FROM Page p WHERE p.site.id = :siteId AND p.path = :path)
2026-04-25 23:35:05 - Closing JDBC container [org.hibernate.engine.jdbc.internal.JdbcCoordinatorImpl@75bbe39d]
2026-04-25 23:35:05 - Could not load English OpenNLP models. Will use basic tokenization. Error: Model not found: opennlp/en-sent.bin
2026-04-25 23:35:05 - Russian OpenNLP models not found. Will use basic tokenization for Russian text. Error: Model not found: opennlp/ru-sent.bin
2026-04-25 23:35:06 - spring.jpa.open-in-view is enabled by default. Therefore, database queries may be performed during view rendering. Explicitly configure spring.jpa.open-in-view to disable this warning
2026-04-25 23:35:06 - Adding welcome page template: index
2026-04-25 23:35:06 - Closing JDBC container [org.hibernate.engine.jdbc.internal.JdbcCoordinatorImpl@116fe252]
2026-04-25 23:35:06 - Closing JDBC container [org.hibernate.engine.jdbc.internal.JdbcCoordinatorImpl@3bd5dff5]
2026-04-25 23:35:06 - On TransactionImpl creation, JpaCompliance#isJpaTransactionComplianceEnabled == false
2026-04-25 23:35:06 - Closing JDBC container [org.hibernate.engine.jdbc.internal.JdbcCoordinatorImpl@441c2d2a]
2026-04-25 23:35:06 - Closing JDBC container [org.hibernate.engine.jdbc.internal.JdbcCoordinatorImpl@72dc7f0a]
2026-04-25 23:35:06 - Unable to locate HQL query plan in cache; generating (SELECT DISTINCT t FROM Topic t JOIN t.topicGroup g WHERE EXISTS (  SELECT 1 FROM g.keyLemmas kl   WHERE kl IN :lemmas))
2026-04-25 23:35:06 - Closing JDBC container [org.hibernate.engine.jdbc.internal.JdbcCoordinatorImpl@21e32876]
2026-04-25 23:35:06 - On TransactionImpl creation, JpaCompliance#isJpaTransactionComplianceEnabled == false
2026-04-25 23:35:06 - Closing JDBC container [org.hibernate.engine.jdbc.internal.JdbcCoordinatorImpl@a642c54]
2026-04-25 23:35:06 - Closing JDBC container [org.hibernate.engine.jdbc.internal.JdbcCoordinatorImpl@11c372e9]
2026-04-25 23:35:06 - Unable to locate HQL query plan in cache; generating (SELECT t FROM Topic t JOIN FETCH t.site JOIN FETCH t.page WHERE t.topicGroup.id = :groupId ORDER BY t.site.name, t.createdAt DESC)
2026-04-25 23:35:06 - Closing JDBC container [org.hibernate.engine.jdbc.internal.JdbcCoordinatorImpl@39d4f046]
2026-04-25 23:35:06 - On TransactionImpl creation, JpaCompliance#isJpaTransactionComplianceEnabled == false
2026-04-25 23:35:06 - Closing JDBC container [org.hibernate.engine.jdbc.internal.JdbcCoordinatorImpl@6e2764c9]
2026-04-25 23:35:06 - Closing JDBC container [org.hibernate.engine.jdbc.internal.JdbcCoordinatorImpl@6e5106fc]
2026-04-25 23:35:06 - Unable to locate HQL query plan in cache; generating (SELECT g.id, g.title, COUNT(t) as topicCount, COUNT(DISTINCT t.site.id) as siteCount FROM TopicGroup g LEFT JOIN g.topics t GROUP BY g.id, g.title HAVING COUNT(t) >= :minFrequency ORDER BY siteCount DESC, topicCount DESC)
2026-04-25 23:35:06 - Closing JDBC container [org.hibernate.engine.jdbc.internal.JdbcCoordinatorImpl@721f3526]
2026-04-25 23:35:06 - Tomcat started on port(s): 8080 (http) with context path ''
2026-04-25 23:35:06 - Started Application in 9.018 seconds (JVM running for 9.53)
2026-04-25 23:35:12 - Initializing Spring DispatcherServlet 'dispatcherServlet'
2026-04-25 23:35:12 - Initializing Servlet 'dispatcherServlet'
2026-04-25 23:35:12 - Completed initialization in 2 ms
2026-04-25 23:35:13 - Closing JDBC container [org.hibernate.engine.jdbc.internal.JdbcCoordinatorImpl@1ff391be]
2026-04-25 23:35:13 - On TransactionImpl creation, JpaCompliance#isJpaTransactionComplianceEnabled == false
2026-04-25 23:35:13 - begin
2026-04-25 23:35:13 - Unable to locate HQL query plan in cache; generating (select count(*) from Site x)
2026-04-25 23:35:13 - Find: select count(*) from Site x
2026-04-25 23:35:13 - Named parameters: {}
2026-04-25 23:35:13 - select count(*) as col_0_0_ from site site0_
2026-04-25 23:35:13 - Registering last query statement [HikariProxyPreparedStatement@431203441 wrapping select count(*) as col_0_0_ from site site0_]
2026-04-25 23:35:13 - Starting after statement execution processing [ON_CLOSE]
2026-04-25 23:35:13 - Initializing non-lazy collections
2026-04-25 23:35:13 - committing
2026-04-25 23:35:13 - begin
2026-04-25 23:35:13 - Unable to locate HQL query plan in cache; generating (select count(*) from Page x)
2026-04-25 23:35:13 - Find: select count(*) from Page x
2026-04-25 23:35:13 - Named parameters: {}
2026-04-25 23:35:13 - select count(*) as col_0_0_ from page page0_
2026-04-25 23:35:13 - Registering last query statement [HikariProxyPreparedStatement@265889751 wrapping select count(*) as col_0_0_ from page page0_]
2026-04-25 23:35:13 - Starting after statement execution processing [ON_CLOSE]
2026-04-25 23:35:13 - Initializing non-lazy collections
2026-04-25 23:35:13 - committing
2026-04-25 23:35:13 - begin
2026-04-25 23:35:13 - Unable to locate HQL query plan in cache; generating (select count(*) from Lemma x)
2026-04-25 23:35:13 - Find: select count(*) from Lemma x
2026-04-25 23:35:13 - Named parameters: {}
2026-04-25 23:35:13 - select count(*) as col_0_0_ from lemma lemma0_
2026-04-25 23:35:13 - Registering last query statement [HikariProxyPreparedStatement@1801085815 wrapping select count(*) as col_0_0_ from lemma lemma0_]
2026-04-25 23:35:13 - Starting after statement execution processing [ON_CLOSE]
2026-04-25 23:35:13 - Initializing non-lazy collections
2026-04-25 23:35:13 - committing
2026-04-25 23:35:13 - Unable to locate HQL query plan in cache; generating (select generatedAlias0 from Site as generatedAlias0 where generatedAlias0.status=:param0)
2026-04-25 23:35:13 - Find: select generatedAlias0 from Site as generatedAlias0 where generatedAlias0.status=:param0
2026-04-25 23:35:13 - Named parameters: {param0=INDEXED}
2026-04-25 23:35:13 - select site0_.id as id1_3_, site0_.last_error as last_err2_3_, site0_.name as name3_3_, site0_.status as status4_3_, site0_.status_time as status_t5_3_, site0_.url as url6_3_ from site site0_ where site0_.status=?
2026-04-25 23:35:13 - Registering last query statement [HikariProxyPreparedStatement@688581624 wrapping select site0_.id as id1_3_, site0_.last_error as last_err2_3_, site0_.name as name3_3_, site0_.status as status4_3_, site0_.status_time as status_t5_3_, site0_.url as url6_3_ from site site0_ where site0_.status=?]
2026-04-25 23:35:13 - binding parameter [1] as [VARCHAR] - [INDEXED]
2026-04-25 23:35:13 - Starting after statement execution processing [ON_CLOSE]
2026-04-25 23:35:13 - Initializing non-lazy collections
2026-04-25 23:35:13 - begin
2026-04-25 23:35:13 - Unable to locate HQL query plan in cache; generating (select generatedAlias0 from Site as generatedAlias0)
2026-04-25 23:35:13 - Find: select generatedAlias0 from Site as generatedAlias0
2026-04-25 23:35:13 - Named parameters: {}
2026-04-25 23:35:13 - select site0_.id as id1_3_, site0_.last_error as last_err2_3_, site0_.name as name3_3_, site0_.status as status4_3_, site0_.status_time as status_t5_3_, site0_.url as url6_3_ from site site0_
2026-04-25 23:35:13 - Registering last query statement [HikariProxyPreparedStatement@1524921640 wrapping select site0_.id as id1_3_, site0_.last_error as last_err2_3_, site0_.name as name3_3_, site0_.status as status4_3_, site0_.status_time as status_t5_3_, site0_.url as url6_3_ from site site0_]
2026-04-25 23:35:13 - Resolving attributes for [searchengine.model.Site#128]
2026-04-25 23:35:13 - Processing attribute `lastError` : value = Индексация остановлена пользователем
2026-04-25 23:35:13 - Attribute (`lastError`)  - enhanced for lazy-loading? - false
2026-04-25 23:35:13 - Processing attribute `name` : value = КИБЕРЛЕНИНКА
2026-04-25 23:35:13 - Attribute (`name`)  - enhanced for lazy-loading? - false
2026-04-25 23:35:13 - Processing attribute `pages` : value = NOT NULL COLLECTION
2026-04-25 23:35:13 - Attribute (`pages`)  - enhanced for lazy-loading? - false
2026-04-25 23:35:13 - Processing attribute `status` : value = FAILED
2026-04-25 23:35:13 - Attribute (`status`)  - enhanced for lazy-loading? - false
2026-04-25 23:35:13 - Processing attribute `statusTime` : value = 2026-04-19T22:03:38.655614
2026-04-25 23:35:13 - Attribute (`statusTime`)  - enhanced for lazy-loading? - false
2026-04-25 23:35:13 - Processing attribute `url` : value = https://cyberleninka.ru/
2026-04-25 23:35:13 - Attribute (`url`)  - enhanced for lazy-loading? - false
2026-04-25 23:35:13 - Done materializing entity [searchengine.model.Site#128]
2026-04-25 23:35:13 - Resolving attributes for [searchengine.model.Site#129]
2026-04-25 23:35:13 - Processing attribute `lastError` : value = Индексация остановлена пользователем
2026-04-25 23:35:13 - Attribute (`lastError`)  - enhanced for lazy-loading? - false
2026-04-25 23:35:13 - Processing attribute `name` : value = Журнал: Аграрная наука
2026-04-25 23:35:13 - Attribute (`name`)  - enhanced for lazy-loading? - false
2026-04-25 23:35:13 - Processing attribute `pages` : value = NOT NULL COLLECTION
2026-04-25 23:35:13 - Attribute (`pages`)  - enhanced for lazy-loading? - false
2026-04-25 23:35:13 - Processing attribute `status` : value = FAILED
2026-04-25 23:35:13 - Attribute (`status`)  - enhanced for lazy-loading? - false
2026-04-25 23:35:13 - Processing attribute `statusTime` : value = 2026-04-19T22:03:38.620442
2026-04-25 23:35:13 - Attribute (`statusTime`)  - enhanced for lazy-loading? - false
2026-04-25 23:35:13 - Processing attribute `url` : value = https://www.vetpress.ru/jour
2026-04-25 23:35:13 - Attribute (`url`)  - enhanced for lazy-loading? - false
2026-04-25 23:35:13 - Done materializing entity [searchengine.model.Site#129]
2026-04-25 23:35:13 - Starting after statement execution processing [ON_CLOSE]
2026-04-25 23:35:13 - Initializing non-lazy collections
2026-04-25 23:35:13 - committing
2026-04-25 23:35:13 - Unable to locate HQL query plan in cache; generating (select count(generatedAlias0) from Page as generatedAlias0 where generatedAlias0.site=:param0)
2026-04-25 23:35:13 - Find: select count(generatedAlias0) from Page as generatedAlias0 where generatedAlias0.site=:param0
2026-04-25 23:35:13 - Named parameters: {param0=searchengine.model.Site#128}
2026-04-25 23:35:13 - select count(page0_.id) as col_0_0_ from page page0_ where page0_.site_id=?
2026-04-25 23:35:13 - Registering last query statement [HikariProxyPreparedStatement@1576465819 wrapping select count(page0_.id) as col_0_0_ from page page0_ where page0_.site_id=?]
2026-04-25 23:35:13 - binding parameter [1] as [INTEGER] - [128]
2026-04-25 23:35:13 - Starting after statement execution processing [ON_CLOSE]
2026-04-25 23:35:13 - Initializing non-lazy collections
2026-04-25 23:35:13 - Unable to locate HQL query plan in cache; generating (select count(generatedAlias0) from Lemma as generatedAlias0 where generatedAlias0.site=:param0)
2026-04-25 23:35:13 - Find: select count(generatedAlias0) from Lemma as generatedAlias0 where generatedAlias0.site=:param0
2026-04-25 23:35:13 - Named parameters: {param0=searchengine.model.Site#128}
2026-04-25 23:35:13 - select count(lemma0_.id) as col_0_0_ from lemma lemma0_ where lemma0_.site_id=?
2026-04-25 23:35:13 - Registering last query statement [HikariProxyPreparedStatement@85036931 wrapping select count(lemma0_.id) as col_0_0_ from lemma lemma0_ where lemma0_.site_id=?]
2026-04-25 23:35:13 - binding parameter [1] as [INTEGER] - [128]
2026-04-25 23:35:13 - Starting after statement execution processing [ON_CLOSE]
2026-04-25 23:35:13 - Initializing non-lazy collections
2026-04-25 23:35:13 - Unable to locate HQL query plan in cache; generating (select count(generatedAlias0) from Topic as generatedAlias0 left join generatedAlias0.site as generatedAlias1 where generatedAlias1.id=:param0)
2026-04-25 23:35:13 - Find: select count(generatedAlias0) from Topic as generatedAlias0 left join generatedAlias0.site as generatedAlias1 where generatedAlias1.id=:param0
2026-04-25 23:35:13 - Named parameters: {param0=128}
2026-04-25 23:35:13 - select count(topic0_.id) as col_0_0_ from topic topic0_ left outer join site site1_ on topic0_.site_id=site1_.id where site1_.id=?
2026-04-25 23:35:13 - Registering last query statement [HikariProxyPreparedStatement@2066482223 wrapping select count(topic0_.id) as col_0_0_ from topic topic0_ left outer join site site1_ on topic0_.site_id=site1_.id where site1_.id=?]
2026-04-25 23:35:13 - binding parameter [1] as [INTEGER] - [128]
2026-04-25 23:35:13 - Starting after statement execution processing [ON_CLOSE]
2026-04-25 23:35:13 - Initializing non-lazy collections
2026-04-25 23:35:13 - Located HQL query plan in cache (select count(generatedAlias0) from Page as generatedAlias0 where generatedAlias0.site=:param0)
2026-04-25 23:35:13 - Find: select count(generatedAlias0) from Page as generatedAlias0 where generatedAlias0.site=:param0
2026-04-25 23:35:13 - Named parameters: {param0=searchengine.model.Site#129}
2026-04-25 23:35:13 - select count(page0_.id) as col_0_0_ from page page0_ where page0_.site_id=?
2026-04-25 23:35:13 - Registering last query statement [HikariProxyPreparedStatement@1124882135 wrapping select count(page0_.id) as col_0_0_ from page page0_ where page0_.site_id=?]
2026-04-25 23:35:13 - binding parameter [1] as [INTEGER] - [129]
2026-04-25 23:35:13 - Starting after statement execution processing [ON_CLOSE]
2026-04-25 23:35:13 - Initializing non-lazy collections
2026-04-25 23:35:13 - Located HQL query plan in cache (select count(generatedAlias0) from Lemma as generatedAlias0 where generatedAlias0.site=:param0)
2026-04-25 23:35:13 - Find: select count(generatedAlias0) from Lemma as generatedAlias0 where generatedAlias0.site=:param0
2026-04-25 23:35:13 - Named parameters: {param0=searchengine.model.Site#129}
2026-04-25 23:35:13 - select count(lemma0_.id) as col_0_0_ from lemma lemma0_ where lemma0_.site_id=?
2026-04-25 23:35:13 - Registering last query statement [HikariProxyPreparedStatement@1687051259 wrapping select count(lemma0_.id) as col_0_0_ from lemma lemma0_ where lemma0_.site_id=?]
2026-04-25 23:35:13 - binding parameter [1] as [INTEGER] - [129]
2026-04-25 23:35:13 - Starting after statement execution processing [ON_CLOSE]
2026-04-25 23:35:13 - Initializing non-lazy collections
2026-04-25 23:35:13 - Located HQL query plan in cache (select count(generatedAlias0) from Topic as generatedAlias0 left join generatedAlias0.site as generatedAlias1 where generatedAlias1.id=:param0)
2026-04-25 23:35:13 - Find: select count(generatedAlias0) from Topic as generatedAlias0 left join generatedAlias0.site as generatedAlias1 where generatedAlias1.id=:param0
2026-04-25 23:35:13 - Named parameters: {param0=129}
2026-04-25 23:35:13 - select count(topic0_.id) as col_0_0_ from topic topic0_ left outer join site site1_ on topic0_.site_id=site1_.id where site1_.id=?
2026-04-25 23:35:13 - Registering last query statement [HikariProxyPreparedStatement@640009456 wrapping select count(topic0_.id) as col_0_0_ from topic topic0_ left outer join site site1_ on topic0_.site_id=site1_.id where site1_.id=?]
2026-04-25 23:35:13 - binding parameter [1] as [INTEGER] - [129]
2026-04-25 23:35:13 - Starting after statement execution processing [ON_CLOSE]
2026-04-25 23:35:13 - Initializing non-lazy collections
2026-04-25 23:35:13 - Closing JDBC container [org.hibernate.engine.jdbc.internal.JdbcCoordinatorImpl@172f80ef]
2026-04-25 23:35:14 - Closing JDBC container [org.hibernate.engine.jdbc.internal.JdbcCoordinatorImpl@79fdd78c]
2026-04-25 23:35:15 - Closing JDBC container [org.hibernate.engine.jdbc.internal.JdbcCoordinatorImpl@430c3a9d]
2026-04-25 23:35:15 - Closing JDBC container [org.hibernate.engine.jdbc.internal.JdbcCoordinatorImpl@7f247b0e]
2026-04-25 23:35:15 - Closing JDBC container [org.hibernate.engine.jdbc.internal.JdbcCoordinatorImpl@af252e8]
2026-04-25 23:35:15 - Closing JDBC container [org.hibernate.engine.jdbc.internal.JdbcCoordinatorImpl@575d5533]
2026-04-25 23:35:15 - Closing JDBC container [org.hibernate.engine.jdbc.internal.JdbcCoordinatorImpl@37ebe423]
2026-04-25 23:35:15 - Closing JDBC container [org.hibernate.engine.jdbc.internal.JdbcCoordinatorImpl@eb32dc9]
2026-04-25 23:35:15 - Closing JDBC container [org.hibernate.engine.jdbc.internal.JdbcCoordinatorImpl@1d5f189a]
2026-04-25 23:35:15 - Closing JDBC container [org.hibernate.engine.jdbc.internal.JdbcCoordinatorImpl@3bb09b4c]
2026-04-25 23:35:15 - Closing JDBC container [org.hibernate.engine.jdbc.internal.JdbcCoordinatorImpl@2b81963b]
2026-04-25 23:35:15 - Closing JDBC container [org.hibernate.engine.jdbc.internal.JdbcCoordinatorImpl@76a980fb]
2026-04-25 23:35:15 - Closing JDBC container [org.hibernate.engine.jdbc.internal.JdbcCoordinatorImpl@773a26c3]
2026-04-25 23:35:15 - Closing JDBC container [org.hibernate.engine.jdbc.internal.JdbcCoordinatorImpl@4559cdbf]
2026-04-25 23:35:15 - Closing JDBC container [org.hibernate.engine.jdbc.internal.JdbcCoordinatorImpl@755481f1]
2026-04-25 23:35:15 - On TransactionImpl creation, JpaCompliance#isJpaTransactionComplianceEnabled == false
2026-04-25 23:35:15 - begin
2026-04-25 23:35:15 - Located HQL query plan in cache (select count(*) from Site x)
2026-04-25 23:35:15 - Find: select count(*) from Site x
2026-04-25 23:35:15 - Named parameters: {}
2026-04-25 23:35:15 - select count(*) as col_0_0_ from site site0_
2026-04-25 23:35:15 - Registering last query statement [HikariProxyPreparedStatement@256950905 wrapping select count(*) as col_0_0_ from site site0_]
2026-04-25 23:35:15 - Starting after statement execution processing [ON_CLOSE]
2026-04-25 23:35:15 - Initializing non-lazy collections
2026-04-25 23:35:15 - committing
2026-04-25 23:35:15 - begin
2026-04-25 23:35:15 - Located HQL query plan in cache (select count(*) from Page x)
2026-04-25 23:35:15 - Find: select count(*) from Page x
2026-04-25 23:35:15 - Named parameters: {}
2026-04-25 23:35:15 - select count(*) as col_0_0_ from page page0_
2026-04-25 23:35:15 - Registering last query statement [HikariProxyPreparedStatement@1683506357 wrapping select count(*) as col_0_0_ from page page0_]
2026-04-25 23:35:15 - Starting after statement execution processing [ON_CLOSE]
2026-04-25 23:35:15 - Initializing non-lazy collections
2026-04-25 23:35:15 - committing
2026-04-25 23:35:15 - begin
2026-04-25 23:35:15 - Located HQL query plan in cache (select count(*) from Lemma x)
2026-04-25 23:35:15 - Find: select count(*) from Lemma x
2026-04-25 23:35:15 - Named parameters: {}
2026-04-25 23:35:15 - select count(*) as col_0_0_ from lemma lemma0_
2026-04-25 23:35:15 - Registering last query statement [HikariProxyPreparedStatement@1656574921 wrapping select count(*) as col_0_0_ from lemma lemma0_]
2026-04-25 23:35:15 - Starting after statement execution processing [ON_CLOSE]
2026-04-25 23:35:15 - Initializing non-lazy collections
2026-04-25 23:35:15 - committing
2026-04-25 23:35:15 - Located HQL query plan in cache (select generatedAlias0 from Site as generatedAlias0 where generatedAlias0.status=:param0)
2026-04-25 23:35:15 - Find: select generatedAlias0 from Site as generatedAlias0 where generatedAlias0.status=:param0
2026-04-25 23:35:15 - Named parameters: {param0=INDEXED}
2026-04-25 23:35:15 - select site0_.id as id1_3_, site0_.last_error as last_err2_3_, site0_.name as name3_3_, site0_.status as status4_3_, site0_.status_time as status_t5_3_, site0_.url as url6_3_ from site site0_ where site0_.status=?
2026-04-25 23:35:15 - Registering last query statement [HikariProxyPreparedStatement@956984441 wrapping select site0_.id as id1_3_, site0_.last_error as last_err2_3_, site0_.name as name3_3_, site0_.status as status4_3_, site0_.status_time as status_t5_3_, site0_.url as url6_3_ from site site0_ where site0_.status=?]
2026-04-25 23:35:15 - binding parameter [1] as [VARCHAR] - [INDEXED]
2026-04-25 23:35:15 - Closing JDBC container [org.hibernate.engine.jdbc.internal.JdbcCoordinatorImpl@56ed6553]
2026-04-25 23:35:15 - Starting after statement execution processing [ON_CLOSE]
2026-04-25 23:35:15 - Initializing non-lazy collections
2026-04-25 23:35:15 - begin
2026-04-25 23:35:15 - Located HQL query plan in cache (select generatedAlias0 from Site as generatedAlias0)
2026-04-25 23:35:15 - Find: select generatedAlias0 from Site as generatedAlias0
2026-04-25 23:35:15 - Named parameters: {}
2026-04-25 23:35:15 - select site0_.id as id1_3_, site0_.last_error as last_err2_3_, site0_.name as name3_3_, site0_.status as status4_3_, site0_.status_time as status_t5_3_, site0_.url as url6_3_ from site site0_
2026-04-25 23:35:15 - Registering last query statement [HikariProxyPreparedStatement@1126951898 wrapping select site0_.id as id1_3_, site0_.last_error as last_err2_3_, site0_.name as name3_3_, site0_.status as status4_3_, site0_.status_time as status_t5_3_, site0_.url as url6_3_ from site site0_]
2026-04-25 23:35:15 - Resolving attributes for [searchengine.model.Site#128]
2026-04-25 23:35:15 - Processing attribute `lastError` : value = Индексация остановлена пользователем
2026-04-25 23:35:15 - Attribute (`lastError`)  - enhanced for lazy-loading? - false
2026-04-25 23:35:15 - Processing attribute `name` : value = КИБЕРЛЕНИНКА
2026-04-25 23:35:15 - Attribute (`name`)  - enhanced for lazy-loading? - false
2026-04-25 23:35:15 - Processing attribute `pages` : value = NOT NULL COLLECTION
2026-04-25 23:35:15 - Attribute (`pages`)  - enhanced for lazy-loading? - false
2026-04-25 23:35:15 - Processing attribute `status` : value = FAILED
2026-04-25 23:35:15 - Attribute (`status`)  - enhanced for lazy-loading? - false
2026-04-25 23:35:15 - Processing attribute `statusTime` : value = 2026-04-19T22:03:38.655614
2026-04-25 23:35:15 - Attribute (`statusTime`)  - enhanced for lazy-loading? - false
2026-04-25 23:35:15 - Processing attribute `url` : value = https://cyberleninka.ru/
2026-04-25 23:35:15 - Attribute (`url`)  - enhanced for lazy-loading? - false
2026-04-25 23:35:15 - Done materializing entity [searchengine.model.Site#128]
2026-04-25 23:35:15 - Resolving attributes for [searchengine.model.Site#129]
2026-04-25 23:35:15 - Processing attribute `lastError` : value = Индексация остановлена пользователем
2026-04-25 23:35:15 - Attribute (`lastError`)  - enhanced for lazy-loading? - false
2026-04-25 23:35:15 - Processing attribute `name` : value = Журнал: Аграрная наука
2026-04-25 23:35:15 - Attribute (`name`)  - enhanced for lazy-loading? - false
2026-04-25 23:35:15 - Processing attribute `pages` : value = NOT NULL COLLECTION
2026-04-25 23:35:15 - Attribute (`pages`)  - enhanced for lazy-loading? - false
2026-04-25 23:35:15 - Processing attribute `status` : value = FAILED
2026-04-25 23:35:15 - Attribute (`status`)  - enhanced for lazy-loading? - false
2026-04-25 23:35:15 - Processing attribute `statusTime` : value = 2026-04-19T22:03:38.620442
2026-04-25 23:35:15 - Attribute (`statusTime`)  - enhanced for lazy-loading? - false
2026-04-25 23:35:15 - Processing attribute `url` : value = https://www.vetpress.ru/jour
2026-04-25 23:35:15 - Attribute (`url`)  - enhanced for lazy-loading? - false
2026-04-25 23:35:15 - Done materializing entity [searchengine.model.Site#129]
2026-04-25 23:35:15 - Starting after statement execution processing [ON_CLOSE]
2026-04-25 23:35:15 - Initializing non-lazy collections
2026-04-25 23:35:15 - committing
2026-04-25 23:35:15 - Located HQL query plan in cache (select count(generatedAlias0) from Page as generatedAlias0 where generatedAlias0.site=:param0)
2026-04-25 23:35:15 - Find: select count(generatedAlias0) from Page as generatedAlias0 where generatedAlias0.site=:param0
2026-04-25 23:35:15 - Named parameters: {param0=searchengine.model.Site#128}
2026-04-25 23:35:15 - select count(page0_.id) as col_0_0_ from page page0_ where page0_.site_id=?
2026-04-25 23:35:15 - Registering last query statement [HikariProxyPreparedStatement@391533503 wrapping select count(page0_.id) as col_0_0_ from page page0_ where page0_.site_id=?]
2026-04-25 23:35:15 - binding parameter [1] as [INTEGER] - [128]
2026-04-25 23:35:15 - Starting after statement execution processing [ON_CLOSE]
2026-04-25 23:35:15 - Initializing non-lazy collections
2026-04-25 23:35:15 - Located HQL query plan in cache (select count(generatedAlias0) from Lemma as generatedAlias0 where generatedAlias0.site=:param0)
2026-04-25 23:35:15 - Find: select count(generatedAlias0) from Lemma as generatedAlias0 where generatedAlias0.site=:param0
2026-04-25 23:35:15 - Named parameters: {param0=searchengine.model.Site#128}
2026-04-25 23:35:15 - select count(lemma0_.id) as col_0_0_ from lemma lemma0_ where lemma0_.site_id=?
2026-04-25 23:35:15 - Registering last query statement [HikariProxyPreparedStatement@1093253203 wrapping select count(lemma0_.id) as col_0_0_ from lemma lemma0_ where lemma0_.site_id=?]
2026-04-25 23:35:15 - binding parameter [1] as [INTEGER] - [128]
2026-04-25 23:35:15 - Starting after statement execution processing [ON_CLOSE]
2026-04-25 23:35:15 - Initializing non-lazy collections
2026-04-25 23:35:15 - Located HQL query plan in cache (select count(generatedAlias0) from Topic as generatedAlias0 left join generatedAlias0.site as generatedAlias1 where generatedAlias1.id=:param0)
2026-04-25 23:35:15 - Find: select count(generatedAlias0) from Topic as generatedAlias0 left join generatedAlias0.site as generatedAlias1 where generatedAlias1.id=:param0
2026-04-25 23:35:15 - Named parameters: {param0=128}
2026-04-25 23:35:15 - select count(topic0_.id) as col_0_0_ from topic topic0_ left outer join site site1_ on topic0_.site_id=site1_.id where site1_.id=?
2026-04-25 23:35:15 - Registering last query statement [HikariProxyPreparedStatement@1615896665 wrapping select count(topic0_.id) as col_0_0_ from topic topic0_ left outer join site site1_ on topic0_.site_id=site1_.id where site1_.id=?]
2026-04-25 23:35:15 - binding parameter [1] as [INTEGER] - [128]
2026-04-25 23:35:15 - Starting after statement execution processing [ON_CLOSE]
2026-04-25 23:35:15 - Initializing non-lazy collections
2026-04-25 23:35:15 - Located HQL query plan in cache (select count(generatedAlias0) from Page as generatedAlias0 where generatedAlias0.site=:param0)
2026-04-25 23:35:15 - Find: select count(generatedAlias0) from Page as generatedAlias0 where generatedAlias0.site=:param0
2026-04-25 23:35:15 - Named parameters: {param0=searchengine.model.Site#129}
2026-04-25 23:35:15 - select count(page0_.id) as col_0_0_ from page page0_ where page0_.site_id=?
2026-04-25 23:35:15 - Registering last query statement [HikariProxyPreparedStatement@147182813 wrapping select count(page0_.id) as col_0_0_ from page page0_ where page0_.site_id=?]
2026-04-25 23:35:15 - binding parameter [1] as [INTEGER] - [129]
2026-04-25 23:35:15 - Starting after statement execution processing [ON_CLOSE]
2026-04-25 23:35:15 - Initializing non-lazy collections
2026-04-25 23:35:15 - Located HQL query plan in cache (select count(generatedAlias0) from Lemma as generatedAlias0 where generatedAlias0.site=:param0)
2026-04-25 23:35:15 - Find: select count(generatedAlias0) from Lemma as generatedAlias0 where generatedAlias0.site=:param0
2026-04-25 23:35:15 - Named parameters: {param0=searchengine.model.Site#129}
2026-04-25 23:35:15 - select count(lemma0_.id) as col_0_0_ from lemma lemma0_ where lemma0_.site_id=?
2026-04-25 23:35:15 - Registering last query statement [HikariProxyPreparedStatement@1589156215 wrapping select count(lemma0_.id) as col_0_0_ from lemma lemma0_ where lemma0_.site_id=?]
2026-04-25 23:35:15 - binding parameter [1] as [INTEGER] - [129]
2026-04-25 23:35:15 - Starting after statement execution processing [ON_CLOSE]
2026-04-25 23:35:15 - Initializing non-lazy collections
2026-04-25 23:35:15 - Located HQL query plan in cache (select count(generatedAlias0) from Topic as generatedAlias0 left join generatedAlias0.site as generatedAlias1 where generatedAlias1.id=:param0)
2026-04-25 23:35:15 - Find: select count(generatedAlias0) from Topic as generatedAlias0 left join generatedAlias0.site as generatedAlias1 where generatedAlias1.id=:param0
2026-04-25 23:35:15 - Named parameters: {param0=129}
2026-04-25 23:35:15 - select count(topic0_.id) as col_0_0_ from topic topic0_ left outer join site site1_ on topic0_.site_id=site1_.id where site1_.id=?
2026-04-25 23:35:15 - Registering last query statement [HikariProxyPreparedStatement@1823658234 wrapping select count(topic0_.id) as col_0_0_ from topic topic0_ left outer join site site1_ on topic0_.site_id=site1_.id where site1_.id=?]
2026-04-25 23:35:15 - binding parameter [1] as [INTEGER] - [129]
2026-04-25 23:35:15 - Closing JDBC container [org.hibernate.engine.jdbc.internal.JdbcCoordinatorImpl@2de992e6]
2026-04-25 23:35:15 - Starting after statement execution processing [ON_CLOSE]
2026-04-25 23:35:15 - Initializing non-lazy collections
2026-04-25 23:35:15 - Closing JDBC container [org.hibernate.engine.jdbc.internal.JdbcCoordinatorImpl@25398615]
2026-04-25 23:35:15 - Closing JDBC container [org.hibernate.engine.jdbc.internal.JdbcCoordinatorImpl@30b3385a]
2026-04-25 23:35:15 - Closing JDBC container [org.hibernate.engine.jdbc.internal.JdbcCoordinatorImpl@5d23a043]
2026-04-25 23:35:17 - Closing JDBC container [org.hibernate.engine.jdbc.internal.JdbcCoordinatorImpl@7cba087f]
2026-04-25 23:35:17 - Closing JDBC container [org.hibernate.engine.jdbc.internal.JdbcCoordinatorImpl@1dde03e1]
2026-04-25 23:35:17 - Closing JDBC container [org.hibernate.engine.jdbc.internal.JdbcCoordinatorImpl@6d2c6178]
2026-04-25 23:35:17 - Closing JDBC container [org.hibernate.engine.jdbc.internal.JdbcCoordinatorImpl@7305bcfc]
2026-04-25 23:35:17 - Closing JDBC container [org.hibernate.engine.jdbc.internal.JdbcCoordinatorImpl@39e4e3a3]
2026-04-25 23:35:17 - Closing JDBC container [org.hibernate.engine.jdbc.internal.JdbcCoordinatorImpl@1ed8dafc]
2026-04-25 23:35:17 - Closing JDBC container [org.hibernate.engine.jdbc.internal.JdbcCoordinatorImpl@25467d3b]
2026-04-25 23:35:17 - Closing JDBC container [org.hibernate.engine.jdbc.internal.JdbcCoordinatorImpl@56c4b940]
2026-04-25 23:35:17 - Closing JDBC container [org.hibernate.engine.jdbc.internal.JdbcCoordinatorImpl@4680c5b7]
2026-04-25 23:35:17 - Closing JDBC container [org.hibernate.engine.jdbc.internal.JdbcCoordinatorImpl@59b5046a]
2026-04-25 23:35:17 - Closing JDBC container [org.hibernate.engine.jdbc.internal.JdbcCoordinatorImpl@73873703]
2026-04-25 23:35:17 - Closing JDBC container [org.hibernate.engine.jdbc.internal.JdbcCoordinatorImpl@3ccff89d]
2026-04-25 23:35:17 - Closing JDBC container [org.hibernate.engine.jdbc.internal.JdbcCoordinatorImpl@3727bb92]
2026-04-25 23:35:17 - Closing JDBC container [org.hibernate.engine.jdbc.internal.JdbcCoordinatorImpl@45161804]
2026-04-25 23:35:17 - On TransactionImpl creation, JpaCompliance#isJpaTransactionComplianceEnabled == false
2026-04-25 23:35:17 - begin
2026-04-25 23:35:17 - Located HQL query plan in cache (select count(*) from Site x)
2026-04-25 23:35:17 - Find: select count(*) from Site x
2026-04-25 23:35:17 - Named parameters: {}
2026-04-25 23:35:17 - select count(*) as col_0_0_ from site site0_
2026-04-25 23:35:17 - Registering last query statement [HikariProxyPreparedStatement@980874931 wrapping select count(*) as col_0_0_ from site site0_]
2026-04-25 23:35:17 - Starting after statement execution processing [ON_CLOSE]
2026-04-25 23:35:17 - Initializing non-lazy collections
2026-04-25 23:35:17 - committing
2026-04-25 23:35:17 - begin
2026-04-25 23:35:17 - Located HQL query plan in cache (select count(*) from Page x)
2026-04-25 23:35:17 - Find: select count(*) from Page x
2026-04-25 23:35:17 - Named parameters: {}
2026-04-25 23:35:17 - select count(*) as col_0_0_ from page page0_
2026-04-25 23:35:17 - Registering last query statement [HikariProxyPreparedStatement@56109667 wrapping select count(*) as col_0_0_ from page page0_]
2026-04-25 23:35:17 - Starting after statement execution processing [ON_CLOSE]
2026-04-25 23:35:17 - Initializing non-lazy collections
2026-04-25 23:35:17 - committing
2026-04-25 23:35:17 - begin
2026-04-25 23:35:17 - Located HQL query plan in cache (select count(*) from Lemma x)
2026-04-25 23:35:17 - Find: select count(*) from Lemma x
2026-04-25 23:35:17 - Named parameters: {}
2026-04-25 23:35:17 - select count(*) as col_0_0_ from lemma lemma0_
2026-04-25 23:35:17 - Registering last query statement [HikariProxyPreparedStatement@139793561 wrapping select count(*) as col_0_0_ from lemma lemma0_]
2026-04-25 23:35:17 - Starting after statement execution processing [ON_CLOSE]
2026-04-25 23:35:17 - Initializing non-lazy collections
2026-04-25 23:35:17 - committing
2026-04-25 23:35:17 - Located HQL query plan in cache (select generatedAlias0 from Site as generatedAlias0 where generatedAlias0.status=:param0)
2026-04-25 23:35:17 - Find: select generatedAlias0 from Site as generatedAlias0 where generatedAlias0.status=:param0
2026-04-25 23:35:17 - Named parameters: {param0=INDEXED}
2026-04-25 23:35:17 - select site0_.id as id1_3_, site0_.last_error as last_err2_3_, site0_.name as name3_3_, site0_.status as status4_3_, site0_.status_time as status_t5_3_, site0_.url as url6_3_ from site site0_ where site0_.status=?
2026-04-25 23:35:17 - Registering last query statement [HikariProxyPreparedStatement@1879308689 wrapping select site0_.id as id1_3_, site0_.last_error as last_err2_3_, site0_.name as name3_3_, site0_.status as status4_3_, site0_.status_time as status_t5_3_, site0_.url as url6_3_ from site site0_ where site0_.status=?]
2026-04-25 23:35:17 - binding parameter [1] as [VARCHAR] - [INDEXED]
2026-04-25 23:35:17 - Starting after statement execution processing [ON_CLOSE]
2026-04-25 23:35:17 - Initializing non-lazy collections
2026-04-25 23:35:17 - begin
2026-04-25 23:35:17 - Located HQL query plan in cache (select generatedAlias0 from Site as generatedAlias0)
2026-04-25 23:35:17 - Find: select generatedAlias0 from Site as generatedAlias0
2026-04-25 23:35:17 - Named parameters: {}
2026-04-25 23:35:17 - select site0_.id as id1_3_, site0_.last_error as last_err2_3_, site0_.name as name3_3_, site0_.status as status4_3_, site0_.status_time as status_t5_3_, site0_.url as url6_3_ from site site0_
2026-04-25 23:35:17 - Registering last query statement [HikariProxyPreparedStatement@1440720722 wrapping select site0_.id as id1_3_, site0_.last_error as last_err2_3_, site0_.name as name3_3_, site0_.status as status4_3_, site0_.status_time as status_t5_3_, site0_.url as url6_3_ from site site0_]
2026-04-25 23:35:17 - Resolving attributes for [searchengine.model.Site#128]
2026-04-25 23:35:17 - Processing attribute `lastError` : value = Индексация остановлена пользователем
2026-04-25 23:35:17 - Attribute (`lastError`)  - enhanced for lazy-loading? - false
2026-04-25 23:35:17 - Processing attribute `name` : value = КИБЕРЛЕНИНКА
2026-04-25 23:35:17 - Attribute (`name`)  - enhanced for lazy-loading? - false
2026-04-25 23:35:17 - Processing attribute `pages` : value = NOT NULL COLLECTION
2026-04-25 23:35:17 - Attribute (`pages`)  - enhanced for lazy-loading? - false
2026-04-25 23:35:17 - Processing attribute `status` : value = FAILED
2026-04-25 23:35:17 - Attribute (`status`)  - enhanced for lazy-loading? - false
2026-04-25 23:35:17 - Processing attribute `statusTime` : value = 2026-04-19T22:03:38.655614
2026-04-25 23:35:17 - Attribute (`statusTime`)  - enhanced for lazy-loading? - false
2026-04-25 23:35:17 - Processing attribute `url` : value = https://cyberleninka.ru/
2026-04-25 23:35:17 - Attribute (`url`)  - enhanced for lazy-loading? - false
2026-04-25 23:35:17 - Done materializing entity [searchengine.model.Site#128]
2026-04-25 23:35:17 - Resolving attributes for [searchengine.model.Site#129]
2026-04-25 23:35:17 - Processing attribute `lastError` : value = Индексация остановлена пользователем
2026-04-25 23:35:17 - Attribute (`lastError`)  - enhanced for lazy-loading? - false
2026-04-25 23:35:17 - Processing attribute `name` : value = Журнал: Аграрная наука
2026-04-25 23:35:17 - Attribute (`name`)  - enhanced for lazy-loading? - false
2026-04-25 23:35:17 - Processing attribute `pages` : value = NOT NULL COLLECTION
2026-04-25 23:35:17 - Attribute (`pages`)  - enhanced for lazy-loading? - false
2026-04-25 23:35:17 - Processing attribute `status` : value = FAILED
2026-04-25 23:35:17 - Attribute (`status`)  - enhanced for lazy-loading? - false
2026-04-25 23:35:17 - Processing attribute `statusTime` : value = 2026-04-19T22:03:38.620442
2026-04-25 23:35:17 - Attribute (`statusTime`)  - enhanced for lazy-loading? - false
2026-04-25 23:35:17 - Processing attribute `url` : value = https://www.vetpress.ru/jour
2026-04-25 23:35:17 - Attribute (`url`)  - enhanced for lazy-loading? - false
2026-04-25 23:35:17 - Done materializing entity [searchengine.model.Site#129]
2026-04-25 23:35:17 - Starting after statement execution processing [ON_CLOSE]
2026-04-25 23:35:17 - Initializing non-lazy collections
2026-04-25 23:35:17 - committing
2026-04-25 23:35:17 - Located HQL query plan in cache (select count(generatedAlias0) from Page as generatedAlias0 where generatedAlias0.site=:param0)
2026-04-25 23:35:17 - Closing JDBC container [org.hibernate.engine.jdbc.internal.JdbcCoordinatorImpl@36072cf8]
2026-04-25 23:35:17 - Find: select count(generatedAlias0) from Page as generatedAlias0 where generatedAlias0.site=:param0
2026-04-25 23:35:17 - Named parameters: {param0=searchengine.model.Site#128}
2026-04-25 23:35:17 - select count(page0_.id) as col_0_0_ from page page0_ where page0_.site_id=?
2026-04-25 23:35:17 - Registering last query statement [HikariProxyPreparedStatement@1560784852 wrapping select count(page0_.id) as col_0_0_ from page page0_ where page0_.site_id=?]
2026-04-25 23:35:17 - binding parameter [1] as [INTEGER] - [128]
2026-04-25 23:35:17 - Starting after statement execution processing [ON_CLOSE]
2026-04-25 23:35:17 - Initializing non-lazy collections
2026-04-25 23:35:17 - Located HQL query plan in cache (select count(generatedAlias0) from Lemma as generatedAlias0 where generatedAlias0.site=:param0)
2026-04-25 23:35:17 - Find: select count(generatedAlias0) from Lemma as generatedAlias0 where generatedAlias0.site=:param0
2026-04-25 23:35:17 - Named parameters: {param0=searchengine.model.Site#128}
2026-04-25 23:35:17 - select count(lemma0_.id) as col_0_0_ from lemma lemma0_ where lemma0_.site_id=?
2026-04-25 23:35:17 - Registering last query statement [HikariProxyPreparedStatement@675430076 wrapping select count(lemma0_.id) as col_0_0_ from lemma lemma0_ where lemma0_.site_id=?]
2026-04-25 23:35:17 - binding parameter [1] as [INTEGER] - [128]
2026-04-25 23:35:17 - Closing JDBC container [org.hibernate.engine.jdbc.internal.JdbcCoordinatorImpl@21d1cc03]
2026-04-25 23:35:17 - Closing JDBC container [org.hibernate.engine.jdbc.internal.JdbcCoordinatorImpl@614beba]
2026-04-25 23:35:17 - Starting after statement execution processing [ON_CLOSE]
2026-04-25 23:35:17 - Initializing non-lazy collections
2026-04-25 23:35:17 - Closing JDBC container [org.hibernate.engine.jdbc.internal.JdbcCoordinatorImpl@49ce0a9e]
2026-04-25 23:35:17 - Located HQL query plan in cache (select count(generatedAlias0) from Topic as generatedAlias0 left join generatedAlias0.site as generatedAlias1 where generatedAlias1.id=:param0)
2026-04-25 23:35:17 - Find: select count(generatedAlias0) from Topic as generatedAlias0 left join generatedAlias0.site as generatedAlias1 where generatedAlias1.id=:param0
2026-04-25 23:35:17 - Named parameters: {param0=128}
2026-04-25 23:35:17 - select count(topic0_.id) as col_0_0_ from topic topic0_ left outer join site site1_ on topic0_.site_id=site1_.id where site1_.id=?
2026-04-25 23:35:17 - Registering last query statement [HikariProxyPreparedStatement@894623179 wrapping select count(topic0_.id) as col_0_0_ from topic topic0_ left outer join site site1_ on topic0_.site_id=site1_.id where site1_.id=?]
2026-04-25 23:35:17 - binding parameter [1] as [INTEGER] - [128]
2026-04-25 23:35:17 - Starting after statement execution processing [ON_CLOSE]
2026-04-25 23:35:17 - Initializing non-lazy collections
2026-04-25 23:35:17 - Located HQL query plan in cache (select count(generatedAlias0) from Page as generatedAlias0 where generatedAlias0.site=:param0)
2026-04-25 23:35:17 - Find: select count(generatedAlias0) from Page as generatedAlias0 where generatedAlias0.site=:param0
2026-04-25 23:35:17 - Named parameters: {param0=searchengine.model.Site#129}
2026-04-25 23:35:17 - select count(page0_.id) as col_0_0_ from page page0_ where page0_.site_id=?
2026-04-25 23:35:17 - Registering last query statement [HikariProxyPreparedStatement@1290951321 wrapping select count(page0_.id) as col_0_0_ from page page0_ where page0_.site_id=?]
2026-04-25 23:35:17 - binding parameter [1] as [INTEGER] - [129]
2026-04-25 23:35:17 - Starting after statement execution processing [ON_CLOSE]
2026-04-25 23:35:17 - Initializing non-lazy collections
2026-04-25 23:35:17 - Located HQL query plan in cache (select count(generatedAlias0) from Lemma as generatedAlias0 where generatedAlias0.site=:param0)
2026-04-25 23:35:17 - Find: select count(generatedAlias0) from Lemma as generatedAlias0 where generatedAlias0.site=:param0
2026-04-25 23:35:17 - Named parameters: {param0=searchengine.model.Site#129}
2026-04-25 23:35:17 - select count(lemma0_.id) as col_0_0_ from lemma lemma0_ where lemma0_.site_id=?
2026-04-25 23:35:17 - Registering last query statement [HikariProxyPreparedStatement@113807645 wrapping select count(lemma0_.id) as col_0_0_ from lemma lemma0_ where lemma0_.site_id=?]
2026-04-25 23:35:17 - binding parameter [1] as [INTEGER] - [129]
2026-04-25 23:35:17 - Starting after statement execution processing [ON_CLOSE]
2026-04-25 23:35:17 - Initializing non-lazy collections
2026-04-25 23:35:17 - Located HQL query plan in cache (select count(generatedAlias0) from Topic as generatedAlias0 left join generatedAlias0.site as generatedAlias1 where generatedAlias1.id=:param0)
2026-04-25 23:35:17 - Find: select count(generatedAlias0) from Topic as generatedAlias0 left join generatedAlias0.site as generatedAlias1 where generatedAlias1.id=:param0
2026-04-25 23:35:17 - Named parameters: {param0=129}
2026-04-25 23:35:17 - select count(topic0_.id) as col_0_0_ from topic topic0_ left outer join site site1_ on topic0_.site_id=site1_.id where site1_.id=?
2026-04-25 23:35:17 - Registering last query statement [HikariProxyPreparedStatement@932664838 wrapping select count(topic0_.id) as col_0_0_ from topic topic0_ left outer join site site1_ on topic0_.site_id=site1_.id where site1_.id=?]
2026-04-25 23:35:17 - binding parameter [1] as [INTEGER] - [129]
2026-04-25 23:35:17 - Starting after statement execution processing [ON_CLOSE]
2026-04-25 23:35:17 - Initializing non-lazy collections
2026-04-25 23:35:17 - Closing JDBC container [org.hibernate.engine.jdbc.internal.JdbcCoordinatorImpl@712e728e]
2026-04-25 23:35:21 - Closing JDBC container [org.hibernate.engine.jdbc.internal.JdbcCoordinatorImpl@1d19dc26]
2026-04-25 23:35:21 - Closing JDBC container [org.hibernate.engine.jdbc.internal.JdbcCoordinatorImpl@2179fd4b]
2026-04-25 23:35:21 - Closing JDBC container [org.hibernate.engine.jdbc.internal.JdbcCoordinatorImpl@4993cfd0]
2026-04-25 23:35:21 - Closing JDBC container [org.hibernate.engine.jdbc.internal.JdbcCoordinatorImpl@28a94745]
2026-04-25 23:35:21 - Closing JDBC container [org.hibernate.engine.jdbc.internal.JdbcCoordinatorImpl@31172983]
2026-04-25 23:35:21 - Closing JDBC container [org.hibernate.engine.jdbc.internal.JdbcCoordinatorImpl@6cce8914]
2026-04-25 23:35:21 - Closing JDBC container [org.hibernate.engine.jdbc.internal.JdbcCoordinatorImpl@15ddb739]
2026-04-25 23:35:21 - Closing JDBC container [org.hibernate.engine.jdbc.internal.JdbcCoordinatorImpl@7fbfac4]
2026-04-25 23:35:21 - Closing JDBC container [org.hibernate.engine.jdbc.internal.JdbcCoordinatorImpl@4271022d]
2026-04-25 23:35:21 - Closing JDBC container [org.hibernate.engine.jdbc.internal.JdbcCoordinatorImpl@672e8564]
2026-04-25 23:35:21 - Closing JDBC container [org.hibernate.engine.jdbc.internal.JdbcCoordinatorImpl@647b7700]
2026-04-25 23:35:21 - Closing JDBC container [org.hibernate.engine.jdbc.internal.JdbcCoordinatorImpl@1819841a]
2026-04-25 23:35:21 - Closing JDBC container [org.hibernate.engine.jdbc.internal.JdbcCoordinatorImpl@33cad547]
2026-04-25 23:35:21 - Closing JDBC container [org.hibernate.engine.jdbc.internal.JdbcCoordinatorImpl@4ddb5220]
2026-04-25 23:35:21 - On TransactionImpl creation, JpaCompliance#isJpaTransactionComplianceEnabled == false
2026-04-25 23:35:21 - begin
2026-04-25 23:35:21 - Located HQL query plan in cache (select count(*) from Site x)
2026-04-25 23:35:21 - Find: select count(*) from Site x
2026-04-25 23:35:21 - Named parameters: {}
2026-04-25 23:35:21 - select count(*) as col_0_0_ from site site0_
2026-04-25 23:35:21 - Registering last query statement [HikariProxyPreparedStatement@1492588698 wrapping select count(*) as col_0_0_ from site site0_]
2026-04-25 23:35:21 - Starting after statement execution processing [ON_CLOSE]
2026-04-25 23:35:21 - Initializing non-lazy collections
2026-04-25 23:35:21 - committing
2026-04-25 23:35:21 - begin
2026-04-25 23:35:21 - Located HQL query plan in cache (select count(*) from Page x)
2026-04-25 23:35:21 - Find: select count(*) from Page x
2026-04-25 23:35:21 - Named parameters: {}
2026-04-25 23:35:21 - select count(*) as col_0_0_ from page page0_
2026-04-25 23:35:21 - Registering last query statement [HikariProxyPreparedStatement@1769032531 wrapping select count(*) as col_0_0_ from page page0_]
2026-04-25 23:35:21 - Starting after statement execution processing [ON_CLOSE]
2026-04-25 23:35:21 - Initializing non-lazy collections
2026-04-25 23:35:21 - committing
2026-04-25 23:35:21 - begin
2026-04-25 23:35:21 - Located HQL query plan in cache (select count(*) from Lemma x)
2026-04-25 23:35:21 - Find: select count(*) from Lemma x
2026-04-25 23:35:21 - Named parameters: {}
2026-04-25 23:35:21 - select count(*) as col_0_0_ from lemma lemma0_
2026-04-25 23:35:21 - Registering last query statement [HikariProxyPreparedStatement@32627641 wrapping select count(*) as col_0_0_ from lemma lemma0_]
2026-04-25 23:35:21 - Starting after statement execution processing [ON_CLOSE]
2026-04-25 23:35:21 - Initializing non-lazy collections
2026-04-25 23:35:21 - committing
2026-04-25 23:35:21 - Located HQL query plan in cache (select generatedAlias0 from Site as generatedAlias0 where generatedAlias0.status=:param0)
2026-04-25 23:35:21 - Find: select generatedAlias0 from Site as generatedAlias0 where generatedAlias0.status=:param0
2026-04-25 23:35:21 - Named parameters: {param0=INDEXED}
2026-04-25 23:35:21 - select site0_.id as id1_3_, site0_.last_error as last_err2_3_, site0_.name as name3_3_, site0_.status as status4_3_, site0_.status_time as status_t5_3_, site0_.url as url6_3_ from site site0_ where site0_.status=?
2026-04-25 23:35:21 - Registering last query statement [HikariProxyPreparedStatement@1313898937 wrapping select site0_.id as id1_3_, site0_.last_error as last_err2_3_, site0_.name as name3_3_, site0_.status as status4_3_, site0_.status_time as status_t5_3_, site0_.url as url6_3_ from site site0_ where site0_.status=?]
2026-04-25 23:35:21 - binding parameter [1] as [VARCHAR] - [INDEXED]
2026-04-25 23:35:21 - Starting after statement execution processing [ON_CLOSE]
2026-04-25 23:35:21 - Initializing non-lazy collections
2026-04-25 23:35:21 - begin
2026-04-25 23:35:21 - Located HQL query plan in cache (select generatedAlias0 from Site as generatedAlias0)
2026-04-25 23:35:21 - Find: select generatedAlias0 from Site as generatedAlias0
2026-04-25 23:35:21 - Named parameters: {}
2026-04-25 23:35:21 - select site0_.id as id1_3_, site0_.last_error as last_err2_3_, site0_.name as name3_3_, site0_.status as status4_3_, site0_.status_time as status_t5_3_, site0_.url as url6_3_ from site site0_
2026-04-25 23:35:21 - Registering last query statement [HikariProxyPreparedStatement@1607853568 wrapping select site0_.id as id1_3_, site0_.last_error as last_err2_3_, site0_.name as name3_3_, site0_.status as status4_3_, site0_.status_time as status_t5_3_, site0_.url as url6_3_ from site site0_]
2026-04-25 23:35:21 - Resolving attributes for [searchengine.model.Site#128]
2026-04-25 23:35:21 - Processing attribute `lastError` : value = Индексация остановлена пользователем
2026-04-25 23:35:21 - Attribute (`lastError`)  - enhanced for lazy-loading? - false
2026-04-25 23:35:21 - Processing attribute `name` : value = КИБЕРЛЕНИНКА
2026-04-25 23:35:21 - Attribute (`name`)  - enhanced for lazy-loading? - false
2026-04-25 23:35:21 - Processing attribute `pages` : value = NOT NULL COLLECTION
2026-04-25 23:35:21 - Attribute (`pages`)  - enhanced for lazy-loading? - false
2026-04-25 23:35:21 - Processing attribute `status` : value = FAILED
2026-04-25 23:35:21 - Attribute (`status`)  - enhanced for lazy-loading? - false
2026-04-25 23:35:21 - Processing attribute `statusTime` : value = 2026-04-19T22:03:38.655614
2026-04-25 23:35:21 - Attribute (`statusTime`)  - enhanced for lazy-loading? - false
2026-04-25 23:35:21 - Processing attribute `url` : value = https://cyberleninka.ru/
2026-04-25 23:35:21 - Attribute (`url`)  - enhanced for lazy-loading? - false
2026-04-25 23:35:21 - Done materializing entity [searchengine.model.Site#128]
2026-04-25 23:35:21 - Resolving attributes for [searchengine.model.Site#129]
2026-04-25 23:35:21 - Processing attribute `lastError` : value = Индексация остановлена пользователем
2026-04-25 23:35:21 - Attribute (`lastError`)  - enhanced for lazy-loading? - false
2026-04-25 23:35:21 - Processing attribute `name` : value = Журнал: Аграрная наука
2026-04-25 23:35:21 - Attribute (`name`)  - enhanced for lazy-loading? - false
2026-04-25 23:35:21 - Processing attribute `pages` : value = NOT NULL COLLECTION
2026-04-25 23:35:21 - Attribute (`pages`)  - enhanced for lazy-loading? - false
2026-04-25 23:35:21 - Processing attribute `status` : value = FAILED
2026-04-25 23:35:21 - Attribute (`status`)  - enhanced for lazy-loading? - false
2026-04-25 23:35:21 - Processing attribute `statusTime` : value = 2026-04-19T22:03:38.620442
2026-04-25 23:35:21 - Attribute (`statusTime`)  - enhanced for lazy-loading? - false
2026-04-25 23:35:21 - Processing attribute `url` : value = https://www.vetpress.ru/jour
2026-04-25 23:35:21 - Attribute (`url`)  - enhanced for lazy-loading? - false
2026-04-25 23:35:21 - Done materializing entity [searchengine.model.Site#129]
2026-04-25 23:35:21 - Starting after statement execution processing [ON_CLOSE]
2026-04-25 23:35:21 - Initializing non-lazy collections
2026-04-25 23:35:21 - committing
2026-04-25 23:35:21 - Located HQL query plan in cache (select count(generatedAlias0) from Page as generatedAlias0 where generatedAlias0.site=:param0)
2026-04-25 23:35:21 - Find: select count(generatedAlias0) from Page as generatedAlias0 where generatedAlias0.site=:param0
2026-04-25 23:35:21 - Named parameters: {param0=searchengine.model.Site#128}
2026-04-25 23:35:21 - select count(page0_.id) as col_0_0_ from page page0_ where page0_.site_id=?
2026-04-25 23:35:21 - Registering last query statement [HikariProxyPreparedStatement@637619523 wrapping select count(page0_.id) as col_0_0_ from page page0_ where page0_.site_id=?]
2026-04-25 23:35:21 - binding parameter [1] as [INTEGER] - [128]
2026-04-25 23:35:21 - Starting after statement execution processing [ON_CLOSE]
2026-04-25 23:35:21 - Initializing non-lazy collections
2026-04-25 23:35:21 - Closing JDBC container [org.hibernate.engine.jdbc.internal.JdbcCoordinatorImpl@5eb6a881]
2026-04-25 23:35:21 - Located HQL query plan in cache (select count(generatedAlias0) from Lemma as generatedAlias0 where generatedAlias0.site=:param0)
2026-04-25 23:35:21 - Find: select count(generatedAlias0) from Lemma as generatedAlias0 where generatedAlias0.site=:param0
2026-04-25 23:35:21 - Named parameters: {param0=searchengine.model.Site#128}
2026-04-25 23:35:21 - select count(lemma0_.id) as col_0_0_ from lemma lemma0_ where lemma0_.site_id=?
2026-04-25 23:35:21 - Registering last query statement [HikariProxyPreparedStatement@2119226272 wrapping select count(lemma0_.id) as col_0_0_ from lemma lemma0_ where lemma0_.site_id=?]
2026-04-25 23:35:21 - binding parameter [1] as [INTEGER] - [128]
2026-04-25 23:35:21 - Closing JDBC container [org.hibernate.engine.jdbc.internal.JdbcCoordinatorImpl@6c7d07f1]
2026-04-25 23:35:21 - Closing JDBC container [org.hibernate.engine.jdbc.internal.JdbcCoordinatorImpl@2170d2e]
2026-04-25 23:35:21 - Starting after statement execution processing [ON_CLOSE]
2026-04-25 23:35:21 - Initializing non-lazy collections
2026-04-25 23:35:21 - Located HQL query plan in cache (select count(generatedAlias0) from Topic as generatedAlias0 left join generatedAlias0.site as generatedAlias1 where generatedAlias1.id=:param0)
2026-04-25 23:35:21 - Find: select count(generatedAlias0) from Topic as generatedAlias0 left join generatedAlias0.site as generatedAlias1 where generatedAlias1.id=:param0
2026-04-25 23:35:21 - Named parameters: {param0=128}
2026-04-25 23:35:21 - select count(topic0_.id) as col_0_0_ from topic topic0_ left outer join site site1_ on topic0_.site_id=site1_.id where site1_.id=?
2026-04-25 23:35:21 - Registering last query statement [HikariProxyPreparedStatement@1793408208 wrapping select count(topic0_.id) as col_0_0_ from topic topic0_ left outer join site site1_ on topic0_.site_id=site1_.id where site1_.id=?]
2026-04-25 23:35:21 - binding parameter [1] as [INTEGER] - [128]
2026-04-25 23:35:21 - Closing JDBC container [org.hibernate.engine.jdbc.internal.JdbcCoordinatorImpl@2e4204e3]
2026-04-25 23:35:21 - Starting after statement execution processing [ON_CLOSE]
2026-04-25 23:35:21 - Initializing non-lazy collections
2026-04-25 23:35:21 - Located HQL query plan in cache (select count(generatedAlias0) from Page as generatedAlias0 where generatedAlias0.site=:param0)
2026-04-25 23:35:21 - Find: select count(generatedAlias0) from Page as generatedAlias0 where generatedAlias0.site=:param0
2026-04-25 23:35:21 - Named parameters: {param0=searchengine.model.Site#129}
2026-04-25 23:35:21 - select count(page0_.id) as col_0_0_ from page page0_ where page0_.site_id=?
2026-04-25 23:35:21 - Registering last query statement [HikariProxyPreparedStatement@209499626 wrapping select count(page0_.id) as col_0_0_ from page page0_ where page0_.site_id=?]
2026-04-25 23:35:21 - binding parameter [1] as [INTEGER] - [129]
2026-04-25 23:35:21 - Starting after statement execution processing [ON_CLOSE]
2026-04-25 23:35:21 - Initializing non-lazy collections
2026-04-25 23:35:21 - Located HQL query plan in cache (select count(generatedAlias0) from Lemma as generatedAlias0 where generatedAlias0.site=:param0)
2026-04-25 23:35:21 - Find: select count(generatedAlias0) from Lemma as generatedAlias0 where generatedAlias0.site=:param0
2026-04-25 23:35:21 - Named parameters: {param0=searchengine.model.Site#129}
2026-04-25 23:35:21 - select count(lemma0_.id) as col_0_0_ from lemma lemma0_ where lemma0_.site_id=?
2026-04-25 23:35:21 - Registering last query statement [HikariProxyPreparedStatement@429418586 wrapping select count(lemma0_.id) as col_0_0_ from lemma lemma0_ where lemma0_.site_id=?]
2026-04-25 23:35:21 - binding parameter [1] as [INTEGER] - [129]
2026-04-25 23:35:21 - Starting after statement execution processing [ON_CLOSE]
2026-04-25 23:35:21 - Initializing non-lazy collections
2026-04-25 23:35:21 - Located HQL query plan in cache (select count(generatedAlias0) from Topic as generatedAlias0 left join generatedAlias0.site as generatedAlias1 where generatedAlias1.id=:param0)
2026-04-25 23:35:21 - Find: select count(generatedAlias0) from Topic as generatedAlias0 left join generatedAlias0.site as generatedAlias1 where generatedAlias1.id=:param0
2026-04-25 23:35:21 - Named parameters: {param0=129}
2026-04-25 23:35:21 - select count(topic0_.id) as col_0_0_ from topic topic0_ left outer join site site1_ on topic0_.site_id=site1_.id where site1_.id=?
2026-04-25 23:35:21 - Registering last query statement [HikariProxyPreparedStatement@1241161179 wrapping select count(topic0_.id) as col_0_0_ from topic topic0_ left outer join site site1_ on topic0_.site_id=site1_.id where site1_.id=?]
2026-04-25 23:35:21 - binding parameter [1] as [INTEGER] - [129]
2026-04-25 23:35:21 - Starting after statement execution processing [ON_CLOSE]
2026-04-25 23:35:21 - Initializing non-lazy collections
2026-04-25 23:35:21 - Closing JDBC container [org.hibernate.engine.jdbc.internal.JdbcCoordinatorImpl@fdde3e4]
2026-04-25 23:35:23 - Closing JDBC container [org.hibernate.engine.jdbc.internal.JdbcCoordinatorImpl@59c7449b]
2026-04-25 23:35:23 - On TransactionImpl creation, JpaCompliance#isJpaTransactionComplianceEnabled == false
2026-04-25 23:35:23 - begin
2026-04-25 23:35:23 - Located HQL query plan in cache (select count(*) from Site x)
2026-04-25 23:35:23 - Find: select count(*) from Site x
2026-04-25 23:35:23 - Named parameters: {}
2026-04-25 23:35:23 - select count(*) as col_0_0_ from site site0_
2026-04-25 23:35:23 - Registering last query statement [HikariProxyPreparedStatement@438710181 wrapping select count(*) as col_0_0_ from site site0_]
2026-04-25 23:35:23 - Starting after statement execution processing [ON_CLOSE]
2026-04-25 23:35:23 - Initializing non-lazy collections
2026-04-25 23:35:23 - committing
2026-04-25 23:35:23 - begin
2026-04-25 23:35:23 - Located HQL query plan in cache (select count(*) from Page x)
2026-04-25 23:35:23 - Find: select count(*) from Page x
2026-04-25 23:35:23 - Named parameters: {}
2026-04-25 23:35:23 - select count(*) as col_0_0_ from page page0_
2026-04-25 23:35:23 - Registering last query statement [HikariProxyPreparedStatement@1629326301 wrapping select count(*) as col_0_0_ from page page0_]
2026-04-25 23:35:23 - Starting after statement execution processing [ON_CLOSE]
2026-04-25 23:35:23 - Initializing non-lazy collections
2026-04-25 23:35:23 - committing
2026-04-25 23:35:23 - begin
2026-04-25 23:35:23 - Located HQL query plan in cache (select count(*) from Lemma x)
2026-04-25 23:35:23 - Find: select count(*) from Lemma x
2026-04-25 23:35:23 - Named parameters: {}
2026-04-25 23:35:23 - select count(*) as col_0_0_ from lemma lemma0_
2026-04-25 23:35:23 - Registering last query statement [HikariProxyPreparedStatement@1738472630 wrapping select count(*) as col_0_0_ from lemma lemma0_]
2026-04-25 23:35:23 - Starting after statement execution processing [ON_CLOSE]
2026-04-25 23:35:23 - Initializing non-lazy collections
2026-04-25 23:35:23 - committing
2026-04-25 23:35:23 - Located HQL query plan in cache (select generatedAlias0 from Site as generatedAlias0 where generatedAlias0.status=:param0)
2026-04-25 23:35:23 - Find: select generatedAlias0 from Site as generatedAlias0 where generatedAlias0.status=:param0
2026-04-25 23:35:23 - Named parameters: {param0=INDEXED}
2026-04-25 23:35:23 - select site0_.id as id1_3_, site0_.last_error as last_err2_3_, site0_.name as name3_3_, site0_.status as status4_3_, site0_.status_time as status_t5_3_, site0_.url as url6_3_ from site site0_ where site0_.status=?
2026-04-25 23:35:23 - Registering last query statement [HikariProxyPreparedStatement@106500479 wrapping select site0_.id as id1_3_, site0_.last_error as last_err2_3_, site0_.name as name3_3_, site0_.status as status4_3_, site0_.status_time as status_t5_3_, site0_.url as url6_3_ from site site0_ where site0_.status=?]
2026-04-25 23:35:23 - binding parameter [1] as [VARCHAR] - [INDEXED]
2026-04-25 23:35:23 - Starting after statement execution processing [ON_CLOSE]
2026-04-25 23:35:23 - Initializing non-lazy collections
2026-04-25 23:35:23 - begin
2026-04-25 23:35:23 - Located HQL query plan in cache (select generatedAlias0 from Site as generatedAlias0)
2026-04-25 23:35:23 - Find: select generatedAlias0 from Site as generatedAlias0
2026-04-25 23:35:23 - Named parameters: {}
2026-04-25 23:35:23 - select site0_.id as id1_3_, site0_.last_error as last_err2_3_, site0_.name as name3_3_, site0_.status as status4_3_, site0_.status_time as status_t5_3_, site0_.url as url6_3_ from site site0_
2026-04-25 23:35:23 - Registering last query statement [HikariProxyPreparedStatement@583779560 wrapping select site0_.id as id1_3_, site0_.last_error as last_err2_3_, site0_.name as name3_3_, site0_.status as status4_3_, site0_.status_time as status_t5_3_, site0_.url as url6_3_ from site site0_]
2026-04-25 23:35:23 - Resolving attributes for [searchengine.model.Site#128]
2026-04-25 23:35:23 - Processing attribute `lastError` : value = Индексация остановлена пользователем
2026-04-25 23:35:23 - Attribute (`lastError`)  - enhanced for lazy-loading? - false
2026-04-25 23:35:23 - Processing attribute `name` : value = КИБЕРЛЕНИНКА
2026-04-25 23:35:23 - Attribute (`name`)  - enhanced for lazy-loading? - false
2026-04-25 23:35:23 - Processing attribute `pages` : value = NOT NULL COLLECTION
2026-04-25 23:35:23 - Attribute (`pages`)  - enhanced for lazy-loading? - false
2026-04-25 23:35:23 - Processing attribute `status` : value = FAILED
2026-04-25 23:35:23 - Attribute (`status`)  - enhanced for lazy-loading? - false
2026-04-25 23:35:23 - Processing attribute `statusTime` : value = 2026-04-19T22:03:38.655614
2026-04-25 23:35:23 - Attribute (`statusTime`)  - enhanced for lazy-loading? - false
2026-04-25 23:35:23 - Processing attribute `url` : value = https://cyberleninka.ru/
2026-04-25 23:35:23 - Attribute (`url`)  - enhanced for lazy-loading? - false
2026-04-25 23:35:23 - Done materializing entity [searchengine.model.Site#128]
2026-04-25 23:35:23 - Resolving attributes for [searchengine.model.Site#129]
2026-04-25 23:35:23 - Processing attribute `lastError` : value = Индексация остановлена пользователем
2026-04-25 23:35:23 - Attribute (`lastError`)  - enhanced for lazy-loading? - false
2026-04-25 23:35:23 - Processing attribute `name` : value = Журнал: Аграрная наука
2026-04-25 23:35:23 - Attribute (`name`)  - enhanced for lazy-loading? - false
2026-04-25 23:35:23 - Processing attribute `pages` : value = NOT NULL COLLECTION
2026-04-25 23:35:23 - Attribute (`pages`)  - enhanced for lazy-loading? - false
2026-04-25 23:35:23 - Processing attribute `status` : value = FAILED
2026-04-25 23:35:23 - Attribute (`status`)  - enhanced for lazy-loading? - false
2026-04-25 23:35:23 - Processing attribute `statusTime` : value = 2026-04-19T22:03:38.620442
2026-04-25 23:35:23 - Attribute (`statusTime`)  - enhanced for lazy-loading? - false
2026-04-25 23:35:23 - Processing attribute `url` : value = https://www.vetpress.ru/jour
2026-04-25 23:35:23 - Attribute (`url`)  - enhanced for lazy-loading? - false
2026-04-25 23:35:23 - Done materializing entity [searchengine.model.Site#129]
2026-04-25 23:35:23 - Starting after statement execution processing [ON_CLOSE]
2026-04-25 23:35:23 - Initializing non-lazy collections
2026-04-25 23:35:23 - committing
2026-04-25 23:35:23 - Located HQL query plan in cache (select count(generatedAlias0) from Page as generatedAlias0 where generatedAlias0.site=:param0)
2026-04-25 23:35:23 - Find: select count(generatedAlias0) from Page as generatedAlias0 where generatedAlias0.site=:param0
2026-04-25 23:35:23 - Named parameters: {param0=searchengine.model.Site#128}
2026-04-25 23:35:23 - select count(page0_.id) as col_0_0_ from page page0_ where page0_.site_id=?
2026-04-25 23:35:23 - Registering last query statement [HikariProxyPreparedStatement@827138086 wrapping select count(page0_.id) as col_0_0_ from page page0_ where page0_.site_id=?]
2026-04-25 23:35:23 - binding parameter [1] as [INTEGER] - [128]
2026-04-25 23:35:23 - Starting after statement execution processing [ON_CLOSE]
2026-04-25 23:35:23 - Initializing non-lazy collections
2026-04-25 23:35:23 - Located HQL query plan in cache (select count(generatedAlias0) from Lemma as generatedAlias0 where generatedAlias0.site=:param0)
2026-04-25 23:35:23 - Find: select count(generatedAlias0) from Lemma as generatedAlias0 where generatedAlias0.site=:param0
2026-04-25 23:35:23 - Named parameters: {param0=searchengine.model.Site#128}
2026-04-25 23:35:23 - select count(lemma0_.id) as col_0_0_ from lemma lemma0_ where lemma0_.site_id=?
2026-04-25 23:35:23 - Registering last query statement [HikariProxyPreparedStatement@896873453 wrapping select count(lemma0_.id) as col_0_0_ from lemma lemma0_ where lemma0_.site_id=?]
2026-04-25 23:35:23 - binding parameter [1] as [INTEGER] - [128]
2026-04-25 23:35:23 - Starting after statement execution processing [ON_CLOSE]
2026-04-25 23:35:23 - Initializing non-lazy collections
2026-04-25 23:35:23 - Located HQL query plan in cache (select count(generatedAlias0) from Topic as generatedAlias0 left join generatedAlias0.site as generatedAlias1 where generatedAlias1.id=:param0)
2026-04-25 23:35:23 - Find: select count(generatedAlias0) from Topic as generatedAlias0 left join generatedAlias0.site as generatedAlias1 where generatedAlias1.id=:param0
2026-04-25 23:35:23 - Named parameters: {param0=128}
2026-04-25 23:35:23 - select count(topic0_.id) as col_0_0_ from topic topic0_ left outer join site site1_ on topic0_.site_id=site1_.id where site1_.id=?
2026-04-25 23:35:23 - Registering last query statement [HikariProxyPreparedStatement@230271481 wrapping select count(topic0_.id) as col_0_0_ from topic topic0_ left outer join site site1_ on topic0_.site_id=site1_.id where site1_.id=?]
2026-04-25 23:35:23 - binding parameter [1] as [INTEGER] - [128]
2026-04-25 23:35:23 - Starting after statement execution processing [ON_CLOSE]
2026-04-25 23:35:23 - Initializing non-lazy collections
2026-04-25 23:35:23 - Located HQL query plan in cache (select count(generatedAlias0) from Page as generatedAlias0 where generatedAlias0.site=:param0)
2026-04-25 23:35:23 - Find: select count(generatedAlias0) from Page as generatedAlias0 where generatedAlias0.site=:param0
2026-04-25 23:35:23 - Named parameters: {param0=searchengine.model.Site#129}
2026-04-25 23:35:23 - select count(page0_.id) as col_0_0_ from page page0_ where page0_.site_id=?
2026-04-25 23:35:23 - Registering last query statement [HikariProxyPreparedStatement@1941696543 wrapping select count(page0_.id) as col_0_0_ from page page0_ where page0_.site_id=?]
2026-04-25 23:35:23 - binding parameter [1] as [INTEGER] - [129]
2026-04-25 23:35:23 - Starting after statement execution processing [ON_CLOSE]
2026-04-25 23:35:23 - Initializing non-lazy collections
2026-04-25 23:35:23 - Located HQL query plan in cache (select count(generatedAlias0) from Lemma as generatedAlias0 where generatedAlias0.site=:param0)
2026-04-25 23:35:23 - Find: select count(generatedAlias0) from Lemma as generatedAlias0 where generatedAlias0.site=:param0
2026-04-25 23:35:23 - Named parameters: {param0=searchengine.model.Site#129}
2026-04-25 23:35:23 - select count(lemma0_.id) as col_0_0_ from lemma lemma0_ where lemma0_.site_id=?
2026-04-25 23:35:23 - Registering last query statement [HikariProxyPreparedStatement@157391247 wrapping select count(lemma0_.id) as col_0_0_ from lemma lemma0_ where lemma0_.site_id=?]
2026-04-25 23:35:23 - binding parameter [1] as [INTEGER] - [129]
2026-04-25 23:35:23 - Starting after statement execution processing [ON_CLOSE]
2026-04-25 23:35:23 - Initializing non-lazy collections
2026-04-25 23:35:23 - Located HQL query plan in cache (select count(generatedAlias0) from Topic as generatedAlias0 left join generatedAlias0.site as generatedAlias1 where generatedAlias1.id=:param0)
2026-04-25 23:35:23 - Find: select count(generatedAlias0) from Topic as generatedAlias0 left join generatedAlias0.site as generatedAlias1 where generatedAlias1.id=:param0
2026-04-25 23:35:23 - Named parameters: {param0=129}
2026-04-25 23:35:23 - select count(topic0_.id) as col_0_0_ from topic topic0_ left outer join site site1_ on topic0_.site_id=site1_.id where site1_.id=?
2026-04-25 23:35:23 - Registering last query statement [HikariProxyPreparedStatement@542918945 wrapping select count(topic0_.id) as col_0_0_ from topic topic0_ left outer join site site1_ on topic0_.site_id=site1_.id where site1_.id=?]
2026-04-25 23:35:23 - binding parameter [1] as [INTEGER] - [129]
2026-04-25 23:35:23 - Starting after statement execution processing [ON_CLOSE]
2026-04-25 23:35:23 - Initializing non-lazy collections
2026-04-25 23:35:23 - Closing JDBC container [org.hibernate.engine.jdbc.internal.JdbcCoordinatorImpl@54eb9a2e]
2026-04-25 23:35:23 - Closing JDBC container [org.hibernate.engine.jdbc.internal.JdbcCoordinatorImpl@6a04c8e1]
2026-04-25 23:35:23 - Closing JDBC container [org.hibernate.engine.jdbc.internal.JdbcCoordinatorImpl@5cc5033a]
2026-04-25 23:35:23 - On TransactionImpl creation, JpaCompliance#isJpaTransactionComplianceEnabled == false
2026-04-25 23:35:23 - begin
2026-04-25 23:35:23 - Located HQL query plan in cache (select count(*) from Site x)
2026-04-25 23:35:23 - Find: select count(*) from Site x
2026-04-25 23:35:23 - Named parameters: {}
2026-04-25 23:35:23 - select count(*) as col_0_0_ from site site0_
2026-04-25 23:35:23 - Registering last query statement [HikariProxyPreparedStatement@992492381 wrapping select count(*) as col_0_0_ from site site0_]
2026-04-25 23:35:23 - Starting after statement execution processing [ON_CLOSE]
2026-04-25 23:35:23 - Initializing non-lazy collections
2026-04-25 23:35:23 - committing
2026-04-25 23:35:23 - begin
2026-04-25 23:35:23 - Located HQL query plan in cache (select count(*) from Page x)
2026-04-25 23:35:23 - Find: select count(*) from Page x
2026-04-25 23:35:23 - Named parameters: {}
2026-04-25 23:35:23 - select count(*) as col_0_0_ from page page0_
2026-04-25 23:35:23 - Registering last query statement [HikariProxyPreparedStatement@657755882 wrapping select count(*) as col_0_0_ from page page0_]
2026-04-25 23:35:23 - Starting after statement execution processing [ON_CLOSE]
2026-04-25 23:35:23 - Initializing non-lazy collections
2026-04-25 23:35:23 - committing
2026-04-25 23:35:23 - begin
2026-04-25 23:35:23 - Located HQL query plan in cache (select count(*) from Lemma x)
2026-04-25 23:35:23 - Find: select count(*) from Lemma x
2026-04-25 23:35:23 - Named parameters: {}
2026-04-25 23:35:23 - select count(*) as col_0_0_ from lemma lemma0_
2026-04-25 23:35:23 - Registering last query statement [HikariProxyPreparedStatement@539791888 wrapping select count(*) as col_0_0_ from lemma lemma0_]
2026-04-25 23:35:24 - Starting after statement execution processing [ON_CLOSE]
2026-04-25 23:35:24 - Initializing non-lazy collections
2026-04-25 23:35:24 - committing
2026-04-25 23:35:24 - Located HQL query plan in cache (select generatedAlias0 from Site as generatedAlias0 where generatedAlias0.status=:param0)
2026-04-25 23:35:24 - Find: select generatedAlias0 from Site as generatedAlias0 where generatedAlias0.status=:param0
2026-04-25 23:35:24 - Named parameters: {param0=INDEXED}
2026-04-25 23:35:24 - select site0_.id as id1_3_, site0_.last_error as last_err2_3_, site0_.name as name3_3_, site0_.status as status4_3_, site0_.status_time as status_t5_3_, site0_.url as url6_3_ from site site0_ where site0_.status=?
2026-04-25 23:35:24 - Registering last query statement [HikariProxyPreparedStatement@64679325 wrapping select site0_.id as id1_3_, site0_.last_error as last_err2_3_, site0_.name as name3_3_, site0_.status as status4_3_, site0_.status_time as status_t5_3_, site0_.url as url6_3_ from site site0_ where site0_.status=?]
2026-04-25 23:35:24 - binding parameter [1] as [VARCHAR] - [INDEXED]
2026-04-25 23:35:24 - Starting after statement execution processing [ON_CLOSE]
2026-04-25 23:35:24 - Initializing non-lazy collections
2026-04-25 23:35:24 - begin
2026-04-25 23:35:24 - Located HQL query plan in cache (select generatedAlias0 from Site as generatedAlias0)
2026-04-25 23:35:24 - Find: select generatedAlias0 from Site as generatedAlias0
2026-04-25 23:35:24 - Named parameters: {}
2026-04-25 23:35:24 - select site0_.id as id1_3_, site0_.last_error as last_err2_3_, site0_.name as name3_3_, site0_.status as status4_3_, site0_.status_time as status_t5_3_, site0_.url as url6_3_ from site site0_
2026-04-25 23:35:24 - Registering last query statement [HikariProxyPreparedStatement@1802727123 wrapping select site0_.id as id1_3_, site0_.last_error as last_err2_3_, site0_.name as name3_3_, site0_.status as status4_3_, site0_.status_time as status_t5_3_, site0_.url as url6_3_ from site site0_]
2026-04-25 23:35:24 - Resolving attributes for [searchengine.model.Site#128]
2026-04-25 23:35:24 - Processing attribute `lastError` : value = Индексация остановлена пользователем
2026-04-25 23:35:24 - Attribute (`lastError`)  - enhanced for lazy-loading? - false
2026-04-25 23:35:24 - Processing attribute `name` : value = КИБЕРЛЕНИНКА
2026-04-25 23:35:24 - Attribute (`name`)  - enhanced for lazy-loading? - false
2026-04-25 23:35:24 - Processing attribute `pages` : value = NOT NULL COLLECTION
2026-04-25 23:35:24 - Attribute (`pages`)  - enhanced for lazy-loading? - false
2026-04-25 23:35:24 - Processing attribute `status` : value = FAILED
2026-04-25 23:35:24 - Attribute (`status`)  - enhanced for lazy-loading? - false
2026-04-25 23:35:24 - Processing attribute `statusTime` : value = 2026-04-19T22:03:38.655614
2026-04-25 23:35:24 - Attribute (`statusTime`)  - enhanced for lazy-loading? - false
2026-04-25 23:35:24 - Processing attribute `url` : value = https://cyberleninka.ru/
2026-04-25 23:35:24 - Attribute (`url`)  - enhanced for lazy-loading? - false
2026-04-25 23:35:24 - Done materializing entity [searchengine.model.Site#128]
2026-04-25 23:35:24 - Resolving attributes for [searchengine.model.Site#129]
2026-04-25 23:35:24 - Processing attribute `lastError` : value = Индексация остановлена пользователем
2026-04-25 23:35:24 - Attribute (`lastError`)  - enhanced for lazy-loading? - false
2026-04-25 23:35:24 - Processing attribute `name` : value = Журнал: Аграрная наука
2026-04-25 23:35:24 - Attribute (`name`)  - enhanced for lazy-loading? - false
2026-04-25 23:35:24 - Processing attribute `pages` : value = NOT NULL COLLECTION
2026-04-25 23:35:24 - Attribute (`pages`)  - enhanced for lazy-loading? - false
2026-04-25 23:35:24 - Processing attribute `status` : value = FAILED
2026-04-25 23:35:24 - Attribute (`status`)  - enhanced for lazy-loading? - false
2026-04-25 23:35:24 - Processing attribute `statusTime` : value = 2026-04-19T22:03:38.620442
2026-04-25 23:35:24 - Attribute (`statusTime`)  - enhanced for lazy-loading? - false
2026-04-25 23:35:24 - Processing attribute `url` : value = https://www.vetpress.ru/jour
2026-04-25 23:35:24 - Attribute (`url`)  - enhanced for lazy-loading? - false
2026-04-25 23:35:24 - Done materializing entity [searchengine.model.Site#129]
2026-04-25 23:35:24 - Starting after statement execution processing [ON_CLOSE]
2026-04-25 23:35:24 - Initializing non-lazy collections
2026-04-25 23:35:24 - committing
2026-04-25 23:35:24 - Located HQL query plan in cache (select count(generatedAlias0) from Page as generatedAlias0 where generatedAlias0.site=:param0)
2026-04-25 23:35:24 - Find: select count(generatedAlias0) from Page as generatedAlias0 where generatedAlias0.site=:param0
2026-04-25 23:35:24 - Named parameters: {param0=searchengine.model.Site#128}
2026-04-25 23:35:24 - select count(page0_.id) as col_0_0_ from page page0_ where page0_.site_id=?
2026-04-25 23:35:24 - Registering last query statement [HikariProxyPreparedStatement@897301950 wrapping select count(page0_.id) as col_0_0_ from page page0_ where page0_.site_id=?]
2026-04-25 23:35:24 - binding parameter [1] as [INTEGER] - [128]
2026-04-25 23:35:24 - Starting after statement execution processing [ON_CLOSE]
2026-04-25 23:35:24 - Initializing non-lazy collections
2026-04-25 23:35:24 - Located HQL query plan in cache (select count(generatedAlias0) from Lemma as generatedAlias0 where generatedAlias0.site=:param0)
2026-04-25 23:35:24 - Find: select count(generatedAlias0) from Lemma as generatedAlias0 where generatedAlias0.site=:param0
2026-04-25 23:35:24 - Named parameters: {param0=searchengine.model.Site#128}
2026-04-25 23:35:24 - select count(lemma0_.id) as col_0_0_ from lemma lemma0_ where lemma0_.site_id=?
2026-04-25 23:35:24 - Registering last query statement [HikariProxyPreparedStatement@1544276089 wrapping select count(lemma0_.id) as col_0_0_ from lemma lemma0_ where lemma0_.site_id=?]
2026-04-25 23:35:24 - binding parameter [1] as [INTEGER] - [128]
2026-04-25 23:35:24 - Starting after statement execution processing [ON_CLOSE]
2026-04-25 23:35:24 - Initializing non-lazy collections
2026-04-25 23:35:24 - Located HQL query plan in cache (select count(generatedAlias0) from Topic as generatedAlias0 left join generatedAlias0.site as generatedAlias1 where generatedAlias1.id=:param0)
2026-04-25 23:35:24 - Find: select count(generatedAlias0) from Topic as generatedAlias0 left join generatedAlias0.site as generatedAlias1 where generatedAlias1.id=:param0
2026-04-25 23:35:24 - Named parameters: {param0=128}
2026-04-25 23:35:24 - select count(topic0_.id) as col_0_0_ from topic topic0_ left outer join site site1_ on topic0_.site_id=site1_.id where site1_.id=?
2026-04-25 23:35:24 - Registering last query statement [HikariProxyPreparedStatement@480341020 wrapping select count(topic0_.id) as col_0_0_ from topic topic0_ left outer join site site1_ on topic0_.site_id=site1_.id where site1_.id=?]
2026-04-25 23:35:24 - binding parameter [1] as [INTEGER] - [128]
2026-04-25 23:35:24 - Starting after statement execution processing [ON_CLOSE]
2026-04-25 23:35:24 - Initializing non-lazy collections
2026-04-25 23:35:24 - Located HQL query plan in cache (select count(generatedAlias0) from Page as generatedAlias0 where generatedAlias0.site=:param0)
2026-04-25 23:35:24 - Find: select count(generatedAlias0) from Page as generatedAlias0 where generatedAlias0.site=:param0
2026-04-25 23:35:24 - Named parameters: {param0=searchengine.model.Site#129}
2026-04-25 23:35:24 - select count(page0_.id) as col_0_0_ from page page0_ where page0_.site_id=?
2026-04-25 23:35:24 - Registering last query statement [HikariProxyPreparedStatement@1928575256 wrapping select count(page0_.id) as col_0_0_ from page page0_ where page0_.site_id=?]
2026-04-25 23:35:24 - binding parameter [1] as [INTEGER] - [129]
2026-04-25 23:35:24 - Starting after statement execution processing [ON_CLOSE]
2026-04-25 23:35:24 - Initializing non-lazy collections
2026-04-25 23:35:24 - Located HQL query plan in cache (select count(generatedAlias0) from Lemma as generatedAlias0 where generatedAlias0.site=:param0)
2026-04-25 23:35:24 - Find: select count(generatedAlias0) from Lemma as generatedAlias0 where generatedAlias0.site=:param0
2026-04-25 23:35:24 - Named parameters: {param0=searchengine.model.Site#129}
2026-04-25 23:35:24 - select count(lemma0_.id) as col_0_0_ from lemma lemma0_ where lemma0_.site_id=?
2026-04-25 23:35:24 - Registering last query statement [HikariProxyPreparedStatement@1815668822 wrapping select count(lemma0_.id) as col_0_0_ from lemma lemma0_ where lemma0_.site_id=?]
2026-04-25 23:35:24 - binding parameter [1] as [INTEGER] - [129]
2026-04-25 23:35:24 - Starting after statement execution processing [ON_CLOSE]
2026-04-25 23:35:24 - Initializing non-lazy collections
2026-04-25 23:35:24 - Located HQL query plan in cache (select count(generatedAlias0) from Topic as generatedAlias0 left join generatedAlias0.site as generatedAlias1 where generatedAlias1.id=:param0)
2026-04-25 23:35:24 - Find: select count(generatedAlias0) from Topic as generatedAlias0 left join generatedAlias0.site as generatedAlias1 where generatedAlias1.id=:param0
2026-04-25 23:35:24 - Named parameters: {param0=129}
2026-04-25 23:35:24 - select count(topic0_.id) as col_0_0_ from topic topic0_ left outer join site site1_ on topic0_.site_id=site1_.id where site1_.id=?
2026-04-25 23:35:24 - Registering last query statement [HikariProxyPreparedStatement@1016148193 wrapping select count(topic0_.id) as col_0_0_ from topic topic0_ left outer join site site1_ on topic0_.site_id=site1_.id where site1_.id=?]
2026-04-25 23:35:24 - binding parameter [1] as [INTEGER] - [129]
2026-04-25 23:35:24 - Starting after statement execution processing [ON_CLOSE]
2026-04-25 23:35:24 - Initializing non-lazy collections
2026-04-25 23:35:24 - Closing JDBC container [org.hibernate.engine.jdbc.internal.JdbcCoordinatorImpl@19f5daf0]
2026-04-25 23:35:29 - Closing JDBC container [org.hibernate.engine.jdbc.internal.JdbcCoordinatorImpl@56b4906c]
2026-04-25 23:35:29 - Closing JDBC container [org.hibernate.engine.jdbc.internal.JdbcCoordinatorImpl@2c4487df]
2026-04-25 23:35:29 - Closing JDBC container [org.hibernate.engine.jdbc.internal.JdbcCoordinatorImpl@5628d3b7]
2026-04-25 23:35:29 - Closing JDBC container [org.hibernate.engine.jdbc.internal.JdbcCoordinatorImpl@32a159f]
2026-04-25 23:35:29 - Closing JDBC container [org.hibernate.engine.jdbc.internal.JdbcCoordinatorImpl@2ac6039c]
2026-04-25 23:35:29 - Closing JDBC container [org.hibernate.engine.jdbc.internal.JdbcCoordinatorImpl@5367974c]
2026-04-25 23:35:29 - Closing JDBC container [org.hibernate.engine.jdbc.internal.JdbcCoordinatorImpl@24b3c192]
2026-04-25 23:35:29 - Closing JDBC container [org.hibernate.engine.jdbc.internal.JdbcCoordinatorImpl@390be6bf]
2026-04-25 23:35:29 - Closing JDBC container [org.hibernate.engine.jdbc.internal.JdbcCoordinatorImpl@5fb925ae]
2026-04-25 23:35:29 - Closing JDBC container [org.hibernate.engine.jdbc.internal.JdbcCoordinatorImpl@b7fba3d]
2026-04-25 23:35:29 - Closing JDBC container [org.hibernate.engine.jdbc.internal.JdbcCoordinatorImpl@618f738e]
2026-04-25 23:35:29 - Closing JDBC container [org.hibernate.engine.jdbc.internal.JdbcCoordinatorImpl@3b95209b]
2026-04-25 23:35:29 - Closing JDBC container [org.hibernate.engine.jdbc.internal.JdbcCoordinatorImpl@485398e2]
2026-04-25 23:35:29 - Closing JDBC container [org.hibernate.engine.jdbc.internal.JdbcCoordinatorImpl@3dc8d273]
2026-04-25 23:35:29 - On TransactionImpl creation, JpaCompliance#isJpaTransactionComplianceEnabled == false
2026-04-25 23:35:29 - begin
2026-04-25 23:35:29 - Located HQL query plan in cache (select count(*) from Site x)
2026-04-25 23:35:29 - Find: select count(*) from Site x
2026-04-25 23:35:29 - Named parameters: {}
2026-04-25 23:35:29 - select count(*) as col_0_0_ from site site0_
2026-04-25 23:35:29 - Registering last query statement [HikariProxyPreparedStatement@1546636866 wrapping select count(*) as col_0_0_ from site site0_]
2026-04-25 23:35:29 - Starting after statement execution processing [ON_CLOSE]
2026-04-25 23:35:29 - Initializing non-lazy collections
2026-04-25 23:35:29 - committing
2026-04-25 23:35:29 - begin
2026-04-25 23:35:29 - Located HQL query plan in cache (select count(*) from Page x)
2026-04-25 23:35:29 - Find: select count(*) from Page x
2026-04-25 23:35:29 - Named parameters: {}
2026-04-25 23:35:29 - select count(*) as col_0_0_ from page page0_
2026-04-25 23:35:29 - Registering last query statement [HikariProxyPreparedStatement@1479582646 wrapping select count(*) as col_0_0_ from page page0_]
2026-04-25 23:35:29 - Starting after statement execution processing [ON_CLOSE]
2026-04-25 23:35:29 - Initializing non-lazy collections
2026-04-25 23:35:29 - committing
2026-04-25 23:35:29 - begin
2026-04-25 23:35:29 - Located HQL query plan in cache (select count(*) from Lemma x)
2026-04-25 23:35:29 - Find: select count(*) from Lemma x
2026-04-25 23:35:29 - Named parameters: {}
2026-04-25 23:35:29 - select count(*) as col_0_0_ from lemma lemma0_
2026-04-25 23:35:29 - Registering last query statement [HikariProxyPreparedStatement@1087031737 wrapping select count(*) as col_0_0_ from lemma lemma0_]
2026-04-25 23:35:29 - Starting after statement execution processing [ON_CLOSE]
2026-04-25 23:35:29 - Initializing non-lazy collections
2026-04-25 23:35:29 - committing
2026-04-25 23:35:29 - Located HQL query plan in cache (select generatedAlias0 from Site as generatedAlias0 where generatedAlias0.status=:param0)
2026-04-25 23:35:29 - Find: select generatedAlias0 from Site as generatedAlias0 where generatedAlias0.status=:param0
2026-04-25 23:35:29 - Named parameters: {param0=INDEXED}
2026-04-25 23:35:29 - select site0_.id as id1_3_, site0_.last_error as last_err2_3_, site0_.name as name3_3_, site0_.status as status4_3_, site0_.status_time as status_t5_3_, site0_.url as url6_3_ from site site0_ where site0_.status=?
2026-04-25 23:35:29 - Registering last query statement [HikariProxyPreparedStatement@626874850 wrapping select site0_.id as id1_3_, site0_.last_error as last_err2_3_, site0_.name as name3_3_, site0_.status as status4_3_, site0_.status_time as status_t5_3_, site0_.url as url6_3_ from site site0_ where site0_.status=?]
2026-04-25 23:35:29 - binding parameter [1] as [VARCHAR] - [INDEXED]
2026-04-25 23:35:29 - Starting after statement execution processing [ON_CLOSE]
2026-04-25 23:35:29 - Initializing non-lazy collections
2026-04-25 23:35:29 - begin
2026-04-25 23:35:29 - Located HQL query plan in cache (select generatedAlias0 from Site as generatedAlias0)
2026-04-25 23:35:29 - Find: select generatedAlias0 from Site as generatedAlias0
2026-04-25 23:35:29 - Named parameters: {}
2026-04-25 23:35:29 - select site0_.id as id1_3_, site0_.last_error as last_err2_3_, site0_.name as name3_3_, site0_.status as status4_3_, site0_.status_time as status_t5_3_, site0_.url as url6_3_ from site site0_
2026-04-25 23:35:29 - Registering last query statement [HikariProxyPreparedStatement@1753089588 wrapping select site0_.id as id1_3_, site0_.last_error as last_err2_3_, site0_.name as name3_3_, site0_.status as status4_3_, site0_.status_time as status_t5_3_, site0_.url as url6_3_ from site site0_]
2026-04-25 23:35:29 - Resolving attributes for [searchengine.model.Site#128]
2026-04-25 23:35:29 - Processing attribute `lastError` : value = Индексация остановлена пользователем
2026-04-25 23:35:29 - Attribute (`lastError`)  - enhanced for lazy-loading? - false
2026-04-25 23:35:29 - Processing attribute `name` : value = КИБЕРЛЕНИНКА
2026-04-25 23:35:29 - Attribute (`name`)  - enhanced for lazy-loading? - false
2026-04-25 23:35:29 - Processing attribute `pages` : value = NOT NULL COLLECTION
2026-04-25 23:35:29 - Attribute (`pages`)  - enhanced for lazy-loading? - false
2026-04-25 23:35:29 - Processing attribute `status` : value = FAILED
2026-04-25 23:35:29 - Attribute (`status`)  - enhanced for lazy-loading? - false
2026-04-25 23:35:29 - Processing attribute `statusTime` : value = 2026-04-19T22:03:38.655614
2026-04-25 23:35:29 - Attribute (`statusTime`)  - enhanced for lazy-loading? - false
2026-04-25 23:35:29 - Processing attribute `url` : value = https://cyberleninka.ru/
2026-04-25 23:35:29 - Attribute (`url`)  - enhanced for lazy-loading? - false
2026-04-25 23:35:29 - Done materializing entity [searchengine.model.Site#128]
2026-04-25 23:35:29 - Resolving attributes for [searchengine.model.Site#129]
2026-04-25 23:35:29 - Processing attribute `lastError` : value = Индексация остановлена пользователем
2026-04-25 23:35:29 - Attribute (`lastError`)  - enhanced for lazy-loading? - false
2026-04-25 23:35:29 - Processing attribute `name` : value = Журнал: Аграрная наука
2026-04-25 23:35:29 - Attribute (`name`)  - enhanced for lazy-loading? - false
2026-04-25 23:35:29 - Processing attribute `pages` : value = NOT NULL COLLECTION
2026-04-25 23:35:29 - Attribute (`pages`)  - enhanced for lazy-loading? - false
2026-04-25 23:35:29 - Processing attribute `status` : value = FAILED
2026-04-25 23:35:29 - Attribute (`status`)  - enhanced for lazy-loading? - false
2026-04-25 23:35:29 - Processing attribute `statusTime` : value = 2026-04-19T22:03:38.620442
2026-04-25 23:35:29 - Attribute (`statusTime`)  - enhanced for lazy-loading? - false
2026-04-25 23:35:29 - Processing attribute `url` : value = https://www.vetpress.ru/jour
2026-04-25 23:35:29 - Attribute (`url`)  - enhanced for lazy-loading? - false
2026-04-25 23:35:29 - Done materializing entity [searchengine.model.Site#129]
2026-04-25 23:35:29 - Closing JDBC container [org.hibernate.engine.jdbc.internal.JdbcCoordinatorImpl@37cf475a]
2026-04-25 23:35:29 - Starting after statement execution processing [ON_CLOSE]
2026-04-25 23:35:29 - Initializing non-lazy collections
2026-04-25 23:35:29 - committing
2026-04-25 23:35:29 - Located HQL query plan in cache (select count(generatedAlias0) from Page as generatedAlias0 where generatedAlias0.site=:param0)
2026-04-25 23:35:29 - Find: select count(generatedAlias0) from Page as generatedAlias0 where generatedAlias0.site=:param0
2026-04-25 23:35:29 - Named parameters: {param0=searchengine.model.Site#128}
2026-04-25 23:35:29 - select count(page0_.id) as col_0_0_ from page page0_ where page0_.site_id=?
2026-04-25 23:35:29 - Registering last query statement [HikariProxyPreparedStatement@406462567 wrapping select count(page0_.id) as col_0_0_ from page page0_ where page0_.site_id=?]
2026-04-25 23:35:29 - binding parameter [1] as [INTEGER] - [128]
2026-04-25 23:35:29 - Closing JDBC container [org.hibernate.engine.jdbc.internal.JdbcCoordinatorImpl@ef6226d]
2026-04-25 23:35:29 - Starting after statement execution processing [ON_CLOSE]
2026-04-25 23:35:29 - Initializing non-lazy collections
2026-04-25 23:35:29 - Located HQL query plan in cache (select count(generatedAlias0) from Lemma as generatedAlias0 where generatedAlias0.site=:param0)
2026-04-25 23:35:29 - Find: select count(generatedAlias0) from Lemma as generatedAlias0 where generatedAlias0.site=:param0
2026-04-25 23:35:29 - Named parameters: {param0=searchengine.model.Site#128}
2026-04-25 23:35:29 - select count(lemma0_.id) as col_0_0_ from lemma lemma0_ where lemma0_.site_id=?
2026-04-25 23:35:29 - Registering last query statement [HikariProxyPreparedStatement@1069227952 wrapping select count(lemma0_.id) as col_0_0_ from lemma lemma0_ where lemma0_.site_id=?]
2026-04-25 23:35:29 - binding parameter [1] as [INTEGER] - [128]
2026-04-25 23:35:29 - Closing JDBC container [org.hibernate.engine.jdbc.internal.JdbcCoordinatorImpl@7936bca5]
2026-04-25 23:35:29 - Closing JDBC container [org.hibernate.engine.jdbc.internal.JdbcCoordinatorImpl@21c3549d]
2026-04-25 23:35:29 - Starting after statement execution processing [ON_CLOSE]
2026-04-25 23:35:29 - Initializing non-lazy collections
2026-04-25 23:35:29 - Located HQL query plan in cache (select count(generatedAlias0) from Topic as generatedAlias0 left join generatedAlias0.site as generatedAlias1 where generatedAlias1.id=:param0)
2026-04-25 23:35:29 - Find: select count(generatedAlias0) from Topic as generatedAlias0 left join generatedAlias0.site as generatedAlias1 where generatedAlias1.id=:param0
2026-04-25 23:35:29 - Named parameters: {param0=128}
2026-04-25 23:35:29 - select count(topic0_.id) as col_0_0_ from topic topic0_ left outer join site site1_ on topic0_.site_id=site1_.id where site1_.id=?
2026-04-25 23:35:29 - Registering last query statement [HikariProxyPreparedStatement@615073138 wrapping select count(topic0_.id) as col_0_0_ from topic topic0_ left outer join site site1_ on topic0_.site_id=site1_.id where site1_.id=?]
2026-04-25 23:35:29 - binding parameter [1] as [INTEGER] - [128]
2026-04-25 23:35:29 - Starting after statement execution processing [ON_CLOSE]
2026-04-25 23:35:29 - Initializing non-lazy collections
2026-04-25 23:35:29 - Located HQL query plan in cache (select count(generatedAlias0) from Page as generatedAlias0 where generatedAlias0.site=:param0)
2026-04-25 23:35:29 - Find: select count(generatedAlias0) from Page as generatedAlias0 where generatedAlias0.site=:param0
2026-04-25 23:35:29 - Named parameters: {param0=searchengine.model.Site#129}
2026-04-25 23:35:29 - select count(page0_.id) as col_0_0_ from page page0_ where page0_.site_id=?
2026-04-25 23:35:29 - Registering last query statement [HikariProxyPreparedStatement@1967710221 wrapping select count(page0_.id) as col_0_0_ from page page0_ where page0_.site_id=?]
2026-04-25 23:35:29 - binding parameter [1] as [INTEGER] - [129]
2026-04-25 23:35:29 - Starting after statement execution processing [ON_CLOSE]
2026-04-25 23:35:29 - Initializing non-lazy collections
2026-04-25 23:35:29 - Located HQL query plan in cache (select count(generatedAlias0) from Lemma as generatedAlias0 where generatedAlias0.site=:param0)
2026-04-25 23:35:29 - Find: select count(generatedAlias0) from Lemma as generatedAlias0 where generatedAlias0.site=:param0
2026-04-25 23:35:29 - Named parameters: {param0=searchengine.model.Site#129}
2026-04-25 23:35:29 - select count(lemma0_.id) as col_0_0_ from lemma lemma0_ where lemma0_.site_id=?
2026-04-25 23:35:29 - Registering last query statement [HikariProxyPreparedStatement@1033301507 wrapping select count(lemma0_.id) as col_0_0_ from lemma lemma0_ where lemma0_.site_id=?]
2026-04-25 23:35:29 - binding parameter [1] as [INTEGER] - [129]
2026-04-25 23:35:29 - Starting after statement execution processing [ON_CLOSE]
2026-04-25 23:35:29 - Initializing non-lazy collections
2026-04-25 23:35:29 - Located HQL query plan in cache (select count(generatedAlias0) from Topic as generatedAlias0 left join generatedAlias0.site as generatedAlias1 where generatedAlias1.id=:param0)
2026-04-25 23:35:29 - Find: select count(generatedAlias0) from Topic as generatedAlias0 left join generatedAlias0.site as generatedAlias1 where generatedAlias1.id=:param0
2026-04-25 23:35:29 - Named parameters: {param0=129}
2026-04-25 23:35:29 - select count(topic0_.id) as col_0_0_ from topic topic0_ left outer join site site1_ on topic0_.site_id=site1_.id where site1_.id=?
2026-04-25 23:35:29 - Registering last query statement [HikariProxyPreparedStatement@1418024135 wrapping select count(topic0_.id) as col_0_0_ from topic topic0_ left outer join site site1_ on topic0_.site_id=site1_.id where site1_.id=?]
2026-04-25 23:35:29 - binding parameter [1] as [INTEGER] - [129]
2026-04-25 23:35:29 - Starting after statement execution processing [ON_CLOSE]
2026-04-25 23:35:29 - Initializing non-lazy collections
2026-04-25 23:35:29 - Closing JDBC container [org.hibernate.engine.jdbc.internal.JdbcCoordinatorImpl@588b5bde]
2026-04-25 23:35:29 - Closing JDBC container [org.hibernate.engine.jdbc.internal.JdbcCoordinatorImpl@417d519a]
2026-04-25 23:35:29 - Closing JDBC container [org.hibernate.engine.jdbc.internal.JdbcCoordinatorImpl@542c4166]
2026-04-25 23:35:29 - Closing JDBC container [org.hibernate.engine.jdbc.internal.JdbcCoordinatorImpl@1bf88522]
2026-04-25 23:35:29 - Closing JDBC container [org.hibernate.engine.jdbc.internal.JdbcCoordinatorImpl@5292b3bf]
2026-04-25 23:35:29 - Closing JDBC container [org.hibernate.engine.jdbc.internal.JdbcCoordinatorImpl@5f92c61c]
2026-04-25 23:35:29 - Closing JDBC container [org.hibernate.engine.jdbc.internal.JdbcCoordinatorImpl@2a15ddb8]
2026-04-25 23:35:29 - Closing JDBC container [org.hibernate.engine.jdbc.internal.JdbcCoordinatorImpl@41e8b477]
2026-04-25 23:35:29 - Closing JDBC container [org.hibernate.engine.jdbc.internal.JdbcCoordinatorImpl@42c32fa2]
2026-04-25 23:35:29 - Closing JDBC container [org.hibernate.engine.jdbc.internal.JdbcCoordinatorImpl@392d8f65]
2026-04-25 23:35:29 - Closing JDBC container [org.hibernate.engine.jdbc.internal.JdbcCoordinatorImpl@6ed43294]
2026-04-25 23:35:29 - Closing JDBC container [org.hibernate.engine.jdbc.internal.JdbcCoordinatorImpl@7e7d0bf7]
2026-04-25 23:35:29 - Closing JDBC container [org.hibernate.engine.jdbc.internal.JdbcCoordinatorImpl@e927541]
2026-04-25 23:35:29 - Closing JDBC container [org.hibernate.engine.jdbc.internal.JdbcCoordinatorImpl@56d47493]
2026-04-25 23:35:29 - Closing JDBC container [org.hibernate.engine.jdbc.internal.JdbcCoordinatorImpl@42aa8ba2]
2026-04-25 23:35:29 - On TransactionImpl creation, JpaCompliance#isJpaTransactionComplianceEnabled == false
2026-04-25 23:35:29 - begin
2026-04-25 23:35:29 - Located HQL query plan in cache (select count(*) from Site x)
2026-04-25 23:35:29 - Find: select count(*) from Site x
2026-04-25 23:35:29 - Named parameters: {}
2026-04-25 23:35:29 - select count(*) as col_0_0_ from site site0_
2026-04-25 23:35:29 - Registering last query statement [HikariProxyPreparedStatement@585620826 wrapping select count(*) as col_0_0_ from site site0_]
2026-04-25 23:35:29 - Starting after statement execution processing [ON_CLOSE]
2026-04-25 23:35:29 - Initializing non-lazy collections
2026-04-25 23:35:29 - committing
2026-04-25 23:35:29 - begin
2026-04-25 23:35:29 - Located HQL query plan in cache (select count(*) from Page x)
2026-04-25 23:35:29 - Find: select count(*) from Page x
2026-04-25 23:35:29 - Named parameters: {}
2026-04-25 23:35:29 - select count(*) as col_0_0_ from page page0_
2026-04-25 23:35:29 - Registering last query statement [HikariProxyPreparedStatement@1329930072 wrapping select count(*) as col_0_0_ from page page0_]
2026-04-25 23:35:29 - Closing JDBC container [org.hibernate.engine.jdbc.internal.JdbcCoordinatorImpl@493a722f]
2026-04-25 23:35:29 - Starting after statement execution processing [ON_CLOSE]
2026-04-25 23:35:29 - Initializing non-lazy collections
2026-04-25 23:35:29 - committing
2026-04-25 23:35:29 - begin
2026-04-25 23:35:29 - Located HQL query plan in cache (select count(*) from Lemma x)
2026-04-25 23:35:29 - Find: select count(*) from Lemma x
2026-04-25 23:35:29 - Named parameters: {}
2026-04-25 23:35:29 - select count(*) as col_0_0_ from lemma lemma0_
2026-04-25 23:35:29 - Registering last query statement [HikariProxyPreparedStatement@1470687781 wrapping select count(*) as col_0_0_ from lemma lemma0_]
2026-04-25 23:35:29 - Starting after statement execution processing [ON_CLOSE]
2026-04-25 23:35:29 - Initializing non-lazy collections
2026-04-25 23:35:29 - committing
2026-04-25 23:35:29 - Located HQL query plan in cache (select generatedAlias0 from Site as generatedAlias0 where generatedAlias0.status=:param0)
2026-04-25 23:35:29 - Find: select generatedAlias0 from Site as generatedAlias0 where generatedAlias0.status=:param0
2026-04-25 23:35:29 - Named parameters: {param0=INDEXED}
2026-04-25 23:35:29 - select site0_.id as id1_3_, site0_.last_error as last_err2_3_, site0_.name as name3_3_, site0_.status as status4_3_, site0_.status_time as status_t5_3_, site0_.url as url6_3_ from site site0_ where site0_.status=?
2026-04-25 23:35:29 - Registering last query statement [HikariProxyPreparedStatement@743361320 wrapping select site0_.id as id1_3_, site0_.last_error as last_err2_3_, site0_.name as name3_3_, site0_.status as status4_3_, site0_.status_time as status_t5_3_, site0_.url as url6_3_ from site site0_ where site0_.status=?]
2026-04-25 23:35:29 - binding parameter [1] as [VARCHAR] - [INDEXED]
2026-04-25 23:35:29 - Starting after statement execution processing [ON_CLOSE]
2026-04-25 23:35:29 - Initializing non-lazy collections
2026-04-25 23:35:29 - begin
2026-04-25 23:35:29 - Located HQL query plan in cache (select generatedAlias0 from Site as generatedAlias0)
2026-04-25 23:35:29 - Find: select generatedAlias0 from Site as generatedAlias0
2026-04-25 23:35:29 - Named parameters: {}
2026-04-25 23:35:29 - select site0_.id as id1_3_, site0_.last_error as last_err2_3_, site0_.name as name3_3_, site0_.status as status4_3_, site0_.status_time as status_t5_3_, site0_.url as url6_3_ from site site0_
2026-04-25 23:35:29 - Registering last query statement [HikariProxyPreparedStatement@1182586626 wrapping select site0_.id as id1_3_, site0_.last_error as last_err2_3_, site0_.name as name3_3_, site0_.status as status4_3_, site0_.status_time as status_t5_3_, site0_.url as url6_3_ from site site0_]
2026-04-25 23:35:29 - Closing JDBC container [org.hibernate.engine.jdbc.internal.JdbcCoordinatorImpl@3d1274e1]
2026-04-25 23:35:30 - Closing JDBC container [org.hibernate.engine.jdbc.internal.JdbcCoordinatorImpl@4bca9f2c]
2026-04-25 23:35:30 - Resolving attributes for [searchengine.model.Site#128]
2026-04-25 23:35:30 - Processing attribute `lastError` : value = Индексация остановлена пользователем
2026-04-25 23:35:30 - Attribute (`lastError`)  - enhanced for lazy-loading? - false
2026-04-25 23:35:30 - Processing attribute `name` : value = КИБЕРЛЕНИНКА
2026-04-25 23:35:30 - Attribute (`name`)  - enhanced for lazy-loading? - false
2026-04-25 23:35:30 - Processing attribute `pages` : value = NOT NULL COLLECTION
2026-04-25 23:35:30 - Attribute (`pages`)  - enhanced for lazy-loading? - false
2026-04-25 23:35:30 - Processing attribute `status` : value = FAILED
2026-04-25 23:35:30 - Attribute (`status`)  - enhanced for lazy-loading? - false
2026-04-25 23:35:30 - Processing attribute `statusTime` : value = 2026-04-19T22:03:38.655614
2026-04-25 23:35:30 - Attribute (`statusTime`)  - enhanced for lazy-loading? - false
2026-04-25 23:35:30 - Processing attribute `url` : value = https://cyberleninka.ru/
2026-04-25 23:35:30 - Attribute (`url`)  - enhanced for lazy-loading? - false
2026-04-25 23:35:30 - Done materializing entity [searchengine.model.Site#128]
2026-04-25 23:35:30 - Resolving attributes for [searchengine.model.Site#129]
2026-04-25 23:35:30 - Processing attribute `lastError` : value = Индексация остановлена пользователем
2026-04-25 23:35:30 - Attribute (`lastError`)  - enhanced for lazy-loading? - false
2026-04-25 23:35:30 - Processing attribute `name` : value = Журнал: Аграрная наука
2026-04-25 23:35:30 - Attribute (`name`)  - enhanced for lazy-loading? - false
2026-04-25 23:35:30 - Processing attribute `pages` : value = NOT NULL COLLECTION
2026-04-25 23:35:30 - Attribute (`pages`)  - enhanced for lazy-loading? - false
2026-04-25 23:35:30 - Processing attribute `status` : value = FAILED
2026-04-25 23:35:30 - Attribute (`status`)  - enhanced for lazy-loading? - false
2026-04-25 23:35:30 - Processing attribute `statusTime` : value = 2026-04-19T22:03:38.620442
2026-04-25 23:35:30 - Attribute (`statusTime`)  - enhanced for lazy-loading? - false
2026-04-25 23:35:30 - Processing attribute `url` : value = https://www.vetpress.ru/jour
2026-04-25 23:35:30 - Attribute (`url`)  - enhanced for lazy-loading? - false
2026-04-25 23:35:30 - Done materializing entity [searchengine.model.Site#129]
2026-04-25 23:35:30 - Starting after statement execution processing [ON_CLOSE]
2026-04-25 23:35:30 - Initializing non-lazy collections
2026-04-25 23:35:30 - committing
2026-04-25 23:35:30 - Closing JDBC container [org.hibernate.engine.jdbc.internal.JdbcCoordinatorImpl@2a1026f]
2026-04-25 23:35:30 - Located HQL query plan in cache (select count(generatedAlias0) from Page as generatedAlias0 where generatedAlias0.site=:param0)
2026-04-25 23:35:30 - Find: select count(generatedAlias0) from Page as generatedAlias0 where generatedAlias0.site=:param0
2026-04-25 23:35:30 - Named parameters: {param0=searchengine.model.Site#128}
2026-04-25 23:35:30 - select count(page0_.id) as col_0_0_ from page page0_ where page0_.site_id=?
2026-04-25 23:35:30 - Registering last query statement [HikariProxyPreparedStatement@1546968394 wrapping select count(page0_.id) as col_0_0_ from page page0_ where page0_.site_id=?]
2026-04-25 23:35:30 - binding parameter [1] as [INTEGER] - [128]
2026-04-25 23:35:30 - Starting after statement execution processing [ON_CLOSE]
2026-04-25 23:35:30 - Initializing non-lazy collections
2026-04-25 23:35:30 - Located HQL query plan in cache (select count(generatedAlias0) from Lemma as generatedAlias0 where generatedAlias0.site=:param0)
2026-04-25 23:35:30 - Find: select count(generatedAlias0) from Lemma as generatedAlias0 where generatedAlias0.site=:param0
2026-04-25 23:35:30 - Named parameters: {param0=searchengine.model.Site#128}
2026-04-25 23:35:30 - select count(lemma0_.id) as col_0_0_ from lemma lemma0_ where lemma0_.site_id=?
2026-04-25 23:35:30 - Registering last query statement [HikariProxyPreparedStatement@1534271750 wrapping select count(lemma0_.id) as col_0_0_ from lemma lemma0_ where lemma0_.site_id=?]
2026-04-25 23:35:30 - binding parameter [1] as [INTEGER] - [128]
2026-04-25 23:35:30 - Starting after statement execution processing [ON_CLOSE]
2026-04-25 23:35:30 - Initializing non-lazy collections
2026-04-25 23:35:30 - Located HQL query plan in cache (select count(generatedAlias0) from Topic as generatedAlias0 left join generatedAlias0.site as generatedAlias1 where generatedAlias1.id=:param0)
2026-04-25 23:35:30 - Find: select count(generatedAlias0) from Topic as generatedAlias0 left join generatedAlias0.site as generatedAlias1 where generatedAlias1.id=:param0
2026-04-25 23:35:30 - Named parameters: {param0=128}
2026-04-25 23:35:30 - select count(topic0_.id) as col_0_0_ from topic topic0_ left outer join site site1_ on topic0_.site_id=site1_.id where site1_.id=?
2026-04-25 23:35:30 - Registering last query statement [HikariProxyPreparedStatement@382207261 wrapping select count(topic0_.id) as col_0_0_ from topic topic0_ left outer join site site1_ on topic0_.site_id=site1_.id where site1_.id=?]
2026-04-25 23:35:30 - binding parameter [1] as [INTEGER] - [128]
2026-04-25 23:35:30 - Starting after statement execution processing [ON_CLOSE]
2026-04-25 23:35:30 - Initializing non-lazy collections
2026-04-25 23:35:30 - Located HQL query plan in cache (select count(generatedAlias0) from Page as generatedAlias0 where generatedAlias0.site=:param0)
2026-04-25 23:35:30 - Find: select count(generatedAlias0) from Page as generatedAlias0 where generatedAlias0.site=:param0
2026-04-25 23:35:30 - Named parameters: {param0=searchengine.model.Site#129}
2026-04-25 23:35:30 - select count(page0_.id) as col_0_0_ from page page0_ where page0_.site_id=?
2026-04-25 23:35:30 - Registering last query statement [HikariProxyPreparedStatement@1045582553 wrapping select count(page0_.id) as col_0_0_ from page page0_ where page0_.site_id=?]
2026-04-25 23:35:30 - binding parameter [1] as [INTEGER] - [129]
2026-04-25 23:35:30 - Starting after statement execution processing [ON_CLOSE]
2026-04-25 23:35:30 - Initializing non-lazy collections
2026-04-25 23:35:30 - Located HQL query plan in cache (select count(generatedAlias0) from Lemma as generatedAlias0 where generatedAlias0.site=:param0)
2026-04-25 23:35:30 - Find: select count(generatedAlias0) from Lemma as generatedAlias0 where generatedAlias0.site=:param0
2026-04-25 23:35:30 - Named parameters: {param0=searchengine.model.Site#129}
2026-04-25 23:35:30 - select count(lemma0_.id) as col_0_0_ from lemma lemma0_ where lemma0_.site_id=?
2026-04-25 23:35:30 - Registering last query statement [HikariProxyPreparedStatement@1717308234 wrapping select count(lemma0_.id) as col_0_0_ from lemma lemma0_ where lemma0_.site_id=?]
2026-04-25 23:35:30 - binding parameter [1] as [INTEGER] - [129]
2026-04-25 23:35:30 - Starting after statement execution processing [ON_CLOSE]
2026-04-25 23:35:30 - Initializing non-lazy collections
2026-04-25 23:35:30 - Located HQL query plan in cache (select count(generatedAlias0) from Topic as generatedAlias0 left join generatedAlias0.site as generatedAlias1 where generatedAlias1.id=:param0)
2026-04-25 23:35:30 - Find: select count(generatedAlias0) from Topic as generatedAlias0 left join generatedAlias0.site as generatedAlias1 where generatedAlias1.id=:param0
2026-04-25 23:35:30 - Named parameters: {param0=129}
2026-04-25 23:35:30 - select count(topic0_.id) as col_0_0_ from topic topic0_ left outer join site site1_ on topic0_.site_id=site1_.id where site1_.id=?
2026-04-25 23:35:30 - Registering last query statement [HikariProxyPreparedStatement@1874898779 wrapping select count(topic0_.id) as col_0_0_ from topic topic0_ left outer join site site1_ on topic0_.site_id=site1_.id where site1_.id=?]
2026-04-25 23:35:30 - binding parameter [1] as [INTEGER] - [129]
2026-04-25 23:35:30 - Starting after statement execution processing [ON_CLOSE]
2026-04-25 23:35:30 - Initializing non-lazy collections
2026-04-25 23:35:30 - Closing JDBC container [org.hibernate.engine.jdbc.internal.JdbcCoordinatorImpl@6fb7617d]
2026-04-25 23:35:31 - Closing JDBC container [org.hibernate.engine.jdbc.internal.JdbcCoordinatorImpl@5266e926]
2026-04-25 23:35:31 - On TransactionImpl creation, JpaCompliance#isJpaTransactionComplianceEnabled == false
2026-04-25 23:35:31 - begin
2026-04-25 23:35:31 - Located HQL query plan in cache (select count(*) from Site x)
2026-04-25 23:35:31 - Find: select count(*) from Site x
2026-04-25 23:35:31 - Named parameters: {}
2026-04-25 23:35:31 - select count(*) as col_0_0_ from site site0_
2026-04-25 23:35:31 - Registering last query statement [HikariProxyPreparedStatement@708524161 wrapping select count(*) as col_0_0_ from site site0_]
2026-04-25 23:35:31 - Starting after statement execution processing [ON_CLOSE]
2026-04-25 23:35:31 - Initializing non-lazy collections
2026-04-25 23:35:31 - committing
2026-04-25 23:35:31 - begin
2026-04-25 23:35:31 - Located HQL query plan in cache (select count(*) from Page x)
2026-04-25 23:35:31 - Find: select count(*) from Page x
2026-04-25 23:35:31 - Named parameters: {}
2026-04-25 23:35:31 - select count(*) as col_0_0_ from page page0_
2026-04-25 23:35:31 - Registering last query statement [HikariProxyPreparedStatement@1958206274 wrapping select count(*) as col_0_0_ from page page0_]
2026-04-25 23:35:31 - Starting after statement execution processing [ON_CLOSE]
2026-04-25 23:35:31 - Initializing non-lazy collections
2026-04-25 23:35:31 - committing
2026-04-25 23:35:31 - begin
2026-04-25 23:35:31 - Located HQL query plan in cache (select count(*) from Lemma x)
2026-04-25 23:35:31 - Find: select count(*) from Lemma x
2026-04-25 23:35:31 - Named parameters: {}
2026-04-25 23:35:31 - select count(*) as col_0_0_ from lemma lemma0_
2026-04-25 23:35:31 - Registering last query statement [HikariProxyPreparedStatement@1387855745 wrapping select count(*) as col_0_0_ from lemma lemma0_]
2026-04-25 23:35:31 - Starting after statement execution processing [ON_CLOSE]
2026-04-25 23:35:31 - Initializing non-lazy collections
2026-04-25 23:35:31 - committing
2026-04-25 23:35:31 - Located HQL query plan in cache (select generatedAlias0 from Site as generatedAlias0 where generatedAlias0.status=:param0)
2026-04-25 23:35:31 - Find: select generatedAlias0 from Site as generatedAlias0 where generatedAlias0.status=:param0
2026-04-25 23:35:31 - Named parameters: {param0=INDEXED}
2026-04-25 23:35:31 - select site0_.id as id1_3_, site0_.last_error as last_err2_3_, site0_.name as name3_3_, site0_.status as status4_3_, site0_.status_time as status_t5_3_, site0_.url as url6_3_ from site site0_ where site0_.status=?
2026-04-25 23:35:31 - Registering last query statement [HikariProxyPreparedStatement@1537180697 wrapping select site0_.id as id1_3_, site0_.last_error as last_err2_3_, site0_.name as name3_3_, site0_.status as status4_3_, site0_.status_time as status_t5_3_, site0_.url as url6_3_ from site site0_ where site0_.status=?]
2026-04-25 23:35:31 - binding parameter [1] as [VARCHAR] - [INDEXED]
2026-04-25 23:35:31 - Starting after statement execution processing [ON_CLOSE]
2026-04-25 23:35:31 - Initializing non-lazy collections
2026-04-25 23:35:31 - begin
2026-04-25 23:35:31 - Located HQL query plan in cache (select generatedAlias0 from Site as generatedAlias0)
2026-04-25 23:35:31 - Find: select generatedAlias0 from Site as generatedAlias0
2026-04-25 23:35:31 - Named parameters: {}
2026-04-25 23:35:31 - select site0_.id as id1_3_, site0_.last_error as last_err2_3_, site0_.name as name3_3_, site0_.status as status4_3_, site0_.status_time as status_t5_3_, site0_.url as url6_3_ from site site0_
2026-04-25 23:35:31 - Registering last query statement [HikariProxyPreparedStatement@506960779 wrapping select site0_.id as id1_3_, site0_.last_error as last_err2_3_, site0_.name as name3_3_, site0_.status as status4_3_, site0_.status_time as status_t5_3_, site0_.url as url6_3_ from site site0_]
2026-04-25 23:35:31 - Resolving attributes for [searchengine.model.Site#128]
2026-04-25 23:35:31 - Processing attribute `lastError` : value = Индексация остановлена пользователем
2026-04-25 23:35:31 - Attribute (`lastError`)  - enhanced for lazy-loading? - false
2026-04-25 23:35:31 - Processing attribute `name` : value = КИБЕРЛЕНИНКА
2026-04-25 23:35:31 - Attribute (`name`)  - enhanced for lazy-loading? - false
2026-04-25 23:35:31 - Processing attribute `pages` : value = NOT NULL COLLECTION
2026-04-25 23:35:31 - Attribute (`pages`)  - enhanced for lazy-loading? - false
2026-04-25 23:35:31 - Processing attribute `status` : value = FAILED
2026-04-25 23:35:31 - Attribute (`status`)  - enhanced for lazy-loading? - false
2026-04-25 23:35:31 - Processing attribute `statusTime` : value = 2026-04-19T22:03:38.655614
2026-04-25 23:35:31 - Attribute (`statusTime`)  - enhanced for lazy-loading? - false
2026-04-25 23:35:31 - Processing attribute `url` : value = https://cyberleninka.ru/
2026-04-25 23:35:31 - Attribute (`url`)  - enhanced for lazy-loading? - false
2026-04-25 23:35:31 - Done materializing entity [searchengine.model.Site#128]
2026-04-25 23:35:31 - Resolving attributes for [searchengine.model.Site#129]
2026-04-25 23:35:31 - Processing attribute `lastError` : value = Индексация остановлена пользователем
2026-04-25 23:35:31 - Attribute (`lastError`)  - enhanced for lazy-loading? - false
2026-04-25 23:35:31 - Processing attribute `name` : value = Журнал: Аграрная наука
2026-04-25 23:35:31 - Attribute (`name`)  - enhanced for lazy-loading? - false
2026-04-25 23:35:31 - Processing attribute `pages` : value = NOT NULL COLLECTION
2026-04-25 23:35:31 - Attribute (`pages`)  - enhanced for lazy-loading? - false
2026-04-25 23:35:31 - Processing attribute `status` : value = FAILED
2026-04-25 23:35:31 - Attribute (`status`)  - enhanced for lazy-loading? - false
2026-04-25 23:35:31 - Processing attribute `statusTime` : value = 2026-04-19T22:03:38.620442
2026-04-25 23:35:31 - Attribute (`statusTime`)  - enhanced for lazy-loading? - false
2026-04-25 23:35:31 - Processing attribute `url` : value = https://www.vetpress.ru/jour
2026-04-25 23:35:31 - Attribute (`url`)  - enhanced for lazy-loading? - false
2026-04-25 23:35:31 - Done materializing entity [searchengine.model.Site#129]
2026-04-25 23:35:31 - Starting after statement execution processing [ON_CLOSE]
2026-04-25 23:35:31 - Initializing non-lazy collections
2026-04-25 23:35:31 - committing
2026-04-25 23:35:31 - Located HQL query plan in cache (select count(generatedAlias0) from Page as generatedAlias0 where generatedAlias0.site=:param0)
2026-04-25 23:35:31 - Find: select count(generatedAlias0) from Page as generatedAlias0 where generatedAlias0.site=:param0
2026-04-25 23:35:31 - Named parameters: {param0=searchengine.model.Site#128}
2026-04-25 23:35:31 - select count(page0_.id) as col_0_0_ from page page0_ where page0_.site_id=?
2026-04-25 23:35:31 - Registering last query statement [HikariProxyPreparedStatement@501671397 wrapping select count(page0_.id) as col_0_0_ from page page0_ where page0_.site_id=?]
2026-04-25 23:35:31 - binding parameter [1] as [INTEGER] - [128]
2026-04-25 23:35:31 - Starting after statement execution processing [ON_CLOSE]
2026-04-25 23:35:31 - Initializing non-lazy collections
2026-04-25 23:35:31 - Located HQL query plan in cache (select count(generatedAlias0) from Lemma as generatedAlias0 where generatedAlias0.site=:param0)
2026-04-25 23:35:31 - Find: select count(generatedAlias0) from Lemma as generatedAlias0 where generatedAlias0.site=:param0
2026-04-25 23:35:31 - Named parameters: {param0=searchengine.model.Site#128}
2026-04-25 23:35:31 - select count(lemma0_.id) as col_0_0_ from lemma lemma0_ where lemma0_.site_id=?
2026-04-25 23:35:31 - Registering last query statement [HikariProxyPreparedStatement@1982300425 wrapping select count(lemma0_.id) as col_0_0_ from lemma lemma0_ where lemma0_.site_id=?]
2026-04-25 23:35:31 - binding parameter [1] as [INTEGER] - [128]
2026-04-25 23:35:31 - Starting after statement execution processing [ON_CLOSE]
2026-04-25 23:35:31 - Initializing non-lazy collections
2026-04-25 23:35:31 - Located HQL query plan in cache (select count(generatedAlias0) from Topic as generatedAlias0 left join generatedAlias0.site as generatedAlias1 where generatedAlias1.id=:param0)
2026-04-25 23:35:31 - Find: select count(generatedAlias0) from Topic as generatedAlias0 left join generatedAlias0.site as generatedAlias1 where generatedAlias1.id=:param0
2026-04-25 23:35:31 - Named parameters: {param0=128}
2026-04-25 23:35:31 - select count(topic0_.id) as col_0_0_ from topic topic0_ left outer join site site1_ on topic0_.site_id=site1_.id where site1_.id=?
2026-04-25 23:35:31 - Registering last query statement [HikariProxyPreparedStatement@1306069459 wrapping select count(topic0_.id) as col_0_0_ from topic topic0_ left outer join site site1_ on topic0_.site_id=site1_.id where site1_.id=?]
2026-04-25 23:35:31 - binding parameter [1] as [INTEGER] - [128]
2026-04-25 23:35:31 - Starting after statement execution processing [ON_CLOSE]
2026-04-25 23:35:31 - Initializing non-lazy collections
2026-04-25 23:35:31 - Located HQL query plan in cache (select count(generatedAlias0) from Page as generatedAlias0 where generatedAlias0.site=:param0)
2026-04-25 23:35:31 - Find: select count(generatedAlias0) from Page as generatedAlias0 where generatedAlias0.site=:param0
2026-04-25 23:35:31 - Named parameters: {param0=searchengine.model.Site#129}
2026-04-25 23:35:31 - select count(page0_.id) as col_0_0_ from page page0_ where page0_.site_id=?
2026-04-25 23:35:31 - Registering last query statement [HikariProxyPreparedStatement@120832361 wrapping select count(page0_.id) as col_0_0_ from page page0_ where page0_.site_id=?]
2026-04-25 23:35:31 - binding parameter [1] as [INTEGER] - [129]
2026-04-25 23:35:31 - Starting after statement execution processing [ON_CLOSE]
2026-04-25 23:35:31 - Initializing non-lazy collections
2026-04-25 23:35:31 - Located HQL query plan in cache (select count(generatedAlias0) from Lemma as generatedAlias0 where generatedAlias0.site=:param0)
2026-04-25 23:35:31 - Find: select count(generatedAlias0) from Lemma as generatedAlias0 where generatedAlias0.site=:param0
2026-04-25 23:35:31 - Named parameters: {param0=searchengine.model.Site#129}
2026-04-25 23:35:31 - select count(lemma0_.id) as col_0_0_ from lemma lemma0_ where lemma0_.site_id=?
2026-04-25 23:35:31 - Registering last query statement [HikariProxyPreparedStatement@891585078 wrapping select count(lemma0_.id) as col_0_0_ from lemma lemma0_ where lemma0_.site_id=?]
2026-04-25 23:35:31 - binding parameter [1] as [INTEGER] - [129]
2026-04-25 23:35:31 - Starting after statement execution processing [ON_CLOSE]
2026-04-25 23:35:31 - Initializing non-lazy collections
2026-04-25 23:35:31 - Located HQL query plan in cache (select count(generatedAlias0) from Topic as generatedAlias0 left join generatedAlias0.site as generatedAlias1 where generatedAlias1.id=:param0)
2026-04-25 23:35:31 - Find: select count(generatedAlias0) from Topic as generatedAlias0 left join generatedAlias0.site as generatedAlias1 where generatedAlias1.id=:param0
2026-04-25 23:35:31 - Named parameters: {param0=129}
2026-04-25 23:35:31 - select count(topic0_.id) as col_0_0_ from topic topic0_ left outer join site site1_ on topic0_.site_id=site1_.id where site1_.id=?
2026-04-25 23:35:31 - Registering last query statement [HikariProxyPreparedStatement@1356840040 wrapping select count(topic0_.id) as col_0_0_ from topic topic0_ left outer join site site1_ on topic0_.site_id=site1_.id where site1_.id=?]
2026-04-25 23:35:31 - binding parameter [1] as [INTEGER] - [129]
2026-04-25 23:35:31 - Starting after statement execution processing [ON_CLOSE]
2026-04-25 23:35:31 - Initializing non-lazy collections
2026-04-25 23:35:31 - Closing JDBC container [org.hibernate.engine.jdbc.internal.JdbcCoordinatorImpl@455a1c08]
2026-04-25 23:35:31 - HikariPool-1 - Pool stats (total=10, active=0, idle=10, waiting=0)
2026-04-25 23:35:31 - HikariPool-1 - Fill pool skipped, pool is at sufficient level.
2026-04-25 23:35:57 - Closing JPA EntityManagerFactory for persistence unit 'default'
2026-04-25 23:35:57 - Cleaning QueryPlan Cache
2026-04-25 23:35:57 - HikariPool-1 - Shutdown initiated...
2026-04-25 23:35:57 - HikariPool-1 - Before shutdown stats (total=10, active=0, idle=10, waiting=0)
2026-04-25 23:35:57 - HikariPool-1 - Closing connection org.postgresql.jdbc.PgConnection@320be73: (connection evicted)
2026-04-25 23:35:57 - HikariPool-1 - Closing connection org.postgresql.jdbc.PgConnection@320530b7: (connection evicted)
2026-04-25 23:35:57 - HikariPool-1 - Closing connection org.postgresql.jdbc.PgConnection@7707a893: (connection evicted)
2026-04-25 23:35:57 - HikariPool-1 - Closing connection org.postgresql.jdbc.PgConnection@5da13fcb: (connection evicted)
2026-04-25 23:35:57 - HikariPool-1 - Closing connection org.postgresql.jdbc.PgConnection@172857dc: (connection evicted)
2026-04-25 23:35:57 - HikariPool-1 - Closing connection org.postgresql.jdbc.PgConnection@5fa5ba0: (connection evicted)
2026-04-25 23:35:57 - HikariPool-1 - Closing connection org.postgresql.jdbc.PgConnection@122e2f1b: (connection evicted)
2026-04-25 23:35:57 - HikariPool-1 - Closing connection org.postgresql.jdbc.PgConnection@46a515f2: (connection evicted)
2026-04-25 23:35:57 - HikariPool-1 - Closing connection org.postgresql.jdbc.PgConnection@13662c4d: (connection evicted)
2026-04-25 23:35:57 - HikariPool-1 - Closing connection org.postgresql.jdbc.PgConnection@441642da: (connection evicted)
2026-04-25 23:35:57 - HikariPool-1 - After shutdown stats (total=0, active=0, idle=0, waiting=0)
2026-04-25 23:35:57 - HikariPool-1 - Shutdown completed.
2026-04-25 23:38:11 - Starting Application using Java 17.0.17 on DESKTOP-STM7KQV with PID 20300 (C:\Users\User\IdeaProjects\themes\Searchengine_1\target\classes started by User in C:\Users\User\IdeaProjects\themes)
2026-04-25 23:38:11 - No active profile set, falling back to 1 default profile: "default"
2026-04-25 23:38:12 - Bootstrapping Spring Data JPA repositories in DEFAULT mode.
2026-04-25 23:38:12 - Finished Spring Data repository scanning in 176 ms. Found 7 JPA repository interfaces.
2026-04-25 23:38:13 - Tomcat initialized with port(s): 8080 (http)
2026-04-25 23:38:13 - Starting service [Tomcat]
2026-04-25 23:38:13 - Starting Servlet engine: [Apache Tomcat/9.0.64]
2026-04-25 23:38:13 - Initializing Spring embedded WebApplicationContext
2026-04-25 23:38:13 - Root WebApplicationContext: initialization completed in 2196 ms
2026-04-25 23:38:13 - Driver class org.postgresql.Driver found in Thread context class loader jdk.internal.loader.ClassLoaders$AppClassLoader@1d44bcfa
2026-04-25 23:38:14 - HikariPool-1 - configuration:
2026-04-25 23:38:14 - allowPoolSuspension................................false
2026-04-25 23:38:14 - autoCommit................................true
2026-04-25 23:38:14 - catalog................................none
2026-04-25 23:38:14 - connectionInitSql................................none
2026-04-25 23:38:14 - connectionTestQuery................................none
2026-04-25 23:38:14 - connectionTimeout................................30000
2026-04-25 23:38:14 - dataSource................................none
2026-04-25 23:38:14 - dataSourceClassName................................none
2026-04-25 23:38:14 - dataSourceJNDI................................none
2026-04-25 23:38:14 - dataSourceProperties................................{password=<masked>}
2026-04-25 23:38:14 - driverClassName................................"org.postgresql.Driver"
2026-04-25 23:38:14 - exceptionOverrideClassName................................none
2026-04-25 23:38:14 - healthCheckProperties................................{}
2026-04-25 23:38:14 - healthCheckRegistry................................none
2026-04-25 23:38:14 - idleTimeout................................600000
2026-04-25 23:38:14 - initializationFailTimeout................................1
2026-04-25 23:38:14 - isolateInternalQueries................................false
2026-04-25 23:38:14 - jdbcUrl................................jdbc:postgresql://localhost:5432/postgres
2026-04-25 23:38:14 - keepaliveTime................................0
2026-04-25 23:38:14 - leakDetectionThreshold................................0
2026-04-25 23:38:14 - maxLifetime................................1800000
2026-04-25 23:38:14 - maximumPoolSize................................10
2026-04-25 23:38:14 - metricRegistry................................none
2026-04-25 23:38:14 - metricsTrackerFactory................................none
2026-04-25 23:38:14 - minimumIdle................................10
2026-04-25 23:38:14 - password................................<masked>
2026-04-25 23:38:14 - poolName................................"HikariPool-1"
2026-04-25 23:38:14 - readOnly................................false
2026-04-25 23:38:14 - registerMbeans................................false
2026-04-25 23:38:14 - scheduledExecutor................................none
2026-04-25 23:38:14 - schema................................none
2026-04-25 23:38:14 - threadFactory................................internal
2026-04-25 23:38:14 - transactionIsolation................................default
2026-04-25 23:38:14 - username................................"postgres"
2026-04-25 23:38:14 - validationTimeout................................5000
2026-04-25 23:38:14 - HikariPool-1 - Starting...
2026-04-25 23:38:14 - HikariPool-1 - Added connection org.postgresql.jdbc.PgConnection@706f6d26
2026-04-25 23:38:14 - HikariPool-1 - Start completed.
2026-04-25 23:38:14 - HikariPool-1 - Pool stats (total=1, active=1, idle=0, waiting=0)
2026-04-25 23:38:14 - HikariPool-1 - Added connection org.postgresql.jdbc.PgConnection@26d3a447
2026-04-25 23:38:14 - Set default schema name to public
2026-04-25 23:38:14 - HikariPool-1 - Added connection org.postgresql.jdbc.PgConnection@63d12ef9
2026-04-25 23:38:14 - HikariPool-1 - Added connection org.postgresql.jdbc.PgConnection@69b29c9f
2026-04-25 23:38:14 - Successfully acquired change log lock
2026-04-25 23:38:14 - HikariPool-1 - Added connection org.postgresql.jdbc.PgConnection@3fed1b6
2026-04-25 23:38:14 - HikariPool-1 - Added connection org.postgresql.jdbc.PgConnection@1aa89115
2026-04-25 23:38:14 - HikariPool-1 - Added connection org.postgresql.jdbc.PgConnection@f1d1168
2026-04-25 23:38:14 - HikariPool-1 - Added connection org.postgresql.jdbc.PgConnection@72b63270
2026-04-25 23:38:14 - HikariPool-1 - Added connection org.postgresql.jdbc.PgConnection@7b02ef1
2026-04-25 23:38:14 - HikariPool-1 - Added connection org.postgresql.jdbc.PgConnection@594e372b
2026-04-25 23:38:14 - HikariPool-1 - After adding stats (total=10, active=1, idle=9, waiting=0)
2026-04-25 23:38:15 - Reading from public.databasechangelog
2026-04-25 23:38:15 - Successfully released change log lock
2026-04-25 23:38:15 - HHH000204: Processing PersistenceUnitInfo [name: default]
2026-04-25 23:38:15 - HHH000412: Hibernate ORM core version 5.6.9.Final
2026-04-25 23:38:16 - HCANN000001: Hibernate Commons Annotations {5.1.2.Final}
2026-04-25 23:38:16 - Database ->
       name : PostgreSQL
    version : 18.1
      major : 18
      minor : 1
2026-04-25 23:38:16 - Driver ->
       name : PostgreSQL JDBC Driver
    version : 42.3.6
      major : 42
      minor : 3
2026-04-25 23:38:16 - JDBC version : 4.2
2026-04-25 23:38:16 - HHH000400: Using dialect: org.hibernate.dialect.PostgreSQLDialect
2026-04-25 23:38:16 - JDBC driver metadata reported database stores quoted identifiers in neither upper, lower nor mixed case
2026-04-25 23:38:16 - Normalizing identifier quoting [postgres]
2026-04-25 23:38:16 - Normalizing identifier quoting [public]
2026-04-25 23:38:16 - Normalizing identifier quoting [DTYPE]
2026-04-25 23:38:16 - Normalizing identifier quoting [lemma]
2026-04-25 23:38:16 - Normalizing identifier quoting [lemma]
2026-04-25 23:38:16 - Normalizing identifier quoting [id]
2026-04-25 23:38:16 - Normalizing identifier quoting [id]
2026-04-25 23:38:16 - Normalizing identifier quoting [id]
2026-04-25 23:38:16 - Normalizing identifier quoting [id]
2026-04-25 23:38:16 - Normalizing identifier quoting [id]
2026-04-25 23:38:16 - Normalizing identifier quoting [frequency]
2026-04-25 23:38:16 - Normalizing identifier quoting [frequency]
2026-04-25 23:38:16 - Normalizing identifier quoting [frequency]
2026-04-25 23:38:16 - Normalizing identifier quoting [frequency]
2026-04-25 23:38:16 - Normalizing identifier quoting [frequency]
2026-04-25 23:38:16 - Normalizing identifier quoting [lemma]
2026-04-25 23:38:16 - Normalizing identifier quoting [lemma]
2026-04-25 23:38:16 - Normalizing identifier quoting [lemma]
2026-04-25 23:38:16 - Normalizing identifier quoting [lemma]
2026-04-25 23:38:16 - Normalizing identifier quoting [lemma]
2026-04-25 23:38:16 - Normalizing identifier quoting [searchIndexes]
2026-04-25 23:38:16 - Normalizing identifier quoting [searchIndexes]
2026-04-25 23:38:16 - Normalizing identifier quoting [element]
2026-04-25 23:38:16 - Normalizing identifier quoting [element]
2026-04-25 23:38:16 - Normalizing identifier quoting [searchIndexes_KEY]
2026-04-25 23:38:16 - Normalizing identifier quoting [searchIndexes_KEY]
2026-04-25 23:38:16 - Normalizing identifier quoting [site_id]
2026-04-25 23:38:16 - Normalizing identifier quoting [site]
2026-04-25 23:38:16 - Normalizing identifier quoting [site]
2026-04-25 23:38:16 - Normalizing identifier quoting [DTYPE]
2026-04-25 23:38:16 - Normalizing identifier quoting [page]
2026-04-25 23:38:16 - Normalizing identifier quoting [page]
2026-04-25 23:38:16 - Normalizing identifier quoting [id]
2026-04-25 23:38:16 - Normalizing identifier quoting [id]
2026-04-25 23:38:16 - Normalizing identifier quoting [id]
2026-04-25 23:38:16 - Normalizing identifier quoting [id]
2026-04-25 23:38:16 - Normalizing identifier quoting [id]
2026-04-25 23:38:16 - Normalizing identifier quoting [code]
2026-04-25 23:38:16 - Normalizing identifier quoting [code]
2026-04-25 23:38:16 - Normalizing identifier quoting [code]
2026-04-25 23:38:16 - Normalizing identifier quoting [code]
2026-04-25 23:38:16 - Normalizing identifier quoting [code]
2026-04-25 23:38:16 - Normalizing identifier quoting [content]
2026-04-25 23:38:16 - Normalizing identifier quoting [content]
2026-04-25 23:38:16 - Normalizing identifier quoting [content]
2026-04-25 23:38:16 - Normalizing identifier quoting [content]
2026-04-25 23:38:16 - Normalizing identifier quoting [content]
2026-04-25 23:38:16 - Normalizing identifier quoting [path]
2026-04-25 23:38:16 - Normalizing identifier quoting [path]
2026-04-25 23:38:16 - Normalizing identifier quoting [path]
2026-04-25 23:38:16 - Normalizing identifier quoting [path]
2026-04-25 23:38:16 - Normalizing identifier quoting [path]
2026-04-25 23:38:16 - Normalizing identifier quoting [site_id]
2026-04-25 23:38:16 - Normalizing identifier quoting [site]
2026-04-25 23:38:16 - Normalizing identifier quoting [site]
2026-04-25 23:38:16 - Normalizing identifier quoting [topic_count]
2026-04-25 23:38:16 - Normalizing identifier quoting [topic_count]
2026-04-25 23:38:16 - Normalizing identifier quoting [topic_count]
2026-04-25 23:38:16 - Normalizing identifier quoting [topics]
2026-04-25 23:38:16 - Normalizing identifier quoting [topics]
2026-04-25 23:38:16 - Normalizing identifier quoting [element]
2026-04-25 23:38:16 - Normalizing identifier quoting [element]
2026-04-25 23:38:16 - Normalizing identifier quoting [topics_KEY]
2026-04-25 23:38:16 - Normalizing identifier quoting [topics_KEY]
2026-04-25 23:38:16 - Normalizing identifier quoting [DTYPE]
2026-04-25 23:38:16 - Normalizing identifier quoting [search_index]
2026-04-25 23:38:16 - Normalizing identifier quoting [search_index]
2026-04-25 23:38:16 - Normalizing identifier quoting [id]
2026-04-25 23:38:16 - Normalizing identifier quoting [id]
2026-04-25 23:38:16 - Normalizing identifier quoting [id]
2026-04-25 23:38:16 - Normalizing identifier quoting [id]
2026-04-25 23:38:16 - Normalizing identifier quoting [id]
2026-04-25 23:38:16 - Normalizing identifier quoting [lemma_id]
2026-04-25 23:38:16 - Normalizing identifier quoting [lemma]
2026-04-25 23:38:16 - Normalizing identifier quoting [lemma]
2026-04-25 23:38:16 - Normalizing identifier quoting [page_id]
2026-04-25 23:38:16 - Normalizing identifier quoting [page]
2026-04-25 23:38:16 - Normalizing identifier quoting [page]
2026-04-25 23:38:16 - Normalizing identifier quoting [ranking]
2026-04-25 23:38:16 - Normalizing identifier quoting [ranking]
2026-04-25 23:38:16 - Normalizing identifier quoting [ranking]
2026-04-25 23:38:16 - Normalizing identifier quoting [ranking]
2026-04-25 23:38:16 - Normalizing identifier quoting [ranking]
2026-04-25 23:38:16 - Normalizing identifier quoting [DTYPE]
2026-04-25 23:38:16 - Normalizing identifier quoting [Site]
2026-04-25 23:38:16 - Normalizing identifier quoting [Site]
2026-04-25 23:38:16 - Normalizing identifier quoting [id]
2026-04-25 23:38:16 - Normalizing identifier quoting [id]
2026-04-25 23:38:16 - Normalizing identifier quoting [id]
2026-04-25 23:38:16 - Normalizing identifier quoting [id]
2026-04-25 23:38:16 - Normalizing identifier quoting [id]
2026-04-25 23:38:16 - Normalizing identifier quoting [lastError]
2026-04-25 23:38:16 - Normalizing identifier quoting [lastError]
2026-04-25 23:38:16 - Normalizing identifier quoting [lastError]
2026-04-25 23:38:16 - Normalizing identifier quoting [lastError]
2026-04-25 23:38:16 - Normalizing identifier quoting [lastError]
2026-04-25 23:38:16 - Normalizing identifier quoting [name]
2026-04-25 23:38:16 - Normalizing identifier quoting [name]
2026-04-25 23:38:16 - Normalizing identifier quoting [name]
2026-04-25 23:38:16 - Normalizing identifier quoting [name]
2026-04-25 23:38:16 - Normalizing identifier quoting [name]
2026-04-25 23:38:16 - Normalizing identifier quoting [pages]
2026-04-25 23:38:16 - Normalizing identifier quoting [pages]
2026-04-25 23:38:16 - Normalizing identifier quoting [element]
2026-04-25 23:38:16 - Normalizing identifier quoting [element]
2026-04-25 23:38:16 - Normalizing identifier quoting [pages_KEY]
2026-04-25 23:38:16 - Normalizing identifier quoting [pages_KEY]
2026-04-25 23:38:16 - Normalizing identifier quoting [status]
2026-04-25 23:38:16 - Normalizing identifier quoting [status]
2026-04-25 23:38:16 - Normalizing identifier quoting [status]
2026-04-25 23:38:16 - Normalizing identifier quoting [status]
2026-04-25 23:38:16 - Normalizing identifier quoting [status]
2026-04-25 23:38:16 - Normalizing identifier quoting [statusTime]
2026-04-25 23:38:16 - Normalizing identifier quoting [statusTime]
2026-04-25 23:38:16 - Normalizing identifier quoting [statusTime]
2026-04-25 23:38:16 - Normalizing identifier quoting [statusTime]
2026-04-25 23:38:16 - Normalizing identifier quoting [statusTime]
2026-04-25 23:38:16 - Normalizing identifier quoting [url]
2026-04-25 23:38:16 - Normalizing identifier quoting [url]
2026-04-25 23:38:16 - Normalizing identifier quoting [url]
2026-04-25 23:38:16 - Normalizing identifier quoting [url]
2026-04-25 23:38:16 - Normalizing identifier quoting [url]
2026-04-25 23:38:16 - Normalizing identifier quoting [DTYPE]
2026-04-25 23:38:16 - Normalizing identifier quoting [topic]
2026-04-25 23:38:16 - Normalizing identifier quoting [topic]
2026-04-25 23:38:16 - Normalizing identifier quoting [id]
2026-04-25 23:38:16 - Normalizing identifier quoting [id]
2026-04-25 23:38:16 - Normalizing identifier quoting [id]
2026-04-25 23:38:16 - Normalizing identifier quoting [id]
2026-04-25 23:38:16 - Normalizing identifier quoting [id]
2026-04-25 23:38:16 - Normalizing identifier quoting [content]
2026-04-25 23:38:16 - Normalizing identifier quoting [content]
2026-04-25 23:38:16 - Normalizing identifier quoting [content]
2026-04-25 23:38:16 - Normalizing identifier quoting [created_at]
2026-04-25 23:38:16 - Normalizing identifier quoting [created_at]
2026-04-25 23:38:16 - Normalizing identifier quoting [created_at]
2026-04-25 23:38:16 - Normalizing identifier quoting [lemma_count]
2026-04-25 23:38:16 - Normalizing identifier quoting [lemma_count]
2026-04-25 23:38:16 - Normalizing identifier quoting [lemma_count]
2026-04-25 23:38:16 - Normalizing identifier quoting [order_num]
2026-04-25 23:38:16 - Normalizing identifier quoting [order_num]
2026-04-25 23:38:16 - Normalizing identifier quoting [order_num]
2026-04-25 23:38:16 - Normalizing identifier quoting [page_id]
2026-04-25 23:38:16 - Normalizing identifier quoting [page]
2026-04-25 23:38:16 - Normalizing identifier quoting [page]
2026-04-25 23:38:16 - Normalizing identifier quoting [site_id]
2026-04-25 23:38:16 - Normalizing identifier quoting [site]
2026-04-25 23:38:16 - Normalizing identifier quoting [site]
2026-04-25 23:38:16 - Normalizing identifier quoting [title]
2026-04-25 23:38:16 - Normalizing identifier quoting [title]
2026-04-25 23:38:16 - Normalizing identifier quoting [title]
2026-04-25 23:38:16 - Normalizing identifier quoting [topic_group_id]
2026-04-25 23:38:16 - Normalizing identifier quoting [topicGroup]
2026-04-25 23:38:16 - Normalizing identifier quoting [topicGroup]
2026-04-25 23:38:16 - Normalizing identifier quoting [DTYPE]
2026-04-25 23:38:16 - Normalizing identifier quoting [topic_group]
2026-04-25 23:38:16 - Normalizing identifier quoting [topic_group]
2026-04-25 23:38:16 - Normalizing identifier quoting [id]
2026-04-25 23:38:16 - Normalizing identifier quoting [id]
2026-04-25 23:38:16 - Normalizing identifier quoting [id]
2026-04-25 23:38:16 - Normalizing identifier quoting [id]
2026-04-25 23:38:16 - Normalizing identifier quoting [id]
2026-04-25 23:38:16 - Normalizing identifier quoting [content_summary]
2026-04-25 23:38:16 - Normalizing identifier quoting [content_summary]
2026-04-25 23:38:16 - Normalizing identifier quoting [content_summary]
2026-04-25 23:38:16 - Normalizing identifier quoting [frequency]
2026-04-25 23:38:16 - Normalizing identifier quoting [frequency]
2026-04-25 23:38:16 - Normalizing identifier quoting [frequency]
2026-04-25 23:38:16 - Normalizing identifier quoting [lemma]
2026-04-25 23:38:16 - Normalizing identifier quoting [lemma]
2026-04-25 23:38:16 - Normalizing identifier quoting [lemma]
2026-04-25 23:38:16 - Normalizing identifier quoting [lemma]
2026-04-25 23:38:16 - Normalizing identifier quoting [keyLemmas_KEY]
2026-04-25 23:38:16 - Normalizing identifier quoting [keyLemmas_KEY]
2026-04-25 23:38:16 - Normalizing identifier quoting [topic_group_id]
2026-04-25 23:38:16 - Normalizing identifier quoting [site_count]
2026-04-25 23:38:16 - Normalizing identifier quoting [site_count]
2026-04-25 23:38:16 - Normalizing identifier quoting [site_count]
2026-04-25 23:38:16 - Normalizing identifier quoting [title]
2026-04-25 23:38:16 - Normalizing identifier quoting [title]
2026-04-25 23:38:16 - Normalizing identifier quoting [title]
2026-04-25 23:38:16 - Normalizing identifier quoting [topics]
2026-04-25 23:38:16 - Normalizing identifier quoting [topics]
2026-04-25 23:38:16 - Normalizing identifier quoting [element]
2026-04-25 23:38:16 - Normalizing identifier quoting [element]
2026-04-25 23:38:16 - Normalizing identifier quoting [topics_KEY]
2026-04-25 23:38:16 - Normalizing identifier quoting [topics_KEY]
2026-04-25 23:38:16 - Normalizing identifier quoting [site_id]
2026-04-25 23:38:16 - Normalizing identifier quoting [null]
2026-04-25 23:38:16 - Normalizing identifier quoting [site_id]
2026-04-25 23:38:16 - Normalizing identifier quoting [site_id]
2026-04-25 23:38:16 - Normalizing identifier quoting [site_id]
2026-04-25 23:38:16 - Normalizing identifier quoting [null]
2026-04-25 23:38:16 - Normalizing identifier quoting [site_id]
2026-04-25 23:38:16 - Normalizing identifier quoting [site_id]
2026-04-25 23:38:16 - Normalizing identifier quoting [lemma_id]
2026-04-25 23:38:16 - Normalizing identifier quoting [null]
2026-04-25 23:38:16 - Normalizing identifier quoting [lemma_id]
2026-04-25 23:38:16 - Normalizing identifier quoting [lemma_id]
2026-04-25 23:38:16 - Normalizing identifier quoting [page_id]
2026-04-25 23:38:16 - Normalizing identifier quoting [null]
2026-04-25 23:38:16 - Normalizing identifier quoting [page_id]
2026-04-25 23:38:16 - Normalizing identifier quoting [page_id]
2026-04-25 23:38:16 - Normalizing identifier quoting [page_id]
2026-04-25 23:38:16 - Normalizing identifier quoting [null]
2026-04-25 23:38:16 - Normalizing identifier quoting [page_id]
2026-04-25 23:38:16 - Normalizing identifier quoting [page_id]
2026-04-25 23:38:16 - Normalizing identifier quoting [site_id]
2026-04-25 23:38:16 - Normalizing identifier quoting [null]
2026-04-25 23:38:16 - Normalizing identifier quoting [site_id]
2026-04-25 23:38:16 - Normalizing identifier quoting [site_id]
2026-04-25 23:38:16 - Normalizing identifier quoting [topic_group_id]
2026-04-25 23:38:16 - Normalizing identifier quoting [null]
2026-04-25 23:38:16 - Normalizing identifier quoting [topic_group_id]
2026-04-25 23:38:16 - Normalizing identifier quoting [topic_group_id]
2026-04-25 23:38:16 - Normalizing identifier quoting [null]
2026-04-25 23:38:16 - Normalizing identifier quoting [topic_group_key_lemmas]
2026-04-25 23:38:16 - Normalizing identifier quoting [topic_group_key_lemmas]
2026-04-25 23:38:16 - Normalizing identifier quoting [topic_group_id]
2026-04-25 23:38:16 - Normalizing identifier quoting [null]
2026-04-25 23:38:16 - Normalizing identifier quoting [topic_group_id]
2026-04-25 23:38:16 - Normalizing identifier quoting [topic_group_id]
2026-04-25 23:38:16 - Normalizing identifier quoting [lemma]
2026-04-25 23:38:16 - Normalizing identifier quoting [site_id]
2026-04-25 23:38:16 - Normalizing identifier quoting [site_id]
2026-04-25 23:38:16 - Normalizing identifier quoting [FKj2jx0gqa4h7wg8ls0k3y221h2]
2026-04-25 23:38:16 - Normalizing identifier quoting [lemma_id]
2026-04-25 23:38:16 - Normalizing identifier quoting [FKn7ndggxsrpg4j41c1ak3qaemc]
2026-04-25 23:38:16 - Normalizing identifier quoting [page_id]
2026-04-25 23:38:16 - Normalizing identifier quoting [FKiqwaooudm7lmmj97li1y42l5r]
2026-04-25 23:38:16 - Normalizing identifier quoting [page_id]
2026-04-25 23:38:16 - Normalizing identifier quoting [site_id]
2026-04-25 23:38:16 - Normalizing identifier quoting [topic_group_id]
2026-04-25 23:38:16 - Normalizing identifier quoting [topic_group_id]
2026-04-25 23:38:16 - Normalizing identifier quoting [FKm7pwxka586fwpcpn6jv7ajp92]
2026-04-25 23:38:16 - Normalizing identifier quoting [lemma]
2026-04-25 23:38:16 - Normalizing identifier quoting [site_id]
2026-04-25 23:38:16 - Normalizing identifier quoting [lemma]
2026-04-25 23:38:16 - Normalizing identifier quoting [site_id]
2026-04-25 23:38:16 - Normalizing identifier quoting [UK7ogalxpu2t6pogbj8sbbpk0of]
2026-04-25 23:38:16 - Normalizing identifier quoting [path]
2026-04-25 23:38:16 - Normalizing identifier quoting [site_id]
2026-04-25 23:38:16 - Normalizing identifier quoting [site_id]
2026-04-25 23:38:16 - Normalizing identifier quoting [lemma_id]
2026-04-25 23:38:16 - Normalizing identifier quoting [page_id]
2026-04-25 23:38:16 - Normalizing identifier quoting [page_id]
2026-04-25 23:38:16 - Normalizing identifier quoting [site_id]
2026-04-25 23:38:16 - Normalizing identifier quoting [topic_group_id]
2026-04-25 23:38:16 - Normalizing identifier quoting [topic_group_id]
2026-04-25 23:38:16 - Normalizing identifier quoting [path]
2026-04-25 23:38:16 - Normalizing identifier quoting [null]
2026-04-25 23:38:16 - HHH000490: Using JtaPlatform implementation: [org.hibernate.engine.transaction.jta.platform.internal.NoJtaPlatform]
2026-04-25 23:38:16 - Initialized JPA EntityManagerFactory for persistence unit 'default'
2026-04-25 23:38:17 - Closing JDBC container [org.hibernate.engine.jdbc.internal.JdbcCoordinatorImpl@7fba492e]
2026-04-25 23:38:17 - Closing JDBC container [org.hibernate.engine.jdbc.internal.JdbcCoordinatorImpl@2e488e45]
2026-04-25 23:38:17 - Closing JDBC container [org.hibernate.engine.jdbc.internal.JdbcCoordinatorImpl@470866d1]
2026-04-25 23:38:17 - On TransactionImpl creation, JpaCompliance#isJpaTransactionComplianceEnabled == false
2026-04-25 23:38:17 - Closing JDBC container [org.hibernate.engine.jdbc.internal.JdbcCoordinatorImpl@5f1a3c4]
2026-04-25 23:38:17 - Closing JDBC container [org.hibernate.engine.jdbc.internal.JdbcCoordinatorImpl@36ae17ef]
2026-04-25 23:38:17 - Unable to locate HQL query plan in cache; generating (SELECT t FROM Topic t WHERE t.topicGroup IS NULL)
2026-04-25 23:38:17 - Closing JDBC container [org.hibernate.engine.jdbc.internal.JdbcCoordinatorImpl@2eb91767]
2026-04-25 23:38:17 - On TransactionImpl creation, JpaCompliance#isJpaTransactionComplianceEnabled == false
2026-04-25 23:38:17 - Closing JDBC container [org.hibernate.engine.jdbc.internal.JdbcCoordinatorImpl@17f7a1af]
2026-04-25 23:38:17 - Closing JDBC container [org.hibernate.engine.jdbc.internal.JdbcCoordinatorImpl@fbdba1c]
2026-04-25 23:38:17 - On TransactionImpl creation, JpaCompliance#isJpaTransactionComplianceEnabled == false
2026-04-25 23:38:17 - Closing JDBC container [org.hibernate.engine.jdbc.internal.JdbcCoordinatorImpl@21457b14]
2026-04-25 23:38:17 - Closing JDBC container [org.hibernate.engine.jdbc.internal.JdbcCoordinatorImpl@7e484bd]
2026-04-25 23:38:17 - On TransactionImpl creation, JpaCompliance#isJpaTransactionComplianceEnabled == false
2026-04-25 23:38:17 - Closing JDBC container [org.hibernate.engine.jdbc.internal.JdbcCoordinatorImpl@341141ab]
2026-04-25 23:38:17 - Closing JDBC container [org.hibernate.engine.jdbc.internal.JdbcCoordinatorImpl@1773faf8]
2026-04-25 23:38:17 - On TransactionImpl creation, JpaCompliance#isJpaTransactionComplianceEnabled == false
2026-04-25 23:38:17 - Closing JDBC container [org.hibernate.engine.jdbc.internal.JdbcCoordinatorImpl@edb8f0c]
2026-04-25 23:38:17 - Closing JDBC container [org.hibernate.engine.jdbc.internal.JdbcCoordinatorImpl@613f48de]
2026-04-25 23:38:17 - On TransactionImpl creation, JpaCompliance#isJpaTransactionComplianceEnabled == false
2026-04-25 23:38:17 - Closing JDBC container [org.hibernate.engine.jdbc.internal.JdbcCoordinatorImpl@61c644fe]
2026-04-25 23:38:17 - Closing JDBC container [org.hibernate.engine.jdbc.internal.JdbcCoordinatorImpl@44bd7f24]
2026-04-25 23:38:17 - On TransactionImpl creation, JpaCompliance#isJpaTransactionComplianceEnabled == false
2026-04-25 23:38:17 - Closing JDBC container [org.hibernate.engine.jdbc.internal.JdbcCoordinatorImpl@738153d8]
2026-04-25 23:38:17 - Closing JDBC container [org.hibernate.engine.jdbc.internal.JdbcCoordinatorImpl@1a3272e0]
2026-04-25 23:38:17 - Unable to locate HQL query plan in cache; generating (SELECT t FROM Topic t ORDER BY t.lemmaCount DESC)
2026-04-25 23:38:17 - Closing JDBC container [org.hibernate.engine.jdbc.internal.JdbcCoordinatorImpl@6fc03cf6]
2026-04-25 23:38:17 - On TransactionImpl creation, JpaCompliance#isJpaTransactionComplianceEnabled == false
2026-04-25 23:38:17 - Closing JDBC container [org.hibernate.engine.jdbc.internal.JdbcCoordinatorImpl@eef6e]
2026-04-25 23:38:17 - Closing JDBC container [org.hibernate.engine.jdbc.internal.JdbcCoordinatorImpl@56b66cc6]
2026-04-25 23:38:17 - Unable to locate HQL query plan in cache; generating (SELECT t FROM Topic t WHERE t.topicGroup.id = :groupId)
2026-04-25 23:38:17 - Closing JDBC container [org.hibernate.engine.jdbc.internal.JdbcCoordinatorImpl@29088d3d]
2026-04-25 23:38:17 - On TransactionImpl creation, JpaCompliance#isJpaTransactionComplianceEnabled == false
2026-04-25 23:38:17 - Closing JDBC container [org.hibernate.engine.jdbc.internal.JdbcCoordinatorImpl@3284de45]
2026-04-25 23:38:17 - Closing JDBC container [org.hibernate.engine.jdbc.internal.JdbcCoordinatorImpl@5390862e]
2026-04-25 23:38:17 - Unable to locate HQL query plan in cache; generating (SELECT t FROM Topic t JOIN t.topicGroup g WHERE g.id = :groupId)
2026-04-25 23:38:17 - Closing JDBC container [org.hibernate.engine.jdbc.internal.JdbcCoordinatorImpl@923bf67]
2026-04-25 23:38:17 - On TransactionImpl creation, JpaCompliance#isJpaTransactionComplianceEnabled == false
2026-04-25 23:38:17 - Closing JDBC container [org.hibernate.engine.jdbc.internal.JdbcCoordinatorImpl@a165c11]
2026-04-25 23:38:17 - Closing JDBC container [org.hibernate.engine.jdbc.internal.JdbcCoordinatorImpl@1eda12b3]
2026-04-25 23:38:17 - Unable to locate HQL query plan in cache; generating (SELECT t.title, COUNT(t) as frequency, COUNT(DISTINCT t.site.id) as siteCount FROM Topic t GROUP BY t.title HAVING COUNT(t) > 1 ORDER BY frequency DESC)
2026-04-25 23:38:17 - Closing JDBC container [org.hibernate.engine.jdbc.internal.JdbcCoordinatorImpl@56bf6f1e]
2026-04-25 23:38:17 - On TransactionImpl creation, JpaCompliance#isJpaTransactionComplianceEnabled == false
2026-04-25 23:38:17 - Closing JDBC container [org.hibernate.engine.jdbc.internal.JdbcCoordinatorImpl@6e7d9d0]
2026-04-25 23:38:17 - Closing JDBC container [org.hibernate.engine.jdbc.internal.JdbcCoordinatorImpl@2b0d818d]
2026-04-25 23:38:17 - Unable to locate HQL query plan in cache; generating (SELECT COUNT(t) as topicCount, COALESCE(SUM(t.lemmaCount), 0) as totalLemmas FROM Topic t WHERE t.site.id = :siteId)
2026-04-25 23:38:17 - Closing JDBC container [org.hibernate.engine.jdbc.internal.JdbcCoordinatorImpl@7be85f15]
2026-04-25 23:38:17 - On TransactionImpl creation, JpaCompliance#isJpaTransactionComplianceEnabled == false
2026-04-25 23:38:17 - Closing JDBC container [org.hibernate.engine.jdbc.internal.JdbcCoordinatorImpl@48619f15]
2026-04-25 23:38:17 - Closing JDBC container [org.hibernate.engine.jdbc.internal.JdbcCoordinatorImpl@790ea58f]
2026-04-25 23:38:17 - On TransactionImpl creation, JpaCompliance#isJpaTransactionComplianceEnabled == false
2026-04-25 23:38:17 - Closing JDBC container [org.hibernate.engine.jdbc.internal.JdbcCoordinatorImpl@69efdfd9]
2026-04-25 23:38:17 - Closing JDBC container [org.hibernate.engine.jdbc.internal.JdbcCoordinatorImpl@49616310]
2026-04-25 23:38:17 - Unable to locate HQL query plan in cache; generating (SELECT t FROM Topic t WHERE t.site.id = :siteId AND LOWER(t.title) LIKE LOWER(CONCAT('%', :query, '%')))
2026-04-25 23:38:17 - Closing JDBC container [org.hibernate.engine.jdbc.internal.JdbcCoordinatorImpl@6662974a]
2026-04-25 23:38:17 - On TransactionImpl creation, JpaCompliance#isJpaTransactionComplianceEnabled == false
2026-04-25 23:38:17 - Closing JDBC container [org.hibernate.engine.jdbc.internal.JdbcCoordinatorImpl@4fce655d]
2026-04-25 23:38:17 - Closing JDBC container [org.hibernate.engine.jdbc.internal.JdbcCoordinatorImpl@1aba8978]
2026-04-25 23:38:17 - On TransactionImpl creation, JpaCompliance#isJpaTransactionComplianceEnabled == false
2026-04-25 23:38:17 - Closing JDBC container [org.hibernate.engine.jdbc.internal.JdbcCoordinatorImpl@60e5db1d]
2026-04-25 23:38:17 - Closing JDBC container [org.hibernate.engine.jdbc.internal.JdbcCoordinatorImpl@4ef0bc5b]
2026-04-25 23:38:17 - Unable to locate HQL query plan in cache; generating (SELECT t FROM Topic t WHERE t.site.id = :siteId ORDER BY t.lemmaCount DESC)
2026-04-25 23:38:17 - Closing JDBC container [org.hibernate.engine.jdbc.internal.JdbcCoordinatorImpl@67b2c8bb]
2026-04-25 23:38:17 - Closing JDBC container [org.hibernate.engine.jdbc.internal.JdbcCoordinatorImpl@756030e2]
2026-04-25 23:38:17 - Closing JDBC container [org.hibernate.engine.jdbc.internal.JdbcCoordinatorImpl@134ec0f3]
2026-04-25 23:38:17 - On TransactionImpl creation, JpaCompliance#isJpaTransactionComplianceEnabled == false
2026-04-25 23:38:17 - Closing JDBC container [org.hibernate.engine.jdbc.internal.JdbcCoordinatorImpl@2b569858]
2026-04-25 23:38:17 - Closing JDBC container [org.hibernate.engine.jdbc.internal.JdbcCoordinatorImpl@1b84d03d]
2026-04-25 23:38:17 - Unable to locate HQL query plan in cache; generating (SELECT tg FROM TopicGroup tg ORDER BY tg.frequency DESC, tg.siteCount DESC)
2026-04-25 23:38:17 - Closing JDBC container [org.hibernate.engine.jdbc.internal.JdbcCoordinatorImpl@1e1d813a]
2026-04-25 23:38:17 - On TransactionImpl creation, JpaCompliance#isJpaTransactionComplianceEnabled == false
2026-04-25 23:38:17 - Closing JDBC container [org.hibernate.engine.jdbc.internal.JdbcCoordinatorImpl@1f596988]
2026-04-25 23:38:17 - Closing JDBC container [org.hibernate.engine.jdbc.internal.JdbcCoordinatorImpl@6bf34912]
2026-04-25 23:38:17 - Unable to locate HQL query plan in cache; generating (SELECT tg FROM TopicGroup tg JOIN tg.keyLemmas kl WHERE kl IN :lemmas GROUP BY tg HAVING COUNT(DISTINCT kl) >= :minMatch)
2026-04-25 23:38:17 - Closing JDBC container [org.hibernate.engine.jdbc.internal.JdbcCoordinatorImpl@82382d1]
2026-04-25 23:38:17 - On TransactionImpl creation, JpaCompliance#isJpaTransactionComplianceEnabled == false
2026-04-25 23:38:17 - Closing JDBC container [org.hibernate.engine.jdbc.internal.JdbcCoordinatorImpl@2709e075]
2026-04-25 23:38:17 - Closing JDBC container [org.hibernate.engine.jdbc.internal.JdbcCoordinatorImpl@3328db4f]
2026-04-25 23:38:17 - Closing JDBC container [org.hibernate.engine.jdbc.internal.JdbcCoordinatorImpl@77e261e3]
2026-04-25 23:38:17 - Closing JDBC container [org.hibernate.engine.jdbc.internal.JdbcCoordinatorImpl@7dbe858f]
2026-04-25 23:38:17 - On TransactionImpl creation, JpaCompliance#isJpaTransactionComplianceEnabled == false
2026-04-25 23:38:17 - Closing JDBC container [org.hibernate.engine.jdbc.internal.JdbcCoordinatorImpl@3b171fbd]
2026-04-25 23:38:17 - Closing JDBC container [org.hibernate.engine.jdbc.internal.JdbcCoordinatorImpl@1ece052b]
2026-04-25 23:38:17 - On TransactionImpl creation, JpaCompliance#isJpaTransactionComplianceEnabled == false
2026-04-25 23:38:17 - Closing JDBC container [org.hibernate.engine.jdbc.internal.JdbcCoordinatorImpl@1ced1d14]
2026-04-25 23:38:17 - Closing JDBC container [org.hibernate.engine.jdbc.internal.JdbcCoordinatorImpl@237b54bc]
2026-04-25 23:38:17 - On TransactionImpl creation, JpaCompliance#isJpaTransactionComplianceEnabled == false
2026-04-25 23:38:17 - Closing JDBC container [org.hibernate.engine.jdbc.internal.JdbcCoordinatorImpl@95958d9]
2026-04-25 23:38:17 - Closing JDBC container [org.hibernate.engine.jdbc.internal.JdbcCoordinatorImpl@70fe33fa]
2026-04-25 23:38:17 - On TransactionImpl creation, JpaCompliance#isJpaTransactionComplianceEnabled == false
2026-04-25 23:38:17 - Closing JDBC container [org.hibernate.engine.jdbc.internal.JdbcCoordinatorImpl@2db75e32]
2026-04-25 23:38:17 - Closing JDBC container [org.hibernate.engine.jdbc.internal.JdbcCoordinatorImpl@1f2d0ca2]
2026-04-25 23:38:17 - On TransactionImpl creation, JpaCompliance#isJpaTransactionComplianceEnabled == false
2026-04-25 23:38:17 - Closing JDBC container [org.hibernate.engine.jdbc.internal.JdbcCoordinatorImpl@1a1c308b]
2026-04-25 23:38:17 - Closing JDBC container [org.hibernate.engine.jdbc.internal.JdbcCoordinatorImpl@d4dbb34]
2026-04-25 23:38:17 - On TransactionImpl creation, JpaCompliance#isJpaTransactionComplianceEnabled == false
2026-04-25 23:38:17 - Closing JDBC container [org.hibernate.engine.jdbc.internal.JdbcCoordinatorImpl@2b69ff13]
2026-04-25 23:38:17 - Closing JDBC container [org.hibernate.engine.jdbc.internal.JdbcCoordinatorImpl@51ac72f7]
2026-04-25 23:38:18 - LuceneMorphology bean успешно создан
2026-04-25 23:38:18 - Closing JDBC container [org.hibernate.engine.jdbc.internal.JdbcCoordinatorImpl@3f7a7ce6]
2026-04-25 23:38:18 - Closing JDBC container [org.hibernate.engine.jdbc.internal.JdbcCoordinatorImpl@2a045e85]
2026-04-25 23:38:18 - On TransactionImpl creation, JpaCompliance#isJpaTransactionComplianceEnabled == false
2026-04-25 23:38:18 - Closing JDBC container [org.hibernate.engine.jdbc.internal.JdbcCoordinatorImpl@118f39f3]
2026-04-25 23:38:18 - Closing JDBC container [org.hibernate.engine.jdbc.internal.JdbcCoordinatorImpl@7baf7e2c]
2026-04-25 23:38:18 - On TransactionImpl creation, JpaCompliance#isJpaTransactionComplianceEnabled == false
2026-04-25 23:38:18 - Closing JDBC container [org.hibernate.engine.jdbc.internal.JdbcCoordinatorImpl@5ce03a9d]
2026-04-25 23:38:18 - Closing JDBC container [org.hibernate.engine.jdbc.internal.JdbcCoordinatorImpl@10c67c1c]
2026-04-25 23:38:18 - On TransactionImpl creation, JpaCompliance#isJpaTransactionComplianceEnabled == false
2026-04-25 23:38:18 - Closing JDBC container [org.hibernate.engine.jdbc.internal.JdbcCoordinatorImpl@62966c9f]
2026-04-25 23:38:18 - Closing JDBC container [org.hibernate.engine.jdbc.internal.JdbcCoordinatorImpl@4193da4d]
2026-04-25 23:38:18 - Closing JDBC container [org.hibernate.engine.jdbc.internal.JdbcCoordinatorImpl@52df6d0f]
2026-04-25 23:38:18 - Closing JDBC container [org.hibernate.engine.jdbc.internal.JdbcCoordinatorImpl@2bb118ae]
2026-04-25 23:38:18 - On TransactionImpl creation, JpaCompliance#isJpaTransactionComplianceEnabled == false
2026-04-25 23:38:18 - Closing JDBC container [org.hibernate.engine.jdbc.internal.JdbcCoordinatorImpl@5afaae7e]
2026-04-25 23:38:18 - Closing JDBC container [org.hibernate.engine.jdbc.internal.JdbcCoordinatorImpl@7364073b]
2026-04-25 23:38:18 - Unable to locate HQL query plan in cache; generating (SELECT si.page FROM SearchIndex si WHERE si.lemma.lemma IN :lemmas)
2026-04-25 23:38:18 - Closing JDBC container [org.hibernate.engine.jdbc.internal.JdbcCoordinatorImpl@7bf997e0]
2026-04-25 23:38:18 - On TransactionImpl creation, JpaCompliance#isJpaTransactionComplianceEnabled == false
2026-04-25 23:38:18 - Closing JDBC container [org.hibernate.engine.jdbc.internal.JdbcCoordinatorImpl@5c141c7b]
2026-04-25 23:38:18 - Closing JDBC container [org.hibernate.engine.jdbc.internal.JdbcCoordinatorImpl@14f254f]
2026-04-25 23:38:18 - Unable to locate HQL query plan in cache; generating (SELECT si.ranking FROM SearchIndex si WHERE si.page = :page AND si.lemma = :lemma)
2026-04-25 23:38:18 - Closing JDBC container [org.hibernate.engine.jdbc.internal.JdbcCoordinatorImpl@4df54c1]
2026-04-25 23:38:18 - On TransactionImpl creation, JpaCompliance#isJpaTransactionComplianceEnabled == false
2026-04-25 23:38:18 - Closing JDBC container [org.hibernate.engine.jdbc.internal.JdbcCoordinatorImpl@785477e5]
2026-04-25 23:38:18 - Closing JDBC container [org.hibernate.engine.jdbc.internal.JdbcCoordinatorImpl@c950fd]
2026-04-25 23:38:18 - Unable to locate HQL query plan in cache; generating (SELECT DISTINCT si.page FROM SearchIndex si WHERE si.lemma.lemma IN :lemmas AND si.page.site = :site)
2026-04-25 23:38:18 - Closing JDBC container [org.hibernate.engine.jdbc.internal.JdbcCoordinatorImpl@6908674b]
2026-04-25 23:38:18 - On TransactionImpl creation, JpaCompliance#isJpaTransactionComplianceEnabled == false
2026-04-25 23:38:18 - Closing JDBC container [org.hibernate.engine.jdbc.internal.JdbcCoordinatorImpl@a3e458]
2026-04-25 23:38:18 - Closing JDBC container [org.hibernate.engine.jdbc.internal.JdbcCoordinatorImpl@4b74a4d]
2026-04-25 23:38:18 - Closing JDBC container [org.hibernate.engine.jdbc.internal.JdbcCoordinatorImpl@4010f232]
2026-04-25 23:38:18 - Closing JDBC container [org.hibernate.engine.jdbc.internal.JdbcCoordinatorImpl@39f3285d]
2026-04-25 23:38:18 - On TransactionImpl creation, JpaCompliance#isJpaTransactionComplianceEnabled == false
2026-04-25 23:38:18 - Closing JDBC container [org.hibernate.engine.jdbc.internal.JdbcCoordinatorImpl@2eed6331]
2026-04-25 23:38:18 - Closing JDBC container [org.hibernate.engine.jdbc.internal.JdbcCoordinatorImpl@1254a3cd]
2026-04-25 23:38:18 - On TransactionImpl creation, JpaCompliance#isJpaTransactionComplianceEnabled == false
2026-04-25 23:38:18 - Closing JDBC container [org.hibernate.engine.jdbc.internal.JdbcCoordinatorImpl@164cad52]
2026-04-25 23:38:18 - Closing JDBC container [org.hibernate.engine.jdbc.internal.JdbcCoordinatorImpl@5b977aaa]
2026-04-25 23:38:18 - On TransactionImpl creation, JpaCompliance#isJpaTransactionComplianceEnabled == false
2026-04-25 23:38:18 - Closing JDBC container [org.hibernate.engine.jdbc.internal.JdbcCoordinatorImpl@7d7888a5]
2026-04-25 23:38:18 - Closing JDBC container [org.hibernate.engine.jdbc.internal.JdbcCoordinatorImpl@6dcdc378]
2026-04-25 23:38:18 - Unable to locate HQL query plan in cache; generating (SELECT p FROM Page p WHERE p.site.id = :siteId AND p.path = :path)
2026-04-25 23:38:18 - Closing JDBC container [org.hibernate.engine.jdbc.internal.JdbcCoordinatorImpl@1a23136f]
2026-04-25 23:38:18 - Could not load English OpenNLP models. Will use basic tokenization. Error: Model not found: opennlp/en-sent.bin
2026-04-25 23:38:18 - Russian OpenNLP models not found. Will use basic tokenization for Russian text. Error: Model not found: opennlp/ru-sent.bin
2026-04-25 23:38:18 - spring.jpa.open-in-view is enabled by default. Therefore, database queries may be performed during view rendering. Explicitly configure spring.jpa.open-in-view to disable this warning
2026-04-25 23:38:19 - Adding welcome page template: index
2026-04-25 23:38:19 - Closing JDBC container [org.hibernate.engine.jdbc.internal.JdbcCoordinatorImpl@6179551b]
2026-04-25 23:38:19 - Closing JDBC container [org.hibernate.engine.jdbc.internal.JdbcCoordinatorImpl@55d35f7a]
2026-04-25 23:38:19 - On TransactionImpl creation, JpaCompliance#isJpaTransactionComplianceEnabled == false
2026-04-25 23:38:19 - Closing JDBC container [org.hibernate.engine.jdbc.internal.JdbcCoordinatorImpl@709353b9]
2026-04-25 23:38:19 - Closing JDBC container [org.hibernate.engine.jdbc.internal.JdbcCoordinatorImpl@69c53b72]
2026-04-25 23:38:19 - Unable to locate HQL query plan in cache; generating (SELECT DISTINCT t FROM Topic t JOIN t.topicGroup g WHERE EXISTS (  SELECT 1 FROM g.keyLemmas kl   WHERE kl IN :lemmas))
2026-04-25 23:38:19 - Closing JDBC container [org.hibernate.engine.jdbc.internal.JdbcCoordinatorImpl@359f3401]
2026-04-25 23:38:19 - On TransactionImpl creation, JpaCompliance#isJpaTransactionComplianceEnabled == false
2026-04-25 23:38:19 - Closing JDBC container [org.hibernate.engine.jdbc.internal.JdbcCoordinatorImpl@242a3997]
2026-04-25 23:38:19 - Closing JDBC container [org.hibernate.engine.jdbc.internal.JdbcCoordinatorImpl@51d50b5f]
2026-04-25 23:38:19 - Unable to locate HQL query plan in cache; generating (SELECT t FROM Topic t JOIN FETCH t.site JOIN FETCH t.page WHERE t.topicGroup.id = :groupId ORDER BY t.site.name, t.createdAt DESC)
2026-04-25 23:38:19 - Closing JDBC container [org.hibernate.engine.jdbc.internal.JdbcCoordinatorImpl@21e32876]
2026-04-25 23:38:19 - On TransactionImpl creation, JpaCompliance#isJpaTransactionComplianceEnabled == false
2026-04-25 23:38:19 - Closing JDBC container [org.hibernate.engine.jdbc.internal.JdbcCoordinatorImpl@11c372e9]
2026-04-25 23:38:19 - Closing JDBC container [org.hibernate.engine.jdbc.internal.JdbcCoordinatorImpl@4b59a1c1]
2026-04-25 23:38:19 - Unable to locate HQL query plan in cache; generating (SELECT g.id, g.title, COUNT(t) as topicCount, COUNT(DISTINCT t.site.id) as siteCount FROM TopicGroup g LEFT JOIN g.topics t GROUP BY g.id, g.title HAVING COUNT(t) >= :minFrequency ORDER BY siteCount DESC, topicCount DESC)
2026-04-25 23:38:19 - Closing JDBC container [org.hibernate.engine.jdbc.internal.JdbcCoordinatorImpl@52b2713a]
2026-04-25 23:38:20 - Tomcat started on port(s): 8080 (http) with context path ''
2026-04-25 23:38:20 - Started Application in 9.39 seconds (JVM running for 9.947)
2026-04-25 23:38:35 - Initializing Spring DispatcherServlet 'dispatcherServlet'
2026-04-25 23:38:35 - Initializing Servlet 'dispatcherServlet'
2026-04-25 23:38:35 - Completed initialization in 1 ms
2026-04-25 23:38:35 - Closing JDBC container [org.hibernate.engine.jdbc.internal.JdbcCoordinatorImpl@6e9edda3]
2026-04-25 23:38:35 - Closing JDBC container [org.hibernate.engine.jdbc.internal.JdbcCoordinatorImpl@21d5bbec]
2026-04-25 23:38:35 - On TransactionImpl creation, JpaCompliance#isJpaTransactionComplianceEnabled == false
2026-04-25 23:38:35 - begin
2026-04-25 23:38:35 - Unable to locate HQL query plan in cache; generating (select count(*) from Site x)
2026-04-25 23:38:35 - Find: select count(*) from Site x
2026-04-25 23:38:35 - Named parameters: {}
2026-04-25 23:38:35 - select count(*) as col_0_0_ from site site0_
2026-04-25 23:38:35 - Registering last query statement [HikariProxyPreparedStatement@684343997 wrapping select count(*) as col_0_0_ from site site0_]
2026-04-25 23:38:35 - Starting after statement execution processing [ON_CLOSE]
2026-04-25 23:38:35 - Initializing non-lazy collections
2026-04-25 23:38:35 - committing
2026-04-25 23:38:35 - begin
2026-04-25 23:38:35 - Unable to locate HQL query plan in cache; generating (select count(*) from Page x)
2026-04-25 23:38:35 - Find: select count(*) from Page x
2026-04-25 23:38:35 - Named parameters: {}
2026-04-25 23:38:35 - select count(*) as col_0_0_ from page page0_
2026-04-25 23:38:35 - Registering last query statement [HikariProxyPreparedStatement@345665971 wrapping select count(*) as col_0_0_ from page page0_]
2026-04-25 23:38:35 - Starting after statement execution processing [ON_CLOSE]
2026-04-25 23:38:35 - Initializing non-lazy collections
2026-04-25 23:38:35 - committing
2026-04-25 23:38:35 - begin
2026-04-25 23:38:35 - Unable to locate HQL query plan in cache; generating (select count(*) from Lemma x)
2026-04-25 23:38:35 - Find: select count(*) from Lemma x
2026-04-25 23:38:35 - Named parameters: {}
2026-04-25 23:38:35 - select count(*) as col_0_0_ from lemma lemma0_
2026-04-25 23:38:35 - Registering last query statement [HikariProxyPreparedStatement@1856044094 wrapping select count(*) as col_0_0_ from lemma lemma0_]
2026-04-25 23:38:35 - Starting after statement execution processing [ON_CLOSE]
2026-04-25 23:38:35 - Initializing non-lazy collections
2026-04-25 23:38:35 - committing
2026-04-25 23:38:35 - Unable to locate HQL query plan in cache; generating (select generatedAlias0 from Site as generatedAlias0 where generatedAlias0.status=:param0)
2026-04-25 23:38:35 - Find: select generatedAlias0 from Site as generatedAlias0 where generatedAlias0.status=:param0
2026-04-25 23:38:35 - Named parameters: {param0=INDEXED}
2026-04-25 23:38:35 - select site0_.id as id1_3_, site0_.last_error as last_err2_3_, site0_.name as name3_3_, site0_.status as status4_3_, site0_.status_time as status_t5_3_, site0_.url as url6_3_ from site site0_ where site0_.status=?
2026-04-25 23:38:35 - Registering last query statement [HikariProxyPreparedStatement@163661126 wrapping select site0_.id as id1_3_, site0_.last_error as last_err2_3_, site0_.name as name3_3_, site0_.status as status4_3_, site0_.status_time as status_t5_3_, site0_.url as url6_3_ from site site0_ where site0_.status=?]
2026-04-25 23:38:35 - binding parameter [1] as [VARCHAR] - [INDEXED]
2026-04-25 23:38:35 - Starting after statement execution processing [ON_CLOSE]
2026-04-25 23:38:35 - Initializing non-lazy collections
2026-04-25 23:38:35 - begin
2026-04-25 23:38:35 - Unable to locate HQL query plan in cache; generating (select generatedAlias0 from Site as generatedAlias0)
2026-04-25 23:38:35 - Find: select generatedAlias0 from Site as generatedAlias0
2026-04-25 23:38:35 - Named parameters: {}
2026-04-25 23:38:35 - select site0_.id as id1_3_, site0_.last_error as last_err2_3_, site0_.name as name3_3_, site0_.status as status4_3_, site0_.status_time as status_t5_3_, site0_.url as url6_3_ from site site0_
2026-04-25 23:38:35 - Registering last query statement [HikariProxyPreparedStatement@1996446248 wrapping select site0_.id as id1_3_, site0_.last_error as last_err2_3_, site0_.name as name3_3_, site0_.status as status4_3_, site0_.status_time as status_t5_3_, site0_.url as url6_3_ from site site0_]
2026-04-25 23:38:35 - Resolving attributes for [searchengine.model.Site#128]
2026-04-25 23:38:35 - Processing attribute `lastError` : value = Индексация остановлена пользователем
2026-04-25 23:38:35 - Attribute (`lastError`)  - enhanced for lazy-loading? - false
2026-04-25 23:38:35 - Processing attribute `name` : value = КИБЕРЛЕНИНКА
2026-04-25 23:38:35 - Attribute (`name`)  - enhanced for lazy-loading? - false
2026-04-25 23:38:35 - Processing attribute `pages` : value = NOT NULL COLLECTION
2026-04-25 23:38:35 - Attribute (`pages`)  - enhanced for lazy-loading? - false
2026-04-25 23:38:35 - Processing attribute `status` : value = FAILED
2026-04-25 23:38:35 - Attribute (`status`)  - enhanced for lazy-loading? - false
2026-04-25 23:38:35 - Processing attribute `statusTime` : value = 2026-04-19T22:03:38.655614
2026-04-25 23:38:35 - Attribute (`statusTime`)  - enhanced for lazy-loading? - false
2026-04-25 23:38:35 - Processing attribute `url` : value = https://cyberleninka.ru/
2026-04-25 23:38:35 - Attribute (`url`)  - enhanced for lazy-loading? - false
2026-04-25 23:38:35 - Done materializing entity [searchengine.model.Site#128]
2026-04-25 23:38:35 - Resolving attributes for [searchengine.model.Site#129]
2026-04-25 23:38:35 - Processing attribute `lastError` : value = Индексация остановлена пользователем
2026-04-25 23:38:35 - Attribute (`lastError`)  - enhanced for lazy-loading? - false
2026-04-25 23:38:35 - Processing attribute `name` : value = Журнал: Аграрная наука
2026-04-25 23:38:35 - Attribute (`name`)  - enhanced for lazy-loading? - false
2026-04-25 23:38:35 - Processing attribute `pages` : value = NOT NULL COLLECTION
2026-04-25 23:38:35 - Attribute (`pages`)  - enhanced for lazy-loading? - false
2026-04-25 23:38:35 - Processing attribute `status` : value = FAILED
2026-04-25 23:38:35 - Attribute (`status`)  - enhanced for lazy-loading? - false
2026-04-25 23:38:35 - Processing attribute `statusTime` : value = 2026-04-19T22:03:38.620442
2026-04-25 23:38:35 - Attribute (`statusTime`)  - enhanced for lazy-loading? - false
2026-04-25 23:38:35 - Processing attribute `url` : value = https://www.vetpress.ru/jour
2026-04-25 23:38:35 - Attribute (`url`)  - enhanced for lazy-loading? - false
2026-04-25 23:38:35 - Done materializing entity [searchengine.model.Site#129]
2026-04-25 23:38:35 - Starting after statement execution processing [ON_CLOSE]
2026-04-25 23:38:35 - Initializing non-lazy collections
2026-04-25 23:38:35 - committing
2026-04-25 23:38:35 - Unable to locate HQL query plan in cache; generating (select count(generatedAlias0) from Page as generatedAlias0 where generatedAlias0.site=:param0)
2026-04-25 23:38:35 - Find: select count(generatedAlias0) from Page as generatedAlias0 where generatedAlias0.site=:param0
2026-04-25 23:38:35 - Named parameters: {param0=searchengine.model.Site#128}
2026-04-25 23:38:35 - select count(page0_.id) as col_0_0_ from page page0_ where page0_.site_id=?
2026-04-25 23:38:35 - Registering last query statement [HikariProxyPreparedStatement@1080998795 wrapping select count(page0_.id) as col_0_0_ from page page0_ where page0_.site_id=?]
2026-04-25 23:38:35 - binding parameter [1] as [INTEGER] - [128]
2026-04-25 23:38:35 - Starting after statement execution processing [ON_CLOSE]
2026-04-25 23:38:35 - Initializing non-lazy collections
2026-04-25 23:38:35 - Unable to locate HQL query plan in cache; generating (select count(generatedAlias0) from Lemma as generatedAlias0 where generatedAlias0.site=:param0)
2026-04-25 23:38:35 - Find: select count(generatedAlias0) from Lemma as generatedAlias0 where generatedAlias0.site=:param0
2026-04-25 23:38:35 - Named parameters: {param0=searchengine.model.Site#128}
2026-04-25 23:38:35 - select count(lemma0_.id) as col_0_0_ from lemma lemma0_ where lemma0_.site_id=?
2026-04-25 23:38:35 - Registering last query statement [HikariProxyPreparedStatement@195313231 wrapping select count(lemma0_.id) as col_0_0_ from lemma lemma0_ where lemma0_.site_id=?]
2026-04-25 23:38:35 - binding parameter [1] as [INTEGER] - [128]
2026-04-25 23:38:35 - Starting after statement execution processing [ON_CLOSE]
2026-04-25 23:38:35 - Initializing non-lazy collections
2026-04-25 23:38:35 - Unable to locate HQL query plan in cache; generating (select count(generatedAlias0) from Topic as generatedAlias0 left join generatedAlias0.site as generatedAlias1 where generatedAlias1.id=:param0)
2026-04-25 23:38:35 - Find: select count(generatedAlias0) from Topic as generatedAlias0 left join generatedAlias0.site as generatedAlias1 where generatedAlias1.id=:param0
2026-04-25 23:38:35 - Named parameters: {param0=128}
2026-04-25 23:38:35 - select count(topic0_.id) as col_0_0_ from topic topic0_ left outer join site site1_ on topic0_.site_id=site1_.id where site1_.id=?
2026-04-25 23:38:35 - Registering last query statement [HikariProxyPreparedStatement@975386801 wrapping select count(topic0_.id) as col_0_0_ from topic topic0_ left outer join site site1_ on topic0_.site_id=site1_.id where site1_.id=?]
2026-04-25 23:38:35 - binding parameter [1] as [INTEGER] - [128]
2026-04-25 23:38:35 - Starting after statement execution processing [ON_CLOSE]
2026-04-25 23:38:35 - Initializing non-lazy collections
2026-04-25 23:38:35 - Located HQL query plan in cache (select count(generatedAlias0) from Page as generatedAlias0 where generatedAlias0.site=:param0)
2026-04-25 23:38:35 - Find: select count(generatedAlias0) from Page as generatedAlias0 where generatedAlias0.site=:param0
2026-04-25 23:38:35 - Named parameters: {param0=searchengine.model.Site#129}
2026-04-25 23:38:35 - select count(page0_.id) as col_0_0_ from page page0_ where page0_.site_id=?
2026-04-25 23:38:35 - Registering last query statement [HikariProxyPreparedStatement@1993028800 wrapping select count(page0_.id) as col_0_0_ from page page0_ where page0_.site_id=?]
2026-04-25 23:38:35 - binding parameter [1] as [INTEGER] - [129]
2026-04-25 23:38:35 - Starting after statement execution processing [ON_CLOSE]
2026-04-25 23:38:35 - Initializing non-lazy collections
2026-04-25 23:38:35 - Located HQL query plan in cache (select count(generatedAlias0) from Lemma as generatedAlias0 where generatedAlias0.site=:param0)
2026-04-25 23:38:35 - Find: select count(generatedAlias0) from Lemma as generatedAlias0 where generatedAlias0.site=:param0
2026-04-25 23:38:35 - Named parameters: {param0=searchengine.model.Site#129}
2026-04-25 23:38:35 - select count(lemma0_.id) as col_0_0_ from lemma lemma0_ where lemma0_.site_id=?
2026-04-25 23:38:35 - Registering last query statement [HikariProxyPreparedStatement@992350678 wrapping select count(lemma0_.id) as col_0_0_ from lemma lemma0_ where lemma0_.site_id=?]
2026-04-25 23:38:35 - binding parameter [1] as [INTEGER] - [129]
2026-04-25 23:38:35 - Starting after statement execution processing [ON_CLOSE]
2026-04-25 23:38:35 - Initializing non-lazy collections
2026-04-25 23:38:35 - Located HQL query plan in cache (select count(generatedAlias0) from Topic as generatedAlias0 left join generatedAlias0.site as generatedAlias1 where generatedAlias1.id=:param0)
2026-04-25 23:38:35 - Find: select count(generatedAlias0) from Topic as generatedAlias0 left join generatedAlias0.site as generatedAlias1 where generatedAlias1.id=:param0
2026-04-25 23:38:35 - Named parameters: {param0=129}
2026-04-25 23:38:35 - select count(topic0_.id) as col_0_0_ from topic topic0_ left outer join site site1_ on topic0_.site_id=site1_.id where site1_.id=?
2026-04-25 23:38:35 - Registering last query statement [HikariProxyPreparedStatement@667933032 wrapping select count(topic0_.id) as col_0_0_ from topic topic0_ left outer join site site1_ on topic0_.site_id=site1_.id where site1_.id=?]
2026-04-25 23:38:35 - binding parameter [1] as [INTEGER] - [129]
2026-04-25 23:38:35 - Starting after statement execution processing [ON_CLOSE]
2026-04-25 23:38:35 - Initializing non-lazy collections
2026-04-25 23:38:36 - Closing JDBC container [org.hibernate.engine.jdbc.internal.JdbcCoordinatorImpl@2a853810]
2026-04-25 23:38:38 - Closing JDBC container [org.hibernate.engine.jdbc.internal.JdbcCoordinatorImpl@10e41cc8]
2026-04-25 23:38:38 - Closing JDBC container [org.hibernate.engine.jdbc.internal.JdbcCoordinatorImpl@2b81963b]
2026-04-25 23:38:38 - On TransactionImpl creation, JpaCompliance#isJpaTransactionComplianceEnabled == false
2026-04-25 23:38:38 - begin
2026-04-25 23:38:38 - Located HQL query plan in cache (select count(*) from Site x)
2026-04-25 23:38:38 - Find: select count(*) from Site x
2026-04-25 23:38:38 - Named parameters: {}
2026-04-25 23:38:38 - select count(*) as col_0_0_ from site site0_
2026-04-25 23:38:38 - Registering last query statement [HikariProxyPreparedStatement@204992165 wrapping select count(*) as col_0_0_ from site site0_]
2026-04-25 23:38:38 - Starting after statement execution processing [ON_CLOSE]
2026-04-25 23:38:38 - Initializing non-lazy collections
2026-04-25 23:38:38 - committing
2026-04-25 23:38:38 - begin
2026-04-25 23:38:38 - Located HQL query plan in cache (select count(*) from Page x)
2026-04-25 23:38:38 - Find: select count(*) from Page x
2026-04-25 23:38:38 - Named parameters: {}
2026-04-25 23:38:38 - select count(*) as col_0_0_ from page page0_
2026-04-25 23:38:38 - Registering last query statement [HikariProxyPreparedStatement@1883015026 wrapping select count(*) as col_0_0_ from page page0_]
2026-04-25 23:38:38 - Starting after statement execution processing [ON_CLOSE]
2026-04-25 23:38:38 - Initializing non-lazy collections
2026-04-25 23:38:38 - committing
2026-04-25 23:38:38 - begin
2026-04-25 23:38:38 - Located HQL query plan in cache (select count(*) from Lemma x)
2026-04-25 23:38:38 - Find: select count(*) from Lemma x
2026-04-25 23:38:38 - Named parameters: {}
2026-04-25 23:38:38 - select count(*) as col_0_0_ from lemma lemma0_
2026-04-25 23:38:38 - Registering last query statement [HikariProxyPreparedStatement@140490783 wrapping select count(*) as col_0_0_ from lemma lemma0_]
2026-04-25 23:38:38 - Starting after statement execution processing [ON_CLOSE]
2026-04-25 23:38:38 - Initializing non-lazy collections
2026-04-25 23:38:38 - committing
2026-04-25 23:38:38 - Located HQL query plan in cache (select generatedAlias0 from Site as generatedAlias0 where generatedAlias0.status=:param0)
2026-04-25 23:38:38 - Find: select generatedAlias0 from Site as generatedAlias0 where generatedAlias0.status=:param0
2026-04-25 23:38:38 - Named parameters: {param0=INDEXED}
2026-04-25 23:38:38 - select site0_.id as id1_3_, site0_.last_error as last_err2_3_, site0_.name as name3_3_, site0_.status as status4_3_, site0_.status_time as status_t5_3_, site0_.url as url6_3_ from site site0_ where site0_.status=?
2026-04-25 23:38:38 - Registering last query statement [HikariProxyPreparedStatement@930213950 wrapping select site0_.id as id1_3_, site0_.last_error as last_err2_3_, site0_.name as name3_3_, site0_.status as status4_3_, site0_.status_time as status_t5_3_, site0_.url as url6_3_ from site site0_ where site0_.status=?]
2026-04-25 23:38:38 - binding parameter [1] as [VARCHAR] - [INDEXED]
2026-04-25 23:38:38 - Starting after statement execution processing [ON_CLOSE]
2026-04-25 23:38:38 - Initializing non-lazy collections
2026-04-25 23:38:38 - begin
2026-04-25 23:38:38 - Located HQL query plan in cache (select generatedAlias0 from Site as generatedAlias0)
2026-04-25 23:38:38 - Find: select generatedAlias0 from Site as generatedAlias0
2026-04-25 23:38:38 - Named parameters: {}
2026-04-25 23:38:38 - select site0_.id as id1_3_, site0_.last_error as last_err2_3_, site0_.name as name3_3_, site0_.status as status4_3_, site0_.status_time as status_t5_3_, site0_.url as url6_3_ from site site0_
2026-04-25 23:38:38 - Registering last query statement [HikariProxyPreparedStatement@1913899939 wrapping select site0_.id as id1_3_, site0_.last_error as last_err2_3_, site0_.name as name3_3_, site0_.status as status4_3_, site0_.status_time as status_t5_3_, site0_.url as url6_3_ from site site0_]
2026-04-25 23:38:38 - Resolving attributes for [searchengine.model.Site#128]
2026-04-25 23:38:38 - Processing attribute `lastError` : value = Индексация остановлена пользователем
2026-04-25 23:38:38 - Attribute (`lastError`)  - enhanced for lazy-loading? - false
2026-04-25 23:38:38 - Processing attribute `name` : value = КИБЕРЛЕНИНКА
2026-04-25 23:38:38 - Attribute (`name`)  - enhanced for lazy-loading? - false
2026-04-25 23:38:38 - Processing attribute `pages` : value = NOT NULL COLLECTION
2026-04-25 23:38:38 - Attribute (`pages`)  - enhanced for lazy-loading? - false
2026-04-25 23:38:38 - Processing attribute `status` : value = FAILED
2026-04-25 23:38:38 - Attribute (`status`)  - enhanced for lazy-loading? - false
2026-04-25 23:38:38 - Processing attribute `statusTime` : value = 2026-04-19T22:03:38.655614
2026-04-25 23:38:38 - Attribute (`statusTime`)  - enhanced for lazy-loading? - false
2026-04-25 23:38:38 - Processing attribute `url` : value = https://cyberleninka.ru/
2026-04-25 23:38:38 - Attribute (`url`)  - enhanced for lazy-loading? - false
2026-04-25 23:38:38 - Done materializing entity [searchengine.model.Site#128]
2026-04-25 23:38:38 - Resolving attributes for [searchengine.model.Site#129]
2026-04-25 23:38:38 - Processing attribute `lastError` : value = Индексация остановлена пользователем
2026-04-25 23:38:38 - Attribute (`lastError`)  - enhanced for lazy-loading? - false
2026-04-25 23:38:38 - Processing attribute `name` : value = Журнал: Аграрная наука
2026-04-25 23:38:38 - Attribute (`name`)  - enhanced for lazy-loading? - false
2026-04-25 23:38:38 - Processing attribute `pages` : value = NOT NULL COLLECTION
2026-04-25 23:38:38 - Attribute (`pages`)  - enhanced for lazy-loading? - false
2026-04-25 23:38:38 - Processing attribute `status` : value = FAILED
2026-04-25 23:38:38 - Attribute (`status`)  - enhanced for lazy-loading? - false
2026-04-25 23:38:38 - Processing attribute `statusTime` : value = 2026-04-19T22:03:38.620442
2026-04-25 23:38:38 - Attribute (`statusTime`)  - enhanced for lazy-loading? - false
2026-04-25 23:38:38 - Processing attribute `url` : value = https://www.vetpress.ru/jour
2026-04-25 23:38:38 - Attribute (`url`)  - enhanced for lazy-loading? - false
2026-04-25 23:38:38 - Done materializing entity [searchengine.model.Site#129]
2026-04-25 23:38:38 - Starting after statement execution processing [ON_CLOSE]
2026-04-25 23:38:38 - Initializing non-lazy collections
2026-04-25 23:38:38 - committing
2026-04-25 23:38:38 - Located HQL query plan in cache (select count(generatedAlias0) from Page as generatedAlias0 where generatedAlias0.site=:param0)
2026-04-25 23:38:38 - Find: select count(generatedAlias0) from Page as generatedAlias0 where generatedAlias0.site=:param0
2026-04-25 23:38:38 - Named parameters: {param0=searchengine.model.Site#128}
2026-04-25 23:38:38 - select count(page0_.id) as col_0_0_ from page page0_ where page0_.site_id=?
2026-04-25 23:38:38 - Registering last query statement [HikariProxyPreparedStatement@1107376979 wrapping select count(page0_.id) as col_0_0_ from page page0_ where page0_.site_id=?]
2026-04-25 23:38:38 - binding parameter [1] as [INTEGER] - [128]
2026-04-25 23:38:38 - Starting after statement execution processing [ON_CLOSE]
2026-04-25 23:38:38 - Initializing non-lazy collections
2026-04-25 23:38:38 - Located HQL query plan in cache (select count(generatedAlias0) from Lemma as generatedAlias0 where generatedAlias0.site=:param0)
2026-04-25 23:38:38 - Find: select count(generatedAlias0) from Lemma as generatedAlias0 where generatedAlias0.site=:param0
2026-04-25 23:38:38 - Named parameters: {param0=searchengine.model.Site#128}
2026-04-25 23:38:38 - select count(lemma0_.id) as col_0_0_ from lemma lemma0_ where lemma0_.site_id=?
2026-04-25 23:38:38 - Registering last query statement [HikariProxyPreparedStatement@980618363 wrapping select count(lemma0_.id) as col_0_0_ from lemma lemma0_ where lemma0_.site_id=?]
2026-04-25 23:38:38 - binding parameter [1] as [INTEGER] - [128]
2026-04-25 23:38:38 - Starting after statement execution processing [ON_CLOSE]
2026-04-25 23:38:38 - Initializing non-lazy collections
2026-04-25 23:38:38 - Located HQL query plan in cache (select count(generatedAlias0) from Topic as generatedAlias0 left join generatedAlias0.site as generatedAlias1 where generatedAlias1.id=:param0)
2026-04-25 23:38:38 - Find: select count(generatedAlias0) from Topic as generatedAlias0 left join generatedAlias0.site as generatedAlias1 where generatedAlias1.id=:param0
2026-04-25 23:38:38 - Named parameters: {param0=128}
2026-04-25 23:38:38 - select count(topic0_.id) as col_0_0_ from topic topic0_ left outer join site site1_ on topic0_.site_id=site1_.id where site1_.id=?
2026-04-25 23:38:38 - Registering last query statement [HikariProxyPreparedStatement@464044843 wrapping select count(topic0_.id) as col_0_0_ from topic topic0_ left outer join site site1_ on topic0_.site_id=site1_.id where site1_.id=?]
2026-04-25 23:38:38 - binding parameter [1] as [INTEGER] - [128]
2026-04-25 23:38:38 - Starting after statement execution processing [ON_CLOSE]
2026-04-25 23:38:38 - Initializing non-lazy collections
2026-04-25 23:38:38 - Located HQL query plan in cache (select count(generatedAlias0) from Page as generatedAlias0 where generatedAlias0.site=:param0)
2026-04-25 23:38:38 - Find: select count(generatedAlias0) from Page as generatedAlias0 where generatedAlias0.site=:param0
2026-04-25 23:38:38 - Named parameters: {param0=searchengine.model.Site#129}
2026-04-25 23:38:38 - select count(page0_.id) as col_0_0_ from page page0_ where page0_.site_id=?
2026-04-25 23:38:38 - Registering last query statement [HikariProxyPreparedStatement@2045264561 wrapping select count(page0_.id) as col_0_0_ from page page0_ where page0_.site_id=?]
2026-04-25 23:38:38 - binding parameter [1] as [INTEGER] - [129]
2026-04-25 23:38:38 - Starting after statement execution processing [ON_CLOSE]
2026-04-25 23:38:38 - Initializing non-lazy collections
2026-04-25 23:38:38 - Located HQL query plan in cache (select count(generatedAlias0) from Lemma as generatedAlias0 where generatedAlias0.site=:param0)
2026-04-25 23:38:38 - Find: select count(generatedAlias0) from Lemma as generatedAlias0 where generatedAlias0.site=:param0
2026-04-25 23:38:38 - Named parameters: {param0=searchengine.model.Site#129}
2026-04-25 23:38:38 - select count(lemma0_.id) as col_0_0_ from lemma lemma0_ where lemma0_.site_id=?
2026-04-25 23:38:38 - Registering last query statement [HikariProxyPreparedStatement@833035704 wrapping select count(lemma0_.id) as col_0_0_ from lemma lemma0_ where lemma0_.site_id=?]
2026-04-25 23:38:38 - binding parameter [1] as [INTEGER] - [129]
2026-04-25 23:38:38 - Starting after statement execution processing [ON_CLOSE]
2026-04-25 23:38:38 - Initializing non-lazy collections
2026-04-25 23:38:38 - Located HQL query plan in cache (select count(generatedAlias0) from Topic as generatedAlias0 left join generatedAlias0.site as generatedAlias1 where generatedAlias1.id=:param0)
2026-04-25 23:38:38 - Find: select count(generatedAlias0) from Topic as generatedAlias0 left join generatedAlias0.site as generatedAlias1 where generatedAlias1.id=:param0
2026-04-25 23:38:38 - Named parameters: {param0=129}
2026-04-25 23:38:38 - select count(topic0_.id) as col_0_0_ from topic topic0_ left outer join site site1_ on topic0_.site_id=site1_.id where site1_.id=?
2026-04-25 23:38:38 - Registering last query statement [HikariProxyPreparedStatement@90124260 wrapping select count(topic0_.id) as col_0_0_ from topic topic0_ left outer join site site1_ on topic0_.site_id=site1_.id where site1_.id=?]
2026-04-25 23:38:38 - binding parameter [1] as [INTEGER] - [129]
2026-04-25 23:38:38 - Starting after statement execution processing [ON_CLOSE]
2026-04-25 23:38:38 - Initializing non-lazy collections
2026-04-25 23:38:38 - Closing JDBC container [org.hibernate.engine.jdbc.internal.JdbcCoordinatorImpl@39b61387]
2026-04-25 23:38:40 - Closing JDBC container [org.hibernate.engine.jdbc.internal.JdbcCoordinatorImpl@420d3b76]
2026-04-25 23:38:40 - On TransactionImpl creation, JpaCompliance#isJpaTransactionComplianceEnabled == false
2026-04-25 23:38:40 - begin
2026-04-25 23:38:40 - Located HQL query plan in cache (select count(*) from Site x)
2026-04-25 23:38:40 - Find: select count(*) from Site x
2026-04-25 23:38:40 - Named parameters: {}
2026-04-25 23:38:40 - select count(*) as col_0_0_ from site site0_
2026-04-25 23:38:40 - Registering last query statement [HikariProxyPreparedStatement@492281086 wrapping select count(*) as col_0_0_ from site site0_]
2026-04-25 23:38:40 - Starting after statement execution processing [ON_CLOSE]
2026-04-25 23:38:40 - Initializing non-lazy collections
2026-04-25 23:38:40 - committing
2026-04-25 23:38:40 - begin
2026-04-25 23:38:40 - Located HQL query plan in cache (select count(*) from Page x)
2026-04-25 23:38:40 - Find: select count(*) from Page x
2026-04-25 23:38:40 - Named parameters: {}
2026-04-25 23:38:40 - select count(*) as col_0_0_ from page page0_
2026-04-25 23:38:40 - Registering last query statement [HikariProxyPreparedStatement@1845251883 wrapping select count(*) as col_0_0_ from page page0_]
2026-04-25 23:38:40 - Starting after statement execution processing [ON_CLOSE]
2026-04-25 23:38:40 - Initializing non-lazy collections
2026-04-25 23:38:40 - committing
2026-04-25 23:38:40 - begin
2026-04-25 23:38:40 - Located HQL query plan in cache (select count(*) from Lemma x)
2026-04-25 23:38:40 - Find: select count(*) from Lemma x
2026-04-25 23:38:40 - Named parameters: {}
2026-04-25 23:38:40 - select count(*) as col_0_0_ from lemma lemma0_
2026-04-25 23:38:40 - Registering last query statement [HikariProxyPreparedStatement@1011181962 wrapping select count(*) as col_0_0_ from lemma lemma0_]
2026-04-25 23:38:40 - Starting after statement execution processing [ON_CLOSE]
2026-04-25 23:38:40 - Initializing non-lazy collections
2026-04-25 23:38:40 - committing
2026-04-25 23:38:40 - Located HQL query plan in cache (select generatedAlias0 from Site as generatedAlias0 where generatedAlias0.status=:param0)
2026-04-25 23:38:40 - Find: select generatedAlias0 from Site as generatedAlias0 where generatedAlias0.status=:param0
2026-04-25 23:38:40 - Named parameters: {param0=INDEXED}
2026-04-25 23:38:40 - select site0_.id as id1_3_, site0_.last_error as last_err2_3_, site0_.name as name3_3_, site0_.status as status4_3_, site0_.status_time as status_t5_3_, site0_.url as url6_3_ from site site0_ where site0_.status=?
2026-04-25 23:38:40 - Registering last query statement [HikariProxyPreparedStatement@332626347 wrapping select site0_.id as id1_3_, site0_.last_error as last_err2_3_, site0_.name as name3_3_, site0_.status as status4_3_, site0_.status_time as status_t5_3_, site0_.url as url6_3_ from site site0_ where site0_.status=?]
2026-04-25 23:38:40 - binding parameter [1] as [VARCHAR] - [INDEXED]
2026-04-25 23:38:40 - Starting after statement execution processing [ON_CLOSE]
2026-04-25 23:38:40 - Initializing non-lazy collections
2026-04-25 23:38:40 - begin
2026-04-25 23:38:40 - Located HQL query plan in cache (select generatedAlias0 from Site as generatedAlias0)
2026-04-25 23:38:40 - Find: select generatedAlias0 from Site as generatedAlias0
2026-04-25 23:38:40 - Named parameters: {}
2026-04-25 23:38:40 - select site0_.id as id1_3_, site0_.last_error as last_err2_3_, site0_.name as name3_3_, site0_.status as status4_3_, site0_.status_time as status_t5_3_, site0_.url as url6_3_ from site site0_
2026-04-25 23:38:40 - Registering last query statement [HikariProxyPreparedStatement@1799436275 wrapping select site0_.id as id1_3_, site0_.last_error as last_err2_3_, site0_.name as name3_3_, site0_.status as status4_3_, site0_.status_time as status_t5_3_, site0_.url as url6_3_ from site site0_]
2026-04-25 23:38:40 - Resolving attributes for [searchengine.model.Site#128]
2026-04-25 23:38:40 - Processing attribute `lastError` : value = Индексация остановлена пользователем
2026-04-25 23:38:40 - Attribute (`lastError`)  - enhanced for lazy-loading? - false
2026-04-25 23:38:40 - Processing attribute `name` : value = КИБЕРЛЕНИНКА
2026-04-25 23:38:40 - Attribute (`name`)  - enhanced for lazy-loading? - false
2026-04-25 23:38:40 - Processing attribute `pages` : value = NOT NULL COLLECTION
2026-04-25 23:38:40 - Attribute (`pages`)  - enhanced for lazy-loading? - false
2026-04-25 23:38:40 - Processing attribute `status` : value = FAILED
2026-04-25 23:38:40 - Attribute (`status`)  - enhanced for lazy-loading? - false
2026-04-25 23:38:40 - Processing attribute `statusTime` : value = 2026-04-19T22:03:38.655614
2026-04-25 23:38:40 - Attribute (`statusTime`)  - enhanced for lazy-loading? - false
2026-04-25 23:38:40 - Processing attribute `url` : value = https://cyberleninka.ru/
2026-04-25 23:38:40 - Attribute (`url`)  - enhanced for lazy-loading? - false
2026-04-25 23:38:40 - Done materializing entity [searchengine.model.Site#128]
2026-04-25 23:38:40 - Resolving attributes for [searchengine.model.Site#129]
2026-04-25 23:38:40 - Processing attribute `lastError` : value = Индексация остановлена пользователем
2026-04-25 23:38:40 - Attribute (`lastError`)  - enhanced for lazy-loading? - false
2026-04-25 23:38:40 - Processing attribute `name` : value = Журнал: Аграрная наука
2026-04-25 23:38:40 - Attribute (`name`)  - enhanced for lazy-loading? - false
2026-04-25 23:38:40 - Processing attribute `pages` : value = NOT NULL COLLECTION
2026-04-25 23:38:40 - Attribute (`pages`)  - enhanced for lazy-loading? - false
2026-04-25 23:38:40 - Processing attribute `status` : value = FAILED
2026-04-25 23:38:40 - Attribute (`status`)  - enhanced for lazy-loading? - false
2026-04-25 23:38:40 - Processing attribute `statusTime` : value = 2026-04-19T22:03:38.620442
2026-04-25 23:38:40 - Attribute (`statusTime`)  - enhanced for lazy-loading? - false
2026-04-25 23:38:40 - Processing attribute `url` : value = https://www.vetpress.ru/jour
2026-04-25 23:38:40 - Attribute (`url`)  - enhanced for lazy-loading? - false
2026-04-25 23:38:40 - Done materializing entity [searchengine.model.Site#129]
2026-04-25 23:38:40 - Starting after statement execution processing [ON_CLOSE]
2026-04-25 23:38:40 - Initializing non-lazy collections
2026-04-25 23:38:40 - committing
2026-04-25 23:38:40 - Located HQL query plan in cache (select count(generatedAlias0) from Page as generatedAlias0 where generatedAlias0.site=:param0)
2026-04-25 23:38:40 - Find: select count(generatedAlias0) from Page as generatedAlias0 where generatedAlias0.site=:param0
2026-04-25 23:38:40 - Named parameters: {param0=searchengine.model.Site#128}
2026-04-25 23:38:40 - select count(page0_.id) as col_0_0_ from page page0_ where page0_.site_id=?
2026-04-25 23:38:40 - Registering last query statement [HikariProxyPreparedStatement@2088889738 wrapping select count(page0_.id) as col_0_0_ from page page0_ where page0_.site_id=?]
2026-04-25 23:38:40 - binding parameter [1] as [INTEGER] - [128]
2026-04-25 23:38:40 - Starting after statement execution processing [ON_CLOSE]
2026-04-25 23:38:40 - Initializing non-lazy collections
2026-04-25 23:38:40 - Located HQL query plan in cache (select count(generatedAlias0) from Lemma as generatedAlias0 where generatedAlias0.site=:param0)
2026-04-25 23:38:40 - Find: select count(generatedAlias0) from Lemma as generatedAlias0 where generatedAlias0.site=:param0
2026-04-25 23:38:40 - Named parameters: {param0=searchengine.model.Site#128}
2026-04-25 23:38:40 - select count(lemma0_.id) as col_0_0_ from lemma lemma0_ where lemma0_.site_id=?
2026-04-25 23:38:40 - Registering last query statement [HikariProxyPreparedStatement@1627865519 wrapping select count(lemma0_.id) as col_0_0_ from lemma lemma0_ where lemma0_.site_id=?]
2026-04-25 23:38:40 - binding parameter [1] as [INTEGER] - [128]
2026-04-25 23:38:40 - Starting after statement execution processing [ON_CLOSE]
2026-04-25 23:38:40 - Initializing non-lazy collections
2026-04-25 23:38:40 - Located HQL query plan in cache (select count(generatedAlias0) from Topic as generatedAlias0 left join generatedAlias0.site as generatedAlias1 where generatedAlias1.id=:param0)
2026-04-25 23:38:40 - Find: select count(generatedAlias0) from Topic as generatedAlias0 left join generatedAlias0.site as generatedAlias1 where generatedAlias1.id=:param0
2026-04-25 23:38:40 - Named parameters: {param0=128}
2026-04-25 23:38:40 - select count(topic0_.id) as col_0_0_ from topic topic0_ left outer join site site1_ on topic0_.site_id=site1_.id where site1_.id=?
2026-04-25 23:38:40 - Registering last query statement [HikariProxyPreparedStatement@123005922 wrapping select count(topic0_.id) as col_0_0_ from topic topic0_ left outer join site site1_ on topic0_.site_id=site1_.id where site1_.id=?]
2026-04-25 23:38:40 - binding parameter [1] as [INTEGER] - [128]
2026-04-25 23:38:40 - Starting after statement execution processing [ON_CLOSE]
2026-04-25 23:38:40 - Initializing non-lazy collections
2026-04-25 23:38:40 - Located HQL query plan in cache (select count(generatedAlias0) from Page as generatedAlias0 where generatedAlias0.site=:param0)
2026-04-25 23:38:40 - Find: select count(generatedAlias0) from Page as generatedAlias0 where generatedAlias0.site=:param0
2026-04-25 23:38:40 - Named parameters: {param0=searchengine.model.Site#129}
2026-04-25 23:38:40 - select count(page0_.id) as col_0_0_ from page page0_ where page0_.site_id=?
2026-04-25 23:38:40 - Registering last query statement [HikariProxyPreparedStatement@1853975881 wrapping select count(page0_.id) as col_0_0_ from page page0_ where page0_.site_id=?]
2026-04-25 23:38:40 - binding parameter [1] as [INTEGER] - [129]
2026-04-25 23:38:40 - Starting after statement execution processing [ON_CLOSE]
2026-04-25 23:38:40 - Initializing non-lazy collections
2026-04-25 23:38:40 - Located HQL query plan in cache (select count(generatedAlias0) from Lemma as generatedAlias0 where generatedAlias0.site=:param0)
2026-04-25 23:38:40 - Find: select count(generatedAlias0) from Lemma as generatedAlias0 where generatedAlias0.site=:param0
2026-04-25 23:38:40 - Named parameters: {param0=searchengine.model.Site#129}
2026-04-25 23:38:40 - select count(lemma0_.id) as col_0_0_ from lemma lemma0_ where lemma0_.site_id=?
2026-04-25 23:38:40 - Registering last query statement [HikariProxyPreparedStatement@1008296179 wrapping select count(lemma0_.id) as col_0_0_ from lemma lemma0_ where lemma0_.site_id=?]
2026-04-25 23:38:40 - binding parameter [1] as [INTEGER] - [129]
2026-04-25 23:38:40 - Starting after statement execution processing [ON_CLOSE]
2026-04-25 23:38:40 - Initializing non-lazy collections
2026-04-25 23:38:40 - Located HQL query plan in cache (select count(generatedAlias0) from Topic as generatedAlias0 left join generatedAlias0.site as generatedAlias1 where generatedAlias1.id=:param0)
2026-04-25 23:38:40 - Find: select count(generatedAlias0) from Topic as generatedAlias0 left join generatedAlias0.site as generatedAlias1 where generatedAlias1.id=:param0
2026-04-25 23:38:40 - Named parameters: {param0=129}
2026-04-25 23:38:40 - select count(topic0_.id) as col_0_0_ from topic topic0_ left outer join site site1_ on topic0_.site_id=site1_.id where site1_.id=?
2026-04-25 23:38:40 - Registering last query statement [HikariProxyPreparedStatement@78835682 wrapping select count(topic0_.id) as col_0_0_ from topic topic0_ left outer join site site1_ on topic0_.site_id=site1_.id where site1_.id=?]
2026-04-25 23:38:40 - binding parameter [1] as [INTEGER] - [129]
2026-04-25 23:38:40 - Starting after statement execution processing [ON_CLOSE]
2026-04-25 23:38:40 - Initializing non-lazy collections
2026-04-25 23:38:40 - Closing JDBC container [org.hibernate.engine.jdbc.internal.JdbcCoordinatorImpl@7a602264]
2026-04-25 23:38:40 - Closing JDBC container [org.hibernate.engine.jdbc.internal.JdbcCoordinatorImpl@60644f14]
2026-04-25 23:38:40 - On TransactionImpl creation, JpaCompliance#isJpaTransactionComplianceEnabled == false
2026-04-25 23:38:40 - begin
2026-04-25 23:38:40 - Located HQL query plan in cache (select count(*) from Site x)
2026-04-25 23:38:40 - Find: select count(*) from Site x
2026-04-25 23:38:40 - Named parameters: {}
2026-04-25 23:38:40 - select count(*) as col_0_0_ from site site0_
2026-04-25 23:38:40 - Registering last query statement [HikariProxyPreparedStatement@211315110 wrapping select count(*) as col_0_0_ from site site0_]
2026-04-25 23:38:40 - Starting after statement execution processing [ON_CLOSE]
2026-04-25 23:38:40 - Initializing non-lazy collections
2026-04-25 23:38:40 - committing
2026-04-25 23:38:40 - begin
2026-04-25 23:38:40 - Located HQL query plan in cache (select count(*) from Page x)
2026-04-25 23:38:40 - Find: select count(*) from Page x
2026-04-25 23:38:40 - Named parameters: {}
2026-04-25 23:38:40 - select count(*) as col_0_0_ from page page0_
2026-04-25 23:38:40 - Registering last query statement [HikariProxyPreparedStatement@106955478 wrapping select count(*) as col_0_0_ from page page0_]
2026-04-25 23:38:40 - Starting after statement execution processing [ON_CLOSE]
2026-04-25 23:38:40 - Initializing non-lazy collections
2026-04-25 23:38:40 - committing
2026-04-25 23:38:40 - begin
2026-04-25 23:38:40 - Located HQL query plan in cache (select count(*) from Lemma x)
2026-04-25 23:38:40 - Find: select count(*) from Lemma x
2026-04-25 23:38:40 - Named parameters: {}
2026-04-25 23:38:40 - select count(*) as col_0_0_ from lemma lemma0_
2026-04-25 23:38:40 - Registering last query statement [HikariProxyPreparedStatement@209193197 wrapping select count(*) as col_0_0_ from lemma lemma0_]
2026-04-25 23:38:40 - Starting after statement execution processing [ON_CLOSE]
2026-04-25 23:38:40 - Initializing non-lazy collections
2026-04-25 23:38:40 - committing
2026-04-25 23:38:40 - Located HQL query plan in cache (select generatedAlias0 from Site as generatedAlias0 where generatedAlias0.status=:param0)
2026-04-25 23:38:40 - Find: select generatedAlias0 from Site as generatedAlias0 where generatedAlias0.status=:param0
2026-04-25 23:38:40 - Named parameters: {param0=INDEXED}
2026-04-25 23:38:40 - select site0_.id as id1_3_, site0_.last_error as last_err2_3_, site0_.name as name3_3_, site0_.status as status4_3_, site0_.status_time as status_t5_3_, site0_.url as url6_3_ from site site0_ where site0_.status=?
2026-04-25 23:38:40 - Registering last query statement [HikariProxyPreparedStatement@1947963552 wrapping select site0_.id as id1_3_, site0_.last_error as last_err2_3_, site0_.name as name3_3_, site0_.status as status4_3_, site0_.status_time as status_t5_3_, site0_.url as url6_3_ from site site0_ where site0_.status=?]
2026-04-25 23:38:40 - binding parameter [1] as [VARCHAR] - [INDEXED]
2026-04-25 23:38:40 - Starting after statement execution processing [ON_CLOSE]
2026-04-25 23:38:40 - Initializing non-lazy collections
2026-04-25 23:38:40 - begin
2026-04-25 23:38:40 - Located HQL query plan in cache (select generatedAlias0 from Site as generatedAlias0)
2026-04-25 23:38:40 - Find: select generatedAlias0 from Site as generatedAlias0
2026-04-25 23:38:40 - Named parameters: {}
2026-04-25 23:38:40 - select site0_.id as id1_3_, site0_.last_error as last_err2_3_, site0_.name as name3_3_, site0_.status as status4_3_, site0_.status_time as status_t5_3_, site0_.url as url6_3_ from site site0_
2026-04-25 23:38:40 - Registering last query statement [HikariProxyPreparedStatement@1202292777 wrapping select site0_.id as id1_3_, site0_.last_error as last_err2_3_, site0_.name as name3_3_, site0_.status as status4_3_, site0_.status_time as status_t5_3_, site0_.url as url6_3_ from site site0_]
2026-04-25 23:38:40 - Resolving attributes for [searchengine.model.Site#128]
2026-04-25 23:38:40 - Processing attribute `lastError` : value = Индексация остановлена пользователем
2026-04-25 23:38:40 - Attribute (`lastError`)  - enhanced for lazy-loading? - false
2026-04-25 23:38:40 - Processing attribute `name` : value = КИБЕРЛЕНИНКА
2026-04-25 23:38:40 - Attribute (`name`)  - enhanced for lazy-loading? - false
2026-04-25 23:38:40 - Processing attribute `pages` : value = NOT NULL COLLECTION
2026-04-25 23:38:40 - Attribute (`pages`)  - enhanced for lazy-loading? - false
2026-04-25 23:38:40 - Processing attribute `status` : value = FAILED
2026-04-25 23:38:40 - Attribute (`status`)  - enhanced for lazy-loading? - false
2026-04-25 23:38:40 - Processing attribute `statusTime` : value = 2026-04-19T22:03:38.655614
2026-04-25 23:38:40 - Attribute (`statusTime`)  - enhanced for lazy-loading? - false
2026-04-25 23:38:40 - Processing attribute `url` : value = https://cyberleninka.ru/
2026-04-25 23:38:40 - Attribute (`url`)  - enhanced for lazy-loading? - false
2026-04-25 23:38:40 - Done materializing entity [searchengine.model.Site#128]
2026-04-25 23:38:40 - Resolving attributes for [searchengine.model.Site#129]
2026-04-25 23:38:40 - Processing attribute `lastError` : value = Индексация остановлена пользователем
2026-04-25 23:38:40 - Attribute (`lastError`)  - enhanced for lazy-loading? - false
2026-04-25 23:38:40 - Processing attribute `name` : value = Журнал: Аграрная наука
2026-04-25 23:38:40 - Attribute (`name`)  - enhanced for lazy-loading? - false
2026-04-25 23:38:40 - Processing attribute `pages` : value = NOT NULL COLLECTION
2026-04-25 23:38:40 - Attribute (`pages`)  - enhanced for lazy-loading? - false
2026-04-25 23:38:40 - Processing attribute `status` : value = FAILED
2026-04-25 23:38:40 - Attribute (`status`)  - enhanced for lazy-loading? - false
2026-04-25 23:38:40 - Processing attribute `statusTime` : value = 2026-04-19T22:03:38.620442
2026-04-25 23:38:40 - Attribute (`statusTime`)  - enhanced for lazy-loading? - false
2026-04-25 23:38:40 - Processing attribute `url` : value = https://www.vetpress.ru/jour
2026-04-25 23:38:40 - Attribute (`url`)  - enhanced for lazy-loading? - false
2026-04-25 23:38:40 - Done materializing entity [searchengine.model.Site#129]
2026-04-25 23:38:40 - Starting after statement execution processing [ON_CLOSE]
2026-04-25 23:38:40 - Initializing non-lazy collections
2026-04-25 23:38:40 - committing
2026-04-25 23:38:40 - Located HQL query plan in cache (select count(generatedAlias0) from Page as generatedAlias0 where generatedAlias0.site=:param0)
2026-04-25 23:38:40 - Find: select count(generatedAlias0) from Page as generatedAlias0 where generatedAlias0.site=:param0
2026-04-25 23:38:40 - Named parameters: {param0=searchengine.model.Site#128}
2026-04-25 23:38:40 - select count(page0_.id) as col_0_0_ from page page0_ where page0_.site_id=?
2026-04-25 23:38:40 - Registering last query statement [HikariProxyPreparedStatement@531012249 wrapping select count(page0_.id) as col_0_0_ from page page0_ where page0_.site_id=?]
2026-04-25 23:38:40 - binding parameter [1] as [INTEGER] - [128]
2026-04-25 23:38:40 - Starting after statement execution processing [ON_CLOSE]
2026-04-25 23:38:40 - Initializing non-lazy collections
2026-04-25 23:38:40 - Located HQL query plan in cache (select count(generatedAlias0) from Lemma as generatedAlias0 where generatedAlias0.site=:param0)
2026-04-25 23:38:40 - Find: select count(generatedAlias0) from Lemma as generatedAlias0 where generatedAlias0.site=:param0
2026-04-25 23:38:40 - Named parameters: {param0=searchengine.model.Site#128}
2026-04-25 23:38:40 - select count(lemma0_.id) as col_0_0_ from lemma lemma0_ where lemma0_.site_id=?
2026-04-25 23:38:40 - Registering last query statement [HikariProxyPreparedStatement@229180085 wrapping select count(lemma0_.id) as col_0_0_ from lemma lemma0_ where lemma0_.site_id=?]
2026-04-25 23:38:40 - binding parameter [1] as [INTEGER] - [128]
2026-04-25 23:38:40 - Starting after statement execution processing [ON_CLOSE]
2026-04-25 23:38:40 - Initializing non-lazy collections
2026-04-25 23:38:40 - Located HQL query plan in cache (select count(generatedAlias0) from Topic as generatedAlias0 left join generatedAlias0.site as generatedAlias1 where generatedAlias1.id=:param0)
2026-04-25 23:38:40 - Find: select count(generatedAlias0) from Topic as generatedAlias0 left join generatedAlias0.site as generatedAlias1 where generatedAlias1.id=:param0
2026-04-25 23:38:40 - Named parameters: {param0=128}
2026-04-25 23:38:40 - select count(topic0_.id) as col_0_0_ from topic topic0_ left outer join site site1_ on topic0_.site_id=site1_.id where site1_.id=?
2026-04-25 23:38:40 - Registering last query statement [HikariProxyPreparedStatement@1748790919 wrapping select count(topic0_.id) as col_0_0_ from topic topic0_ left outer join site site1_ on topic0_.site_id=site1_.id where site1_.id=?]
2026-04-25 23:38:40 - binding parameter [1] as [INTEGER] - [128]
2026-04-25 23:38:40 - Starting after statement execution processing [ON_CLOSE]
2026-04-25 23:38:40 - Initializing non-lazy collections
2026-04-25 23:38:40 - Located HQL query plan in cache (select count(generatedAlias0) from Page as generatedAlias0 where generatedAlias0.site=:param0)
2026-04-25 23:38:40 - Find: select count(generatedAlias0) from Page as generatedAlias0 where generatedAlias0.site=:param0
2026-04-25 23:38:40 - Named parameters: {param0=searchengine.model.Site#129}
2026-04-25 23:38:40 - select count(page0_.id) as col_0_0_ from page page0_ where page0_.site_id=?
2026-04-25 23:38:40 - Registering last query statement [HikariProxyPreparedStatement@408749105 wrapping select count(page0_.id) as col_0_0_ from page page0_ where page0_.site_id=?]
2026-04-25 23:38:40 - binding parameter [1] as [INTEGER] - [129]
2026-04-25 23:38:40 - Starting after statement execution processing [ON_CLOSE]
2026-04-25 23:38:40 - Initializing non-lazy collections
2026-04-25 23:38:40 - Located HQL query plan in cache (select count(generatedAlias0) from Lemma as generatedAlias0 where generatedAlias0.site=:param0)
2026-04-25 23:38:40 - Find: select count(generatedAlias0) from Lemma as generatedAlias0 where generatedAlias0.site=:param0
2026-04-25 23:38:40 - Named parameters: {param0=searchengine.model.Site#129}
2026-04-25 23:38:40 - select count(lemma0_.id) as col_0_0_ from lemma lemma0_ where lemma0_.site_id=?
2026-04-25 23:38:40 - Registering last query statement [HikariProxyPreparedStatement@2049148209 wrapping select count(lemma0_.id) as col_0_0_ from lemma lemma0_ where lemma0_.site_id=?]
2026-04-25 23:38:40 - binding parameter [1] as [INTEGER] - [129]
2026-04-25 23:38:40 - Starting after statement execution processing [ON_CLOSE]
2026-04-25 23:38:40 - Initializing non-lazy collections
2026-04-25 23:38:40 - Located HQL query plan in cache (select count(generatedAlias0) from Topic as generatedAlias0 left join generatedAlias0.site as generatedAlias1 where generatedAlias1.id=:param0)
2026-04-25 23:38:40 - Find: select count(generatedAlias0) from Topic as generatedAlias0 left join generatedAlias0.site as generatedAlias1 where generatedAlias1.id=:param0
2026-04-25 23:38:40 - Named parameters: {param0=129}
2026-04-25 23:38:40 - select count(topic0_.id) as col_0_0_ from topic topic0_ left outer join site site1_ on topic0_.site_id=site1_.id where site1_.id=?
2026-04-25 23:38:40 - Registering last query statement [HikariProxyPreparedStatement@2000313197 wrapping select count(topic0_.id) as col_0_0_ from topic topic0_ left outer join site site1_ on topic0_.site_id=site1_.id where site1_.id=?]
2026-04-25 23:38:40 - binding parameter [1] as [INTEGER] - [129]
2026-04-25 23:38:40 - Starting after statement execution processing [ON_CLOSE]
2026-04-25 23:38:40 - Initializing non-lazy collections
2026-04-25 23:38:40 - Closing JDBC container [org.hibernate.engine.jdbc.internal.JdbcCoordinatorImpl@64ed695f]
2026-04-25 23:38:40 - Closing JDBC container [org.hibernate.engine.jdbc.internal.JdbcCoordinatorImpl@4f5cb2a]
2026-04-25 23:38:40 - On TransactionImpl creation, JpaCompliance#isJpaTransactionComplianceEnabled == false
2026-04-25 23:38:40 - begin
2026-04-25 23:38:40 - Located HQL query plan in cache (select count(*) from Site x)
2026-04-25 23:38:40 - Find: select count(*) from Site x
2026-04-25 23:38:40 - Named parameters: {}
2026-04-25 23:38:40 - select count(*) as col_0_0_ from site site0_
2026-04-25 23:38:40 - Registering last query statement [HikariProxyPreparedStatement@1483369779 wrapping select count(*) as col_0_0_ from site site0_]
2026-04-25 23:38:40 - Starting after statement execution processing [ON_CLOSE]
2026-04-25 23:38:40 - Initializing non-lazy collections
2026-04-25 23:38:40 - committing
2026-04-25 23:38:40 - begin
2026-04-25 23:38:40 - Located HQL query plan in cache (select count(*) from Page x)
2026-04-25 23:38:40 - Find: select count(*) from Page x
2026-04-25 23:38:40 - Named parameters: {}
2026-04-25 23:38:40 - select count(*) as col_0_0_ from page page0_
2026-04-25 23:38:40 - Registering last query statement [HikariProxyPreparedStatement@1624951374 wrapping select count(*) as col_0_0_ from page page0_]
2026-04-25 23:38:40 - Starting after statement execution processing [ON_CLOSE]
2026-04-25 23:38:40 - Initializing non-lazy collections
2026-04-25 23:38:40 - committing
2026-04-25 23:38:40 - begin
2026-04-25 23:38:40 - Located HQL query plan in cache (select count(*) from Lemma x)
2026-04-25 23:38:40 - Find: select count(*) from Lemma x
2026-04-25 23:38:40 - Named parameters: {}
2026-04-25 23:38:40 - select count(*) as col_0_0_ from lemma lemma0_
2026-04-25 23:38:40 - Registering last query statement [HikariProxyPreparedStatement@826005216 wrapping select count(*) as col_0_0_ from lemma lemma0_]
2026-04-25 23:38:40 - Starting after statement execution processing [ON_CLOSE]
2026-04-25 23:38:40 - Initializing non-lazy collections
2026-04-25 23:38:40 - committing
2026-04-25 23:38:40 - Located HQL query plan in cache (select generatedAlias0 from Site as generatedAlias0 where generatedAlias0.status=:param0)
2026-04-25 23:38:40 - Find: select generatedAlias0 from Site as generatedAlias0 where generatedAlias0.status=:param0
2026-04-25 23:38:40 - Named parameters: {param0=INDEXED}
2026-04-25 23:38:40 - select site0_.id as id1_3_, site0_.last_error as last_err2_3_, site0_.name as name3_3_, site0_.status as status4_3_, site0_.status_time as status_t5_3_, site0_.url as url6_3_ from site site0_ where site0_.status=?
2026-04-25 23:38:40 - Registering last query statement [HikariProxyPreparedStatement@1780189571 wrapping select site0_.id as id1_3_, site0_.last_error as last_err2_3_, site0_.name as name3_3_, site0_.status as status4_3_, site0_.status_time as status_t5_3_, site0_.url as url6_3_ from site site0_ where site0_.status=?]
2026-04-25 23:38:40 - binding parameter [1] as [VARCHAR] - [INDEXED]
2026-04-25 23:38:40 - Starting after statement execution processing [ON_CLOSE]
2026-04-25 23:38:40 - Initializing non-lazy collections
2026-04-25 23:38:40 - begin
2026-04-25 23:38:40 - Located HQL query plan in cache (select generatedAlias0 from Site as generatedAlias0)
2026-04-25 23:38:40 - Find: select generatedAlias0 from Site as generatedAlias0
2026-04-25 23:38:40 - Named parameters: {}
2026-04-25 23:38:40 - select site0_.id as id1_3_, site0_.last_error as last_err2_3_, site0_.name as name3_3_, site0_.status as status4_3_, site0_.status_time as status_t5_3_, site0_.url as url6_3_ from site site0_
2026-04-25 23:38:40 - Registering last query statement [HikariProxyPreparedStatement@1114437977 wrapping select site0_.id as id1_3_, site0_.last_error as last_err2_3_, site0_.name as name3_3_, site0_.status as status4_3_, site0_.status_time as status_t5_3_, site0_.url as url6_3_ from site site0_]
2026-04-25 23:38:40 - Resolving attributes for [searchengine.model.Site#128]
2026-04-25 23:38:40 - Processing attribute `lastError` : value = Индексация остановлена пользователем
2026-04-25 23:38:40 - Attribute (`lastError`)  - enhanced for lazy-loading? - false
2026-04-25 23:38:40 - Processing attribute `name` : value = КИБЕРЛЕНИНКА
2026-04-25 23:38:40 - Attribute (`name`)  - enhanced for lazy-loading? - false
2026-04-25 23:38:40 - Processing attribute `pages` : value = NOT NULL COLLECTION
2026-04-25 23:38:40 - Attribute (`pages`)  - enhanced for lazy-loading? - false
2026-04-25 23:38:40 - Processing attribute `status` : value = FAILED
2026-04-25 23:38:40 - Attribute (`status`)  - enhanced for lazy-loading? - false
2026-04-25 23:38:40 - Processing attribute `statusTime` : value = 2026-04-19T22:03:38.655614
2026-04-25 23:38:40 - Attribute (`statusTime`)  - enhanced for lazy-loading? - false
2026-04-25 23:38:40 - Processing attribute `url` : value = https://cyberleninka.ru/
2026-04-25 23:38:40 - Attribute (`url`)  - enhanced for lazy-loading? - false
2026-04-25 23:38:40 - Done materializing entity [searchengine.model.Site#128]
2026-04-25 23:38:40 - Resolving attributes for [searchengine.model.Site#129]
2026-04-25 23:38:40 - Processing attribute `lastError` : value = Индексация остановлена пользователем
2026-04-25 23:38:40 - Attribute (`lastError`)  - enhanced for lazy-loading? - false
2026-04-25 23:38:40 - Processing attribute `name` : value = Журнал: Аграрная наука
2026-04-25 23:38:40 - Attribute (`name`)  - enhanced for lazy-loading? - false
2026-04-25 23:38:40 - Processing attribute `pages` : value = NOT NULL COLLECTION
2026-04-25 23:38:40 - Attribute (`pages`)  - enhanced for lazy-loading? - false
2026-04-25 23:38:40 - Processing attribute `status` : value = FAILED
2026-04-25 23:38:40 - Attribute (`status`)  - enhanced for lazy-loading? - false
2026-04-25 23:38:40 - Processing attribute `statusTime` : value = 2026-04-19T22:03:38.620442
2026-04-25 23:38:40 - Attribute (`statusTime`)  - enhanced for lazy-loading? - false
2026-04-25 23:38:40 - Processing attribute `url` : value = https://www.vetpress.ru/jour
2026-04-25 23:38:40 - Attribute (`url`)  - enhanced for lazy-loading? - false
2026-04-25 23:38:40 - Done materializing entity [searchengine.model.Site#129]
2026-04-25 23:38:40 - Starting after statement execution processing [ON_CLOSE]
2026-04-25 23:38:40 - Initializing non-lazy collections
2026-04-25 23:38:40 - committing
2026-04-25 23:38:40 - Located HQL query plan in cache (select count(generatedAlias0) from Page as generatedAlias0 where generatedAlias0.site=:param0)
2026-04-25 23:38:40 - Find: select count(generatedAlias0) from Page as generatedAlias0 where generatedAlias0.site=:param0
2026-04-25 23:38:40 - Named parameters: {param0=searchengine.model.Site#128}
2026-04-25 23:38:40 - select count(page0_.id) as col_0_0_ from page page0_ where page0_.site_id=?
2026-04-25 23:38:40 - Registering last query statement [HikariProxyPreparedStatement@1589151935 wrapping select count(page0_.id) as col_0_0_ from page page0_ where page0_.site_id=?]
2026-04-25 23:38:40 - binding parameter [1] as [INTEGER] - [128]
2026-04-25 23:38:40 - Starting after statement execution processing [ON_CLOSE]
2026-04-25 23:38:40 - Initializing non-lazy collections
2026-04-25 23:38:40 - Located HQL query plan in cache (select count(generatedAlias0) from Lemma as generatedAlias0 where generatedAlias0.site=:param0)
2026-04-25 23:38:40 - Find: select count(generatedAlias0) from Lemma as generatedAlias0 where generatedAlias0.site=:param0
2026-04-25 23:38:40 - Named parameters: {param0=searchengine.model.Site#128}
2026-04-25 23:38:40 - select count(lemma0_.id) as col_0_0_ from lemma lemma0_ where lemma0_.site_id=?
2026-04-25 23:38:40 - Registering last query statement [HikariProxyPreparedStatement@1426386432 wrapping select count(lemma0_.id) as col_0_0_ from lemma lemma0_ where lemma0_.site_id=?]
2026-04-25 23:38:40 - binding parameter [1] as [INTEGER] - [128]
2026-04-25 23:38:40 - Starting after statement execution processing [ON_CLOSE]
2026-04-25 23:38:40 - Initializing non-lazy collections
2026-04-25 23:38:40 - Located HQL query plan in cache (select count(generatedAlias0) from Topic as generatedAlias0 left join generatedAlias0.site as generatedAlias1 where generatedAlias1.id=:param0)
2026-04-25 23:38:40 - Find: select count(generatedAlias0) from Topic as generatedAlias0 left join generatedAlias0.site as generatedAlias1 where generatedAlias1.id=:param0
2026-04-25 23:38:40 - Named parameters: {param0=128}
2026-04-25 23:38:40 - select count(topic0_.id) as col_0_0_ from topic topic0_ left outer join site site1_ on topic0_.site_id=site1_.id where site1_.id=?
2026-04-25 23:38:40 - Registering last query statement [HikariProxyPreparedStatement@604677732 wrapping select count(topic0_.id) as col_0_0_ from topic topic0_ left outer join site site1_ on topic0_.site_id=site1_.id where site1_.id=?]
2026-04-25 23:38:40 - binding parameter [1] as [INTEGER] - [128]
2026-04-25 23:38:40 - Starting after statement execution processing [ON_CLOSE]
2026-04-25 23:38:40 - Initializing non-lazy collections
2026-04-25 23:38:40 - Located HQL query plan in cache (select count(generatedAlias0) from Page as generatedAlias0 where generatedAlias0.site=:param0)
2026-04-25 23:38:40 - Find: select count(generatedAlias0) from Page as generatedAlias0 where generatedAlias0.site=:param0
2026-04-25 23:38:40 - Named parameters: {param0=searchengine.model.Site#129}
2026-04-25 23:38:40 - select count(page0_.id) as col_0_0_ from page page0_ where page0_.site_id=?
2026-04-25 23:38:40 - Registering last query statement [HikariProxyPreparedStatement@210755003 wrapping select count(page0_.id) as col_0_0_ from page page0_ where page0_.site_id=?]
2026-04-25 23:38:40 - binding parameter [1] as [INTEGER] - [129]
2026-04-25 23:38:40 - Starting after statement execution processing [ON_CLOSE]
2026-04-25 23:38:40 - Initializing non-lazy collections
2026-04-25 23:38:40 - Located HQL query plan in cache (select count(generatedAlias0) from Lemma as generatedAlias0 where generatedAlias0.site=:param0)
2026-04-25 23:38:40 - Find: select count(generatedAlias0) from Lemma as generatedAlias0 where generatedAlias0.site=:param0
2026-04-25 23:38:40 - Named parameters: {param0=searchengine.model.Site#129}
2026-04-25 23:38:40 - select count(lemma0_.id) as col_0_0_ from lemma lemma0_ where lemma0_.site_id=?
2026-04-25 23:38:40 - Registering last query statement [HikariProxyPreparedStatement@715061848 wrapping select count(lemma0_.id) as col_0_0_ from lemma lemma0_ where lemma0_.site_id=?]
2026-04-25 23:38:40 - binding parameter [1] as [INTEGER] - [129]
2026-04-25 23:38:40 - Starting after statement execution processing [ON_CLOSE]
2026-04-25 23:38:40 - Initializing non-lazy collections
2026-04-25 23:38:40 - Located HQL query plan in cache (select count(generatedAlias0) from Topic as generatedAlias0 left join generatedAlias0.site as generatedAlias1 where generatedAlias1.id=:param0)
2026-04-25 23:38:40 - Find: select count(generatedAlias0) from Topic as generatedAlias0 left join generatedAlias0.site as generatedAlias1 where generatedAlias1.id=:param0
2026-04-25 23:38:40 - Named parameters: {param0=129}
2026-04-25 23:38:40 - select count(topic0_.id) as col_0_0_ from topic topic0_ left outer join site site1_ on topic0_.site_id=site1_.id where site1_.id=?
2026-04-25 23:38:40 - Registering last query statement [HikariProxyPreparedStatement@1828175493 wrapping select count(topic0_.id) as col_0_0_ from topic topic0_ left outer join site site1_ on topic0_.site_id=site1_.id where site1_.id=?]
2026-04-25 23:38:40 - binding parameter [1] as [INTEGER] - [129]
2026-04-25 23:38:40 - Starting after statement execution processing [ON_CLOSE]
2026-04-25 23:38:40 - Initializing non-lazy collections
2026-04-25 23:38:40 - Closing JDBC container [org.hibernate.engine.jdbc.internal.JdbcCoordinatorImpl@582f3bc0]
2026-04-25 23:38:41 - Closing JDBC container [org.hibernate.engine.jdbc.internal.JdbcCoordinatorImpl@72a1fe4b]
2026-04-25 23:38:41 - Closing JDBC container [org.hibernate.engine.jdbc.internal.JdbcCoordinatorImpl@1e23e0a4]
2026-04-25 23:38:41 - On TransactionImpl creation, JpaCompliance#isJpaTransactionComplianceEnabled == false
2026-04-25 23:38:41 - begin
2026-04-25 23:38:41 - Located HQL query plan in cache (select count(*) from Site x)
2026-04-25 23:38:41 - Find: select count(*) from Site x
2026-04-25 23:38:41 - Named parameters: {}
2026-04-25 23:38:41 - select count(*) as col_0_0_ from site site0_
2026-04-25 23:38:41 - Registering last query statement [HikariProxyPreparedStatement@1685812992 wrapping select count(*) as col_0_0_ from site site0_]
2026-04-25 23:38:41 - Starting after statement execution processing [ON_CLOSE]
2026-04-25 23:38:41 - Initializing non-lazy collections
2026-04-25 23:38:41 - committing
2026-04-25 23:38:41 - begin
2026-04-25 23:38:41 - Located HQL query plan in cache (select count(*) from Page x)
2026-04-25 23:38:41 - Find: select count(*) from Page x
2026-04-25 23:38:41 - Named parameters: {}
2026-04-25 23:38:41 - select count(*) as col_0_0_ from page page0_
2026-04-25 23:38:41 - Registering last query statement [HikariProxyPreparedStatement@1431639833 wrapping select count(*) as col_0_0_ from page page0_]
2026-04-25 23:38:41 - Starting after statement execution processing [ON_CLOSE]
2026-04-25 23:38:41 - Initializing non-lazy collections
2026-04-25 23:38:41 - committing
2026-04-25 23:38:41 - begin
2026-04-25 23:38:41 - Located HQL query plan in cache (select count(*) from Lemma x)
2026-04-25 23:38:41 - Find: select count(*) from Lemma x
2026-04-25 23:38:41 - Named parameters: {}
2026-04-25 23:38:41 - select count(*) as col_0_0_ from lemma lemma0_
2026-04-25 23:38:41 - Registering last query statement [HikariProxyPreparedStatement@72648783 wrapping select count(*) as col_0_0_ from lemma lemma0_]
2026-04-25 23:38:41 - Starting after statement execution processing [ON_CLOSE]
2026-04-25 23:38:41 - Initializing non-lazy collections
2026-04-25 23:38:41 - committing
2026-04-25 23:38:41 - Located HQL query plan in cache (select generatedAlias0 from Site as generatedAlias0 where generatedAlias0.status=:param0)
2026-04-25 23:38:41 - Find: select generatedAlias0 from Site as generatedAlias0 where generatedAlias0.status=:param0
2026-04-25 23:38:41 - Named parameters: {param0=INDEXED}
2026-04-25 23:38:41 - select site0_.id as id1_3_, site0_.last_error as last_err2_3_, site0_.name as name3_3_, site0_.status as status4_3_, site0_.status_time as status_t5_3_, site0_.url as url6_3_ from site site0_ where site0_.status=?
2026-04-25 23:38:41 - Registering last query statement [HikariProxyPreparedStatement@1520744650 wrapping select site0_.id as id1_3_, site0_.last_error as last_err2_3_, site0_.name as name3_3_, site0_.status as status4_3_, site0_.status_time as status_t5_3_, site0_.url as url6_3_ from site site0_ where site0_.status=?]
2026-04-25 23:38:41 - binding parameter [1] as [VARCHAR] - [INDEXED]
2026-04-25 23:38:41 - Starting after statement execution processing [ON_CLOSE]
2026-04-25 23:38:41 - Initializing non-lazy collections
2026-04-25 23:38:41 - begin
2026-04-25 23:38:41 - Located HQL query plan in cache (select generatedAlias0 from Site as generatedAlias0)
2026-04-25 23:38:41 - Find: select generatedAlias0 from Site as generatedAlias0
2026-04-25 23:38:41 - Named parameters: {}
2026-04-25 23:38:41 - select site0_.id as id1_3_, site0_.last_error as last_err2_3_, site0_.name as name3_3_, site0_.status as status4_3_, site0_.status_time as status_t5_3_, site0_.url as url6_3_ from site site0_
2026-04-25 23:38:41 - Registering last query statement [HikariProxyPreparedStatement@64679325 wrapping select site0_.id as id1_3_, site0_.last_error as last_err2_3_, site0_.name as name3_3_, site0_.status as status4_3_, site0_.status_time as status_t5_3_, site0_.url as url6_3_ from site site0_]
2026-04-25 23:38:41 - Resolving attributes for [searchengine.model.Site#128]
2026-04-25 23:38:41 - Processing attribute `lastError` : value = Индексация остановлена пользователем
2026-04-25 23:38:41 - Attribute (`lastError`)  - enhanced for lazy-loading? - false
2026-04-25 23:38:41 - Processing attribute `name` : value = КИБЕРЛЕНИНКА
2026-04-25 23:38:41 - Attribute (`name`)  - enhanced for lazy-loading? - false
2026-04-25 23:38:41 - Processing attribute `pages` : value = NOT NULL COLLECTION
2026-04-25 23:38:41 - Attribute (`pages`)  - enhanced for lazy-loading? - false
2026-04-25 23:38:41 - Processing attribute `status` : value = FAILED
2026-04-25 23:38:41 - Attribute (`status`)  - enhanced for lazy-loading? - false
2026-04-25 23:38:41 - Processing attribute `statusTime` : value = 2026-04-19T22:03:38.655614
2026-04-25 23:38:41 - Attribute (`statusTime`)  - enhanced for lazy-loading? - false
2026-04-25 23:38:41 - Processing attribute `url` : value = https://cyberleninka.ru/
2026-04-25 23:38:41 - Attribute (`url`)  - enhanced for lazy-loading? - false
2026-04-25 23:38:41 - Done materializing entity [searchengine.model.Site#128]
2026-04-25 23:38:41 - Resolving attributes for [searchengine.model.Site#129]
2026-04-25 23:38:41 - Processing attribute `lastError` : value = Индексация остановлена пользователем
2026-04-25 23:38:41 - Attribute (`lastError`)  - enhanced for lazy-loading? - false
2026-04-25 23:38:41 - Processing attribute `name` : value = Журнал: Аграрная наука
2026-04-25 23:38:41 - Attribute (`name`)  - enhanced for lazy-loading? - false
2026-04-25 23:38:41 - Processing attribute `pages` : value = NOT NULL COLLECTION
2026-04-25 23:38:41 - Attribute (`pages`)  - enhanced for lazy-loading? - false
2026-04-25 23:38:41 - Processing attribute `status` : value = FAILED
2026-04-25 23:38:41 - Attribute (`status`)  - enhanced for lazy-loading? - false
2026-04-25 23:38:41 - Processing attribute `statusTime` : value = 2026-04-19T22:03:38.620442
2026-04-25 23:38:41 - Attribute (`statusTime`)  - enhanced for lazy-loading? - false
2026-04-25 23:38:41 - Processing attribute `url` : value = https://www.vetpress.ru/jour
2026-04-25 23:38:41 - Attribute (`url`)  - enhanced for lazy-loading? - false
2026-04-25 23:38:41 - Done materializing entity [searchengine.model.Site#129]
2026-04-25 23:38:41 - Starting after statement execution processing [ON_CLOSE]
2026-04-25 23:38:41 - Initializing non-lazy collections
2026-04-25 23:38:41 - committing
2026-04-25 23:38:41 - Located HQL query plan in cache (select count(generatedAlias0) from Page as generatedAlias0 where generatedAlias0.site=:param0)
2026-04-25 23:38:41 - Find: select count(generatedAlias0) from Page as generatedAlias0 where generatedAlias0.site=:param0
2026-04-25 23:38:41 - Named parameters: {param0=searchengine.model.Site#128}
2026-04-25 23:38:41 - select count(page0_.id) as col_0_0_ from page page0_ where page0_.site_id=?
2026-04-25 23:38:41 - Registering last query statement [HikariProxyPreparedStatement@1582351463 wrapping select count(page0_.id) as col_0_0_ from page page0_ where page0_.site_id=?]
2026-04-25 23:38:41 - binding parameter [1] as [INTEGER] - [128]
2026-04-25 23:38:41 - Starting after statement execution processing [ON_CLOSE]
2026-04-25 23:38:41 - Initializing non-lazy collections
2026-04-25 23:38:41 - Located HQL query plan in cache (select count(generatedAlias0) from Lemma as generatedAlias0 where generatedAlias0.site=:param0)
2026-04-25 23:38:41 - Find: select count(generatedAlias0) from Lemma as generatedAlias0 where generatedAlias0.site=:param0
2026-04-25 23:38:41 - Named parameters: {param0=searchengine.model.Site#128}
2026-04-25 23:38:41 - select count(lemma0_.id) as col_0_0_ from lemma lemma0_ where lemma0_.site_id=?
2026-04-25 23:38:41 - Registering last query statement [HikariProxyPreparedStatement@1858655898 wrapping select count(lemma0_.id) as col_0_0_ from lemma lemma0_ where lemma0_.site_id=?]
2026-04-25 23:38:41 - binding parameter [1] as [INTEGER] - [128]
2026-04-25 23:38:41 - Starting after statement execution processing [ON_CLOSE]
2026-04-25 23:38:41 - Initializing non-lazy collections
2026-04-25 23:38:41 - Located HQL query plan in cache (select count(generatedAlias0) from Topic as generatedAlias0 left join generatedAlias0.site as generatedAlias1 where generatedAlias1.id=:param0)
2026-04-25 23:38:41 - Find: select count(generatedAlias0) from Topic as generatedAlias0 left join generatedAlias0.site as generatedAlias1 where generatedAlias1.id=:param0
2026-04-25 23:38:41 - Named parameters: {param0=128}
2026-04-25 23:38:41 - select count(topic0_.id) as col_0_0_ from topic topic0_ left outer join site site1_ on topic0_.site_id=site1_.id where site1_.id=?
2026-04-25 23:38:41 - Registering last query statement [HikariProxyPreparedStatement@1842357386 wrapping select count(topic0_.id) as col_0_0_ from topic topic0_ left outer join site site1_ on topic0_.site_id=site1_.id where site1_.id=?]
2026-04-25 23:38:41 - binding parameter [1] as [INTEGER] - [128]
2026-04-25 23:38:41 - Starting after statement execution processing [ON_CLOSE]
2026-04-25 23:38:41 - Initializing non-lazy collections
2026-04-25 23:38:41 - Located HQL query plan in cache (select count(generatedAlias0) from Page as generatedAlias0 where generatedAlias0.site=:param0)
2026-04-25 23:38:41 - Find: select count(generatedAlias0) from Page as generatedAlias0 where generatedAlias0.site=:param0
2026-04-25 23:38:41 - Named parameters: {param0=searchengine.model.Site#129}
2026-04-25 23:38:41 - select count(page0_.id) as col_0_0_ from page page0_ where page0_.site_id=?
2026-04-25 23:38:41 - Registering last query statement [HikariProxyPreparedStatement@1952430436 wrapping select count(page0_.id) as col_0_0_ from page page0_ where page0_.site_id=?]
2026-04-25 23:38:41 - binding parameter [1] as [INTEGER] - [129]
2026-04-25 23:38:41 - Starting after statement execution processing [ON_CLOSE]
2026-04-25 23:38:41 - Initializing non-lazy collections
2026-04-25 23:38:41 - Located HQL query plan in cache (select count(generatedAlias0) from Lemma as generatedAlias0 where generatedAlias0.site=:param0)
2026-04-25 23:38:41 - Find: select count(generatedAlias0) from Lemma as generatedAlias0 where generatedAlias0.site=:param0
2026-04-25 23:38:41 - Named parameters: {param0=searchengine.model.Site#129}
2026-04-25 23:38:41 - select count(lemma0_.id) as col_0_0_ from lemma lemma0_ where lemma0_.site_id=?
2026-04-25 23:38:41 - Registering last query statement [HikariProxyPreparedStatement@1891233654 wrapping select count(lemma0_.id) as col_0_0_ from lemma lemma0_ where lemma0_.site_id=?]
2026-04-25 23:38:41 - binding parameter [1] as [INTEGER] - [129]
2026-04-25 23:38:41 - Starting after statement execution processing [ON_CLOSE]
2026-04-25 23:38:41 - Initializing non-lazy collections
2026-04-25 23:38:41 - Located HQL query plan in cache (select count(generatedAlias0) from Topic as generatedAlias0 left join generatedAlias0.site as generatedAlias1 where generatedAlias1.id=:param0)
2026-04-25 23:38:41 - Find: select count(generatedAlias0) from Topic as generatedAlias0 left join generatedAlias0.site as generatedAlias1 where generatedAlias1.id=:param0
2026-04-25 23:38:41 - Named parameters: {param0=129}
2026-04-25 23:38:41 - select count(topic0_.id) as col_0_0_ from topic topic0_ left outer join site site1_ on topic0_.site_id=site1_.id where site1_.id=?
2026-04-25 23:38:41 - Registering last query statement [HikariProxyPreparedStatement@2079238843 wrapping select count(topic0_.id) as col_0_0_ from topic topic0_ left outer join site site1_ on topic0_.site_id=site1_.id where site1_.id=?]
2026-04-25 23:38:41 - binding parameter [1] as [INTEGER] - [129]
2026-04-25 23:38:41 - Starting after statement execution processing [ON_CLOSE]
2026-04-25 23:38:41 - Initializing non-lazy collections
2026-04-25 23:38:41 - Closing JDBC container [org.hibernate.engine.jdbc.internal.JdbcCoordinatorImpl@53c578f8]
2026-04-25 23:38:44 - HikariPool-1 - Pool stats (total=10, active=0, idle=10, waiting=0)
2026-04-25 23:38:44 - HikariPool-1 - Fill pool skipped, pool is at sufficient level.
2026-04-25 23:38:46 - Closing JDBC container [org.hibernate.engine.jdbc.internal.JdbcCoordinatorImpl@4f238892]
2026-04-25 23:38:46 - Closing JDBC container [org.hibernate.engine.jdbc.internal.JdbcCoordinatorImpl@563001ef]
2026-04-25 23:38:46 - Closing JDBC container [org.hibernate.engine.jdbc.internal.JdbcCoordinatorImpl@6a9c2464]
2026-04-25 23:38:46 - Closing JDBC container [org.hibernate.engine.jdbc.internal.JdbcCoordinatorImpl@1c9e7dd2]
2026-04-25 23:38:46 - Closing JDBC container [org.hibernate.engine.jdbc.internal.JdbcCoordinatorImpl@5641c12d]
2026-04-25 23:38:46 - Closing JDBC container [org.hibernate.engine.jdbc.internal.JdbcCoordinatorImpl@78bfe250]
2026-04-25 23:38:46 - Closing JDBC container [org.hibernate.engine.jdbc.internal.JdbcCoordinatorImpl@7374d977]
2026-04-25 23:38:46 - Closing JDBC container [org.hibernate.engine.jdbc.internal.JdbcCoordinatorImpl@1a1c77b8]
2026-04-25 23:38:46 - Closing JDBC container [org.hibernate.engine.jdbc.internal.JdbcCoordinatorImpl@30f396b1]
2026-04-25 23:38:46 - Closing JDBC container [org.hibernate.engine.jdbc.internal.JdbcCoordinatorImpl@295f172a]
2026-04-25 23:38:46 - Closing JDBC container [org.hibernate.engine.jdbc.internal.JdbcCoordinatorImpl@2f9eb753]
2026-04-25 23:38:46 - Closing JDBC container [org.hibernate.engine.jdbc.internal.JdbcCoordinatorImpl@3a05b946]
2026-04-25 23:38:46 - Closing JDBC container [org.hibernate.engine.jdbc.internal.JdbcCoordinatorImpl@7a0dc14c]
2026-04-25 23:38:46 - Closing JDBC container [org.hibernate.engine.jdbc.internal.JdbcCoordinatorImpl@1984e928]
2026-04-25 23:38:46 - On TransactionImpl creation, JpaCompliance#isJpaTransactionComplianceEnabled == false
2026-04-25 23:38:46 - begin
2026-04-25 23:38:46 - Located HQL query plan in cache (select count(*) from Site x)
2026-04-25 23:38:46 - Find: select count(*) from Site x
2026-04-25 23:38:46 - Named parameters: {}
2026-04-25 23:38:46 - select count(*) as col_0_0_ from site site0_
2026-04-25 23:38:46 - Registering last query statement [HikariProxyPreparedStatement@1016148193 wrapping select count(*) as col_0_0_ from site site0_]
2026-04-25 23:38:46 - Starting after statement execution processing [ON_CLOSE]
2026-04-25 23:38:46 - Initializing non-lazy collections
2026-04-25 23:38:46 - committing
2026-04-25 23:38:46 - begin
2026-04-25 23:38:46 - Located HQL query plan in cache (select count(*) from Page x)
2026-04-25 23:38:46 - Find: select count(*) from Page x
2026-04-25 23:38:46 - Named parameters: {}
2026-04-25 23:38:46 - select count(*) as col_0_0_ from page page0_
2026-04-25 23:38:46 - Registering last query statement [HikariProxyPreparedStatement@435542768 wrapping select count(*) as col_0_0_ from page page0_]
2026-04-25 23:38:46 - Starting after statement execution processing [ON_CLOSE]
2026-04-25 23:38:46 - Initializing non-lazy collections
2026-04-25 23:38:46 - committing
2026-04-25 23:38:46 - begin
2026-04-25 23:38:46 - Located HQL query plan in cache (select count(*) from Lemma x)
2026-04-25 23:38:46 - Find: select count(*) from Lemma x
2026-04-25 23:38:46 - Named parameters: {}
2026-04-25 23:38:46 - select count(*) as col_0_0_ from lemma lemma0_
2026-04-25 23:38:46 - Registering last query statement [HikariProxyPreparedStatement@1412186470 wrapping select count(*) as col_0_0_ from lemma lemma0_]
2026-04-25 23:38:46 - Starting after statement execution processing [ON_CLOSE]
2026-04-25 23:38:46 - Initializing non-lazy collections
2026-04-25 23:38:46 - committing
2026-04-25 23:38:46 - Located HQL query plan in cache (select generatedAlias0 from Site as generatedAlias0 where generatedAlias0.status=:param0)
2026-04-25 23:38:46 - Find: select generatedAlias0 from Site as generatedAlias0 where generatedAlias0.status=:param0
2026-04-25 23:38:46 - Named parameters: {param0=INDEXED}
2026-04-25 23:38:46 - select site0_.id as id1_3_, site0_.last_error as last_err2_3_, site0_.name as name3_3_, site0_.status as status4_3_, site0_.status_time as status_t5_3_, site0_.url as url6_3_ from site site0_ where site0_.status=?
2026-04-25 23:38:46 - Registering last query statement [HikariProxyPreparedStatement@1996342496 wrapping select site0_.id as id1_3_, site0_.last_error as last_err2_3_, site0_.name as name3_3_, site0_.status as status4_3_, site0_.status_time as status_t5_3_, site0_.url as url6_3_ from site site0_ where site0_.status=?]
2026-04-25 23:38:46 - binding parameter [1] as [VARCHAR] - [INDEXED]
2026-04-25 23:38:46 - Starting after statement execution processing [ON_CLOSE]
2026-04-25 23:38:46 - Initializing non-lazy collections
2026-04-25 23:38:46 - begin
2026-04-25 23:38:46 - Located HQL query plan in cache (select generatedAlias0 from Site as generatedAlias0)
2026-04-25 23:38:46 - Find: select generatedAlias0 from Site as generatedAlias0
2026-04-25 23:38:46 - Named parameters: {}
2026-04-25 23:38:46 - select site0_.id as id1_3_, site0_.last_error as last_err2_3_, site0_.name as name3_3_, site0_.status as status4_3_, site0_.status_time as status_t5_3_, site0_.url as url6_3_ from site site0_
2026-04-25 23:38:46 - Registering last query statement [HikariProxyPreparedStatement@1579863324 wrapping select site0_.id as id1_3_, site0_.last_error as last_err2_3_, site0_.name as name3_3_, site0_.status as status4_3_, site0_.status_time as status_t5_3_, site0_.url as url6_3_ from site site0_]
2026-04-25 23:38:46 - Resolving attributes for [searchengine.model.Site#128]
2026-04-25 23:38:46 - Processing attribute `lastError` : value = Индексация остановлена пользователем
2026-04-25 23:38:46 - Attribute (`lastError`)  - enhanced for lazy-loading? - false
2026-04-25 23:38:46 - Processing attribute `name` : value = КИБЕРЛЕНИНКА
2026-04-25 23:38:46 - Attribute (`name`)  - enhanced for lazy-loading? - false
2026-04-25 23:38:46 - Processing attribute `pages` : value = NOT NULL COLLECTION
2026-04-25 23:38:46 - Attribute (`pages`)  - enhanced for lazy-loading? - false
2026-04-25 23:38:46 - Processing attribute `status` : value = FAILED
2026-04-25 23:38:46 - Attribute (`status`)  - enhanced for lazy-loading? - false
2026-04-25 23:38:46 - Processing attribute `statusTime` : value = 2026-04-19T22:03:38.655614
2026-04-25 23:38:46 - Attribute (`statusTime`)  - enhanced for lazy-loading? - false
2026-04-25 23:38:46 - Processing attribute `url` : value = https://cyberleninka.ru/
2026-04-25 23:38:46 - Attribute (`url`)  - enhanced for lazy-loading? - false
2026-04-25 23:38:46 - Done materializing entity [searchengine.model.Site#128]
2026-04-25 23:38:46 - Resolving attributes for [searchengine.model.Site#129]
2026-04-25 23:38:46 - Processing attribute `lastError` : value = Индексация остановлена пользователем
2026-04-25 23:38:46 - Attribute (`lastError`)  - enhanced for lazy-loading? - false
2026-04-25 23:38:46 - Processing attribute `name` : value = Журнал: Аграрная наука
2026-04-25 23:38:46 - Attribute (`name`)  - enhanced for lazy-loading? - false
2026-04-25 23:38:46 - Processing attribute `pages` : value = NOT NULL COLLECTION
2026-04-25 23:38:46 - Attribute (`pages`)  - enhanced for lazy-loading? - false
2026-04-25 23:38:46 - Processing attribute `status` : value = FAILED
2026-04-25 23:38:46 - Attribute (`status`)  - enhanced for lazy-loading? - false
2026-04-25 23:38:46 - Processing attribute `statusTime` : value = 2026-04-19T22:03:38.620442
2026-04-25 23:38:46 - Attribute (`statusTime`)  - enhanced for lazy-loading? - false
2026-04-25 23:38:46 - Processing attribute `url` : value = https://www.vetpress.ru/jour
2026-04-25 23:38:46 - Attribute (`url`)  - enhanced for lazy-loading? - false
2026-04-25 23:38:46 - Done materializing entity [searchengine.model.Site#129]
2026-04-25 23:38:46 - Starting after statement execution processing [ON_CLOSE]
2026-04-25 23:38:46 - Initializing non-lazy collections
2026-04-25 23:38:46 - committing
2026-04-25 23:38:46 - Located HQL query plan in cache (select count(generatedAlias0) from Page as generatedAlias0 where generatedAlias0.site=:param0)
2026-04-25 23:38:46 - Find: select count(generatedAlias0) from Page as generatedAlias0 where generatedAlias0.site=:param0
2026-04-25 23:38:46 - Named parameters: {param0=searchengine.model.Site#128}
2026-04-25 23:38:46 - select count(page0_.id) as col_0_0_ from page page0_ where page0_.site_id=?
2026-04-25 23:38:46 - Registering last query statement [HikariProxyPreparedStatement@1739900579 wrapping select count(page0_.id) as col_0_0_ from page page0_ where page0_.site_id=?]
2026-04-25 23:38:46 - binding parameter [1] as [INTEGER] - [128]
2026-04-25 23:38:46 - Starting after statement execution processing [ON_CLOSE]
2026-04-25 23:38:46 - Initializing non-lazy collections
2026-04-25 23:38:46 - Located HQL query plan in cache (select count(generatedAlias0) from Lemma as generatedAlias0 where generatedAlias0.site=:param0)
2026-04-25 23:38:46 - Find: select count(generatedAlias0) from Lemma as generatedAlias0 where generatedAlias0.site=:param0
2026-04-25 23:38:46 - Named parameters: {param0=searchengine.model.Site#128}
2026-04-25 23:38:46 - select count(lemma0_.id) as col_0_0_ from lemma lemma0_ where lemma0_.site_id=?
2026-04-25 23:38:46 - Registering last query statement [HikariProxyPreparedStatement@1009183227 wrapping select count(lemma0_.id) as col_0_0_ from lemma lemma0_ where lemma0_.site_id=?]
2026-04-25 23:38:46 - binding parameter [1] as [INTEGER] - [128]
2026-04-25 23:38:46 - Closing JDBC container [org.hibernate.engine.jdbc.internal.JdbcCoordinatorImpl@337fbe9d]
2026-04-25 23:38:46 - Starting after statement execution processing [ON_CLOSE]
2026-04-25 23:38:46 - Initializing non-lazy collections
2026-04-25 23:38:46 - Located HQL query plan in cache (select count(generatedAlias0) from Topic as generatedAlias0 left join generatedAlias0.site as generatedAlias1 where generatedAlias1.id=:param0)
2026-04-25 23:38:46 - Find: select count(generatedAlias0) from Topic as generatedAlias0 left join generatedAlias0.site as generatedAlias1 where generatedAlias1.id=:param0
2026-04-25 23:38:46 - Named parameters: {param0=128}
2026-04-25 23:38:46 - select count(topic0_.id) as col_0_0_ from topic topic0_ left outer join site site1_ on topic0_.site_id=site1_.id where site1_.id=?
2026-04-25 23:38:46 - Registering last query statement [HikariProxyPreparedStatement@1819880684 wrapping select count(topic0_.id) as col_0_0_ from topic topic0_ left outer join site site1_ on topic0_.site_id=site1_.id where site1_.id=?]
2026-04-25 23:38:46 - binding parameter [1] as [INTEGER] - [128]
2026-04-25 23:38:46 - Starting after statement execution processing [ON_CLOSE]
2026-04-25 23:38:46 - Initializing non-lazy collections
2026-04-25 23:38:46 - Located HQL query plan in cache (select count(generatedAlias0) from Page as generatedAlias0 where generatedAlias0.site=:param0)
2026-04-25 23:38:46 - Find: select count(generatedAlias0) from Page as generatedAlias0 where generatedAlias0.site=:param0
2026-04-25 23:38:46 - Named parameters: {param0=searchengine.model.Site#129}
2026-04-25 23:38:46 - select count(page0_.id) as col_0_0_ from page page0_ where page0_.site_id=?
2026-04-25 23:38:46 - Registering last query statement [HikariProxyPreparedStatement@624092722 wrapping select count(page0_.id) as col_0_0_ from page page0_ where page0_.site_id=?]
2026-04-25 23:38:46 - binding parameter [1] as [INTEGER] - [129]
2026-04-25 23:38:46 - Starting after statement execution processing [ON_CLOSE]
2026-04-25 23:38:46 - Initializing non-lazy collections
2026-04-25 23:38:46 - Located HQL query plan in cache (select count(generatedAlias0) from Lemma as generatedAlias0 where generatedAlias0.site=:param0)
2026-04-25 23:38:46 - Find: select count(generatedAlias0) from Lemma as generatedAlias0 where generatedAlias0.site=:param0
2026-04-25 23:38:46 - Named parameters: {param0=searchengine.model.Site#129}
2026-04-25 23:38:46 - select count(lemma0_.id) as col_0_0_ from lemma lemma0_ where lemma0_.site_id=?
2026-04-25 23:38:46 - Registering last query statement [HikariProxyPreparedStatement@1718085295 wrapping select count(lemma0_.id) as col_0_0_ from lemma lemma0_ where lemma0_.site_id=?]
2026-04-25 23:38:46 - binding parameter [1] as [INTEGER] - [129]
2026-04-25 23:38:46 - Starting after statement execution processing [ON_CLOSE]
2026-04-25 23:38:46 - Initializing non-lazy collections
2026-04-25 23:38:46 - Located HQL query plan in cache (select count(generatedAlias0) from Topic as generatedAlias0 left join generatedAlias0.site as generatedAlias1 where generatedAlias1.id=:param0)
2026-04-25 23:38:46 - Find: select count(generatedAlias0) from Topic as generatedAlias0 left join generatedAlias0.site as generatedAlias1 where generatedAlias1.id=:param0
2026-04-25 23:38:46 - Named parameters: {param0=129}
2026-04-25 23:38:46 - select count(topic0_.id) as col_0_0_ from topic topic0_ left outer join site site1_ on topic0_.site_id=site1_.id where site1_.id=?
2026-04-25 23:38:46 - Registering last query statement [HikariProxyPreparedStatement@2138350598 wrapping select count(topic0_.id) as col_0_0_ from topic topic0_ left outer join site site1_ on topic0_.site_id=site1_.id where site1_.id=?]
2026-04-25 23:38:46 - binding parameter [1] as [INTEGER] - [129]
2026-04-25 23:38:46 - Starting after statement execution processing [ON_CLOSE]
2026-04-25 23:38:46 - Initializing non-lazy collections
2026-04-25 23:38:46 - Closing JDBC container [org.hibernate.engine.jdbc.internal.JdbcCoordinatorImpl@e6df1c]
2026-04-25 23:38:46 - Closing JDBC container [org.hibernate.engine.jdbc.internal.JdbcCoordinatorImpl@199a6d6b]
2026-04-25 23:38:46 - Closing JDBC container [org.hibernate.engine.jdbc.internal.JdbcCoordinatorImpl@429f5d16]
2026-04-25 23:38:46 - Closing JDBC container [org.hibernate.engine.jdbc.internal.JdbcCoordinatorImpl@5b527c66]
2026-04-25 23:38:47 - Closing JDBC container [org.hibernate.engine.jdbc.internal.JdbcCoordinatorImpl@29ed7854]
2026-04-25 23:38:47 - Closing JDBC container [org.hibernate.engine.jdbc.internal.JdbcCoordinatorImpl@5f1eea9f]
2026-04-25 23:38:47 - Closing JDBC container [org.hibernate.engine.jdbc.internal.JdbcCoordinatorImpl@1839e420]
2026-04-25 23:38:47 - Closing JDBC container [org.hibernate.engine.jdbc.internal.JdbcCoordinatorImpl@3382cda9]
2026-04-25 23:38:47 - Closing JDBC container [org.hibernate.engine.jdbc.internal.JdbcCoordinatorImpl@638755e2]
2026-04-25 23:38:47 - Closing JDBC container [org.hibernate.engine.jdbc.internal.JdbcCoordinatorImpl@4dc36fed]
2026-04-25 23:38:47 - Closing JDBC container [org.hibernate.engine.jdbc.internal.JdbcCoordinatorImpl@7525e8c3]
2026-04-25 23:38:47 - Closing JDBC container [org.hibernate.engine.jdbc.internal.JdbcCoordinatorImpl@d513a16]
2026-04-25 23:38:47 - Closing JDBC container [org.hibernate.engine.jdbc.internal.JdbcCoordinatorImpl@6dc0515b]
2026-04-25 23:38:47 - Closing JDBC container [org.hibernate.engine.jdbc.internal.JdbcCoordinatorImpl@205a066a]
2026-04-25 23:38:47 - Closing JDBC container [org.hibernate.engine.jdbc.internal.JdbcCoordinatorImpl@23cca0f1]
2026-04-25 23:38:47 - Closing JDBC container [org.hibernate.engine.jdbc.internal.JdbcCoordinatorImpl@6f2cafe8]
2026-04-25 23:38:47 - Closing JDBC container [org.hibernate.engine.jdbc.internal.JdbcCoordinatorImpl@5e4c4e09]
2026-04-25 23:38:47 - Closing JDBC container [org.hibernate.engine.jdbc.internal.JdbcCoordinatorImpl@7cd2502f]
2026-04-25 23:38:47 - On TransactionImpl creation, JpaCompliance#isJpaTransactionComplianceEnabled == false
2026-04-25 23:38:47 - begin
2026-04-25 23:38:47 - Located HQL query plan in cache (select count(*) from Site x)
2026-04-25 23:38:47 - Find: select count(*) from Site x
2026-04-25 23:38:47 - Named parameters: {}
2026-04-25 23:38:47 - select count(*) as col_0_0_ from site site0_
2026-04-25 23:38:47 - Registering last query statement [HikariProxyPreparedStatement@1545426662 wrapping select count(*) as col_0_0_ from site site0_]
2026-04-25 23:38:47 - Starting after statement execution processing [ON_CLOSE]
2026-04-25 23:38:47 - Initializing non-lazy collections
2026-04-25 23:38:47 - committing
2026-04-25 23:38:47 - begin
2026-04-25 23:38:47 - Located HQL query plan in cache (select count(*) from Page x)
2026-04-25 23:38:47 - Find: select count(*) from Page x
2026-04-25 23:38:47 - Named parameters: {}
2026-04-25 23:38:47 - select count(*) as col_0_0_ from page page0_
2026-04-25 23:38:47 - Registering last query statement [HikariProxyPreparedStatement@1974892115 wrapping select count(*) as col_0_0_ from page page0_]
2026-04-25 23:38:47 - Starting after statement execution processing [ON_CLOSE]
2026-04-25 23:38:47 - Initializing non-lazy collections
2026-04-25 23:38:47 - committing
2026-04-25 23:38:47 - begin
2026-04-25 23:38:47 - Located HQL query plan in cache (select count(*) from Lemma x)
2026-04-25 23:38:47 - Find: select count(*) from Lemma x
2026-04-25 23:38:47 - Named parameters: {}
2026-04-25 23:38:47 - select count(*) as col_0_0_ from lemma lemma0_
2026-04-25 23:38:47 - Registering last query statement [HikariProxyPreparedStatement@1726010438 wrapping select count(*) as col_0_0_ from lemma lemma0_]
2026-04-25 23:38:47 - Starting after statement execution processing [ON_CLOSE]
2026-04-25 23:38:47 - Initializing non-lazy collections
2026-04-25 23:38:47 - committing
2026-04-25 23:38:47 - Located HQL query plan in cache (select generatedAlias0 from Site as generatedAlias0 where generatedAlias0.status=:param0)
2026-04-25 23:38:47 - Find: select generatedAlias0 from Site as generatedAlias0 where generatedAlias0.status=:param0
2026-04-25 23:38:47 - Named parameters: {param0=INDEXED}
2026-04-25 23:38:47 - select site0_.id as id1_3_, site0_.last_error as last_err2_3_, site0_.name as name3_3_, site0_.status as status4_3_, site0_.status_time as status_t5_3_, site0_.url as url6_3_ from site site0_ where site0_.status=?
2026-04-25 23:38:47 - Registering last query statement [HikariProxyPreparedStatement@1129963877 wrapping select site0_.id as id1_3_, site0_.last_error as last_err2_3_, site0_.name as name3_3_, site0_.status as status4_3_, site0_.status_time as status_t5_3_, site0_.url as url6_3_ from site site0_ where site0_.status=?]
2026-04-25 23:38:47 - binding parameter [1] as [VARCHAR] - [INDEXED]
2026-04-25 23:38:47 - Starting after statement execution processing [ON_CLOSE]
2026-04-25 23:38:47 - Initializing non-lazy collections
2026-04-25 23:38:47 - begin
2026-04-25 23:38:47 - Located HQL query plan in cache (select generatedAlias0 from Site as generatedAlias0)
2026-04-25 23:38:47 - Find: select generatedAlias0 from Site as generatedAlias0
2026-04-25 23:38:47 - Named parameters: {}
2026-04-25 23:38:47 - select site0_.id as id1_3_, site0_.last_error as last_err2_3_, site0_.name as name3_3_, site0_.status as status4_3_, site0_.status_time as status_t5_3_, site0_.url as url6_3_ from site site0_
2026-04-25 23:38:47 - Closing JDBC container [org.hibernate.engine.jdbc.internal.JdbcCoordinatorImpl@39099900]
2026-04-25 23:38:47 - Registering last query statement [HikariProxyPreparedStatement@1312616467 wrapping select site0_.id as id1_3_, site0_.last_error as last_err2_3_, site0_.name as name3_3_, site0_.status as status4_3_, site0_.status_time as status_t5_3_, site0_.url as url6_3_ from site site0_]
2026-04-25 23:38:47 - Resolving attributes for [searchengine.model.Site#128]
2026-04-25 23:38:47 - Processing attribute `lastError` : value = Индексация остановлена пользователем
2026-04-25 23:38:47 - Attribute (`lastError`)  - enhanced for lazy-loading? - false
2026-04-25 23:38:47 - Processing attribute `name` : value = КИБЕРЛЕНИНКА
2026-04-25 23:38:47 - Attribute (`name`)  - enhanced for lazy-loading? - false
2026-04-25 23:38:47 - Processing attribute `pages` : value = NOT NULL COLLECTION
2026-04-25 23:38:47 - Attribute (`pages`)  - enhanced for lazy-loading? - false
2026-04-25 23:38:47 - Processing attribute `status` : value = FAILED
2026-04-25 23:38:47 - Attribute (`status`)  - enhanced for lazy-loading? - false
2026-04-25 23:38:47 - Processing attribute `statusTime` : value = 2026-04-19T22:03:38.655614
2026-04-25 23:38:47 - Attribute (`statusTime`)  - enhanced for lazy-loading? - false
2026-04-25 23:38:47 - Processing attribute `url` : value = https://cyberleninka.ru/
2026-04-25 23:38:47 - Attribute (`url`)  - enhanced for lazy-loading? - false
2026-04-25 23:38:47 - Done materializing entity [searchengine.model.Site#128]
2026-04-25 23:38:47 - Resolving attributes for [searchengine.model.Site#129]
2026-04-25 23:38:47 - Processing attribute `lastError` : value = Индексация остановлена пользователем
2026-04-25 23:38:47 - Attribute (`lastError`)  - enhanced for lazy-loading? - false
2026-04-25 23:38:47 - Processing attribute `name` : value = Журнал: Аграрная наука
2026-04-25 23:38:47 - Attribute (`name`)  - enhanced for lazy-loading? - false
2026-04-25 23:38:47 - Processing attribute `pages` : value = NOT NULL COLLECTION
2026-04-25 23:38:47 - Attribute (`pages`)  - enhanced for lazy-loading? - false
2026-04-25 23:38:47 - Processing attribute `status` : value = FAILED
2026-04-25 23:38:47 - Attribute (`status`)  - enhanced for lazy-loading? - false
2026-04-25 23:38:47 - Processing attribute `statusTime` : value = 2026-04-19T22:03:38.620442
2026-04-25 23:38:47 - Attribute (`statusTime`)  - enhanced for lazy-loading? - false
2026-04-25 23:38:47 - Processing attribute `url` : value = https://www.vetpress.ru/jour
2026-04-25 23:38:47 - Attribute (`url`)  - enhanced for lazy-loading? - false
2026-04-25 23:38:47 - Done materializing entity [searchengine.model.Site#129]
2026-04-25 23:38:47 - Starting after statement execution processing [ON_CLOSE]
2026-04-25 23:38:47 - Initializing non-lazy collections
2026-04-25 23:38:47 - committing
2026-04-25 23:38:47 - Closing JDBC container [org.hibernate.engine.jdbc.internal.JdbcCoordinatorImpl@8953b39]
2026-04-25 23:38:47 - Located HQL query plan in cache (select count(generatedAlias0) from Page as generatedAlias0 where generatedAlias0.site=:param0)
2026-04-25 23:38:47 - Find: select count(generatedAlias0) from Page as generatedAlias0 where generatedAlias0.site=:param0
2026-04-25 23:38:47 - Named parameters: {param0=searchengine.model.Site#128}
2026-04-25 23:38:47 - select count(page0_.id) as col_0_0_ from page page0_ where page0_.site_id=?
2026-04-25 23:38:47 - Registering last query statement [HikariProxyPreparedStatement@1127216694 wrapping select count(page0_.id) as col_0_0_ from page page0_ where page0_.site_id=?]
2026-04-25 23:38:47 - binding parameter [1] as [INTEGER] - [128]
2026-04-25 23:38:47 - Starting after statement execution processing [ON_CLOSE]
2026-04-25 23:38:47 - Initializing non-lazy collections
2026-04-25 23:38:47 - Located HQL query plan in cache (select count(generatedAlias0) from Lemma as generatedAlias0 where generatedAlias0.site=:param0)
2026-04-25 23:38:47 - Find: select count(generatedAlias0) from Lemma as generatedAlias0 where generatedAlias0.site=:param0
2026-04-25 23:38:47 - Named parameters: {param0=searchengine.model.Site#128}
2026-04-25 23:38:47 - select count(lemma0_.id) as col_0_0_ from lemma lemma0_ where lemma0_.site_id=?
2026-04-25 23:38:47 - Registering last query statement [HikariProxyPreparedStatement@905695821 wrapping select count(lemma0_.id) as col_0_0_ from lemma lemma0_ where lemma0_.site_id=?]
2026-04-25 23:38:47 - binding parameter [1] as [INTEGER] - [128]
2026-04-25 23:38:47 - Closing JDBC container [org.hibernate.engine.jdbc.internal.JdbcCoordinatorImpl@a8b4d6c]
2026-04-25 23:38:47 - Closing JDBC container [org.hibernate.engine.jdbc.internal.JdbcCoordinatorImpl@3c645203]
2026-04-25 23:38:47 - Starting after statement execution processing [ON_CLOSE]
2026-04-25 23:38:47 - Initializing non-lazy collections
2026-04-25 23:38:47 - Located HQL query plan in cache (select count(generatedAlias0) from Topic as generatedAlias0 left join generatedAlias0.site as generatedAlias1 where generatedAlias1.id=:param0)
2026-04-25 23:38:47 - Find: select count(generatedAlias0) from Topic as generatedAlias0 left join generatedAlias0.site as generatedAlias1 where generatedAlias1.id=:param0
2026-04-25 23:38:47 - Named parameters: {param0=128}
2026-04-25 23:38:47 - select count(topic0_.id) as col_0_0_ from topic topic0_ left outer join site site1_ on topic0_.site_id=site1_.id where site1_.id=?
2026-04-25 23:38:47 - Registering last query statement [HikariProxyPreparedStatement@150757321 wrapping select count(topic0_.id) as col_0_0_ from topic topic0_ left outer join site site1_ on topic0_.site_id=site1_.id where site1_.id=?]
2026-04-25 23:38:47 - binding parameter [1] as [INTEGER] - [128]
2026-04-25 23:38:47 - Starting after statement execution processing [ON_CLOSE]
2026-04-25 23:38:47 - Initializing non-lazy collections
2026-04-25 23:38:47 - Located HQL query plan in cache (select count(generatedAlias0) from Page as generatedAlias0 where generatedAlias0.site=:param0)
2026-04-25 23:38:47 - Find: select count(generatedAlias0) from Page as generatedAlias0 where generatedAlias0.site=:param0
2026-04-25 23:38:47 - Named parameters: {param0=searchengine.model.Site#129}
2026-04-25 23:38:47 - select count(page0_.id) as col_0_0_ from page page0_ where page0_.site_id=?
2026-04-25 23:38:47 - Registering last query statement [HikariProxyPreparedStatement@258685959 wrapping select count(page0_.id) as col_0_0_ from page page0_ where page0_.site_id=?]
2026-04-25 23:38:47 - binding parameter [1] as [INTEGER] - [129]
2026-04-25 23:38:47 - Starting after statement execution processing [ON_CLOSE]
2026-04-25 23:38:47 - Initializing non-lazy collections
2026-04-25 23:38:47 - Located HQL query plan in cache (select count(generatedAlias0) from Lemma as generatedAlias0 where generatedAlias0.site=:param0)
2026-04-25 23:38:47 - Find: select count(generatedAlias0) from Lemma as generatedAlias0 where generatedAlias0.site=:param0
2026-04-25 23:38:47 - Named parameters: {param0=searchengine.model.Site#129}
2026-04-25 23:38:47 - select count(lemma0_.id) as col_0_0_ from lemma lemma0_ where lemma0_.site_id=?
2026-04-25 23:38:47 - Registering last query statement [HikariProxyPreparedStatement@630519800 wrapping select count(lemma0_.id) as col_0_0_ from lemma lemma0_ where lemma0_.site_id=?]
2026-04-25 23:38:47 - binding parameter [1] as [INTEGER] - [129]
2026-04-25 23:38:47 - Starting after statement execution processing [ON_CLOSE]
2026-04-25 23:38:47 - Initializing non-lazy collections
2026-04-25 23:38:47 - Located HQL query plan in cache (select count(generatedAlias0) from Topic as generatedAlias0 left join generatedAlias0.site as generatedAlias1 where generatedAlias1.id=:param0)
2026-04-25 23:38:47 - Find: select count(generatedAlias0) from Topic as generatedAlias0 left join generatedAlias0.site as generatedAlias1 where generatedAlias1.id=:param0
2026-04-25 23:38:47 - Named parameters: {param0=129}
2026-04-25 23:38:47 - select count(topic0_.id) as col_0_0_ from topic topic0_ left outer join site site1_ on topic0_.site_id=site1_.id where site1_.id=?
2026-04-25 23:38:47 - Registering last query statement [HikariProxyPreparedStatement@1477444838 wrapping select count(topic0_.id) as col_0_0_ from topic topic0_ left outer join site site1_ on topic0_.site_id=site1_.id where site1_.id=?]
2026-04-25 23:38:47 - binding parameter [1] as [INTEGER] - [129]
2026-04-25 23:38:47 - Starting after statement execution processing [ON_CLOSE]
2026-04-25 23:38:47 - Initializing non-lazy collections
2026-04-25 23:38:47 - Closing JDBC container [org.hibernate.engine.jdbc.internal.JdbcCoordinatorImpl@4aec15fa]
2026-04-25 23:38:48 - Closing JDBC container [org.hibernate.engine.jdbc.internal.JdbcCoordinatorImpl@2d74cd00]
2026-04-25 23:38:48 - Closing JDBC container [org.hibernate.engine.jdbc.internal.JdbcCoordinatorImpl@6e8b5469]
2026-04-25 23:38:48 - Closing JDBC container [org.hibernate.engine.jdbc.internal.JdbcCoordinatorImpl@76266a9e]
2026-04-25 23:38:48 - Closing JDBC container [org.hibernate.engine.jdbc.internal.JdbcCoordinatorImpl@1e7bf976]
2026-04-25 23:38:48 - Closing JDBC container [org.hibernate.engine.jdbc.internal.JdbcCoordinatorImpl@7f9c9f3b]
2026-04-25 23:38:48 - Closing JDBC container [org.hibernate.engine.jdbc.internal.JdbcCoordinatorImpl@f225a2f]
2026-04-25 23:38:48 - Closing JDBC container [org.hibernate.engine.jdbc.internal.JdbcCoordinatorImpl@78cae3e5]
2026-04-25 23:38:48 - Closing JDBC container [org.hibernate.engine.jdbc.internal.JdbcCoordinatorImpl@17534fb7]
2026-04-25 23:38:48 - Closing JDBC container [org.hibernate.engine.jdbc.internal.JdbcCoordinatorImpl@62b5d2b7]
2026-04-25 23:38:48 - Closing JDBC container [org.hibernate.engine.jdbc.internal.JdbcCoordinatorImpl@15cf41d9]
2026-04-25 23:38:48 - Closing JDBC container [org.hibernate.engine.jdbc.internal.JdbcCoordinatorImpl@3e3d0b08]
2026-04-25 23:38:48 - Closing JDBC container [org.hibernate.engine.jdbc.internal.JdbcCoordinatorImpl@28be5686]
2026-04-25 23:38:48 - Closing JDBC container [org.hibernate.engine.jdbc.internal.JdbcCoordinatorImpl@765f91d1]
2026-04-25 23:38:48 - Closing JDBC container [org.hibernate.engine.jdbc.internal.JdbcCoordinatorImpl@674c6168]
2026-04-25 23:38:48 - On TransactionImpl creation, JpaCompliance#isJpaTransactionComplianceEnabled == false
2026-04-25 23:38:48 - begin
2026-04-25 23:38:48 - Located HQL query plan in cache (select count(*) from Site x)
2026-04-25 23:38:48 - Find: select count(*) from Site x
2026-04-25 23:38:48 - Named parameters: {}
2026-04-25 23:38:48 - select count(*) as col_0_0_ from site site0_
2026-04-25 23:38:48 - Registering last query statement [HikariProxyPreparedStatement@1356479811 wrapping select count(*) as col_0_0_ from site site0_]
2026-04-25 23:38:48 - Starting after statement execution processing [ON_CLOSE]
2026-04-25 23:38:48 - Initializing non-lazy collections
2026-04-25 23:38:48 - committing
2026-04-25 23:38:48 - begin
2026-04-25 23:38:48 - Located HQL query plan in cache (select count(*) from Page x)
2026-04-25 23:38:48 - Find: select count(*) from Page x
2026-04-25 23:38:48 - Named parameters: {}
2026-04-25 23:38:48 - select count(*) as col_0_0_ from page page0_
2026-04-25 23:38:48 - Registering last query statement [HikariProxyPreparedStatement@90742148 wrapping select count(*) as col_0_0_ from page page0_]
2026-04-25 23:38:48 - Starting after statement execution processing [ON_CLOSE]
2026-04-25 23:38:48 - Initializing non-lazy collections
2026-04-25 23:38:48 - committing
2026-04-25 23:38:48 - begin
2026-04-25 23:38:48 - Located HQL query plan in cache (select count(*) from Lemma x)
2026-04-25 23:38:48 - Find: select count(*) from Lemma x
2026-04-25 23:38:48 - Named parameters: {}
2026-04-25 23:38:48 - select count(*) as col_0_0_ from lemma lemma0_
2026-04-25 23:38:48 - Registering last query statement [HikariProxyPreparedStatement@265177181 wrapping select count(*) as col_0_0_ from lemma lemma0_]
2026-04-25 23:38:48 - Starting after statement execution processing [ON_CLOSE]
2026-04-25 23:38:48 - Initializing non-lazy collections
2026-04-25 23:38:48 - committing
2026-04-25 23:38:48 - Located HQL query plan in cache (select generatedAlias0 from Site as generatedAlias0 where generatedAlias0.status=:param0)
2026-04-25 23:38:48 - Find: select generatedAlias0 from Site as generatedAlias0 where generatedAlias0.status=:param0
2026-04-25 23:38:48 - Named parameters: {param0=INDEXED}
2026-04-25 23:38:48 - select site0_.id as id1_3_, site0_.last_error as last_err2_3_, site0_.name as name3_3_, site0_.status as status4_3_, site0_.status_time as status_t5_3_, site0_.url as url6_3_ from site site0_ where site0_.status=?
2026-04-25 23:38:48 - Registering last query statement [HikariProxyPreparedStatement@599400137 wrapping select site0_.id as id1_3_, site0_.last_error as last_err2_3_, site0_.name as name3_3_, site0_.status as status4_3_, site0_.status_time as status_t5_3_, site0_.url as url6_3_ from site site0_ where site0_.status=?]
2026-04-25 23:38:48 - binding parameter [1] as [VARCHAR] - [INDEXED]
2026-04-25 23:38:48 - Starting after statement execution processing [ON_CLOSE]
2026-04-25 23:38:48 - Initializing non-lazy collections
2026-04-25 23:38:48 - begin
2026-04-25 23:38:48 - Located HQL query plan in cache (select generatedAlias0 from Site as generatedAlias0)
2026-04-25 23:38:48 - Find: select generatedAlias0 from Site as generatedAlias0
2026-04-25 23:38:48 - Named parameters: {}
2026-04-25 23:38:48 - select site0_.id as id1_3_, site0_.last_error as last_err2_3_, site0_.name as name3_3_, site0_.status as status4_3_, site0_.status_time as status_t5_3_, site0_.url as url6_3_ from site site0_
2026-04-25 23:38:48 - Registering last query statement [HikariProxyPreparedStatement@832449545 wrapping select site0_.id as id1_3_, site0_.last_error as last_err2_3_, site0_.name as name3_3_, site0_.status as status4_3_, site0_.status_time as status_t5_3_, site0_.url as url6_3_ from site site0_]
2026-04-25 23:38:48 - Resolving attributes for [searchengine.model.Site#128]
2026-04-25 23:38:48 - Processing attribute `lastError` : value = Индексация остановлена пользователем
2026-04-25 23:38:48 - Attribute (`lastError`)  - enhanced for lazy-loading? - false
2026-04-25 23:38:48 - Processing attribute `name` : value = КИБЕРЛЕНИНКА
2026-04-25 23:38:48 - Attribute (`name`)  - enhanced for lazy-loading? - false
2026-04-25 23:38:48 - Processing attribute `pages` : value = NOT NULL COLLECTION
2026-04-25 23:38:48 - Attribute (`pages`)  - enhanced for lazy-loading? - false
2026-04-25 23:38:48 - Processing attribute `status` : value = FAILED
2026-04-25 23:38:48 - Attribute (`status`)  - enhanced for lazy-loading? - false
2026-04-25 23:38:48 - Processing attribute `statusTime` : value = 2026-04-19T22:03:38.655614
2026-04-25 23:38:48 - Attribute (`statusTime`)  - enhanced for lazy-loading? - false
2026-04-25 23:38:48 - Processing attribute `url` : value = https://cyberleninka.ru/
2026-04-25 23:38:48 - Attribute (`url`)  - enhanced for lazy-loading? - false
2026-04-25 23:38:48 - Done materializing entity [searchengine.model.Site#128]
2026-04-25 23:38:48 - Resolving attributes for [searchengine.model.Site#129]
2026-04-25 23:38:48 - Processing attribute `lastError` : value = Индексация остановлена пользователем
2026-04-25 23:38:48 - Attribute (`lastError`)  - enhanced for lazy-loading? - false
2026-04-25 23:38:48 - Processing attribute `name` : value = Журнал: Аграрная наука
2026-04-25 23:38:48 - Attribute (`name`)  - enhanced for lazy-loading? - false
2026-04-25 23:38:48 - Processing attribute `pages` : value = NOT NULL COLLECTION
2026-04-25 23:38:48 - Attribute (`pages`)  - enhanced for lazy-loading? - false
2026-04-25 23:38:48 - Processing attribute `status` : value = FAILED
2026-04-25 23:38:48 - Attribute (`status`)  - enhanced for lazy-loading? - false
2026-04-25 23:38:48 - Processing attribute `statusTime` : value = 2026-04-19T22:03:38.620442
2026-04-25 23:38:48 - Attribute (`statusTime`)  - enhanced for lazy-loading? - false
2026-04-25 23:38:48 - Processing attribute `url` : value = https://www.vetpress.ru/jour
2026-04-25 23:38:48 - Attribute (`url`)  - enhanced for lazy-loading? - false
2026-04-25 23:38:48 - Done materializing entity [searchengine.model.Site#129]
2026-04-25 23:38:48 - Closing JDBC container [org.hibernate.engine.jdbc.internal.JdbcCoordinatorImpl@78b64ffa]
2026-04-25 23:38:48 - Starting after statement execution processing [ON_CLOSE]
2026-04-25 23:38:48 - Initializing non-lazy collections
2026-04-25 23:38:48 - committing
2026-04-25 23:38:48 - Located HQL query plan in cache (select count(generatedAlias0) from Page as generatedAlias0 where generatedAlias0.site=:param0)
2026-04-25 23:38:48 - Find: select count(generatedAlias0) from Page as generatedAlias0 where generatedAlias0.site=:param0
2026-04-25 23:38:48 - Named parameters: {param0=searchengine.model.Site#128}
2026-04-25 23:38:48 - select count(page0_.id) as col_0_0_ from page page0_ where page0_.site_id=?
2026-04-25 23:38:48 - Registering last query statement [HikariProxyPreparedStatement@759146971 wrapping select count(page0_.id) as col_0_0_ from page page0_ where page0_.site_id=?]
2026-04-25 23:38:48 - binding parameter [1] as [INTEGER] - [128]
2026-04-25 23:38:48 - Starting after statement execution processing [ON_CLOSE]
2026-04-25 23:38:48 - Initializing non-lazy collections
2026-04-25 23:38:48 - Located HQL query plan in cache (select count(generatedAlias0) from Lemma as generatedAlias0 where generatedAlias0.site=:param0)
2026-04-25 23:38:48 - Find: select count(generatedAlias0) from Lemma as generatedAlias0 where generatedAlias0.site=:param0
2026-04-25 23:38:48 - Named parameters: {param0=searchengine.model.Site#128}
2026-04-25 23:38:48 - select count(lemma0_.id) as col_0_0_ from lemma lemma0_ where lemma0_.site_id=?
2026-04-25 23:38:48 - Registering last query statement [HikariProxyPreparedStatement@424674483 wrapping select count(lemma0_.id) as col_0_0_ from lemma lemma0_ where lemma0_.site_id=?]
2026-04-25 23:38:48 - binding parameter [1] as [INTEGER] - [128]
2026-04-25 23:38:48 - Closing JDBC container [org.hibernate.engine.jdbc.internal.JdbcCoordinatorImpl@3adbb760]
2026-04-25 23:38:48 - Starting after statement execution processing [ON_CLOSE]
2026-04-25 23:38:48 - Initializing non-lazy collections
2026-04-25 23:38:48 - Located HQL query plan in cache (select count(generatedAlias0) from Topic as generatedAlias0 left join generatedAlias0.site as generatedAlias1 where generatedAlias1.id=:param0)
2026-04-25 23:38:48 - Find: select count(generatedAlias0) from Topic as generatedAlias0 left join generatedAlias0.site as generatedAlias1 where generatedAlias1.id=:param0
2026-04-25 23:38:48 - Named parameters: {param0=128}
2026-04-25 23:38:48 - select count(topic0_.id) as col_0_0_ from topic topic0_ left outer join site site1_ on topic0_.site_id=site1_.id where site1_.id=?
2026-04-25 23:38:48 - Registering last query statement [HikariProxyPreparedStatement@1523116376 wrapping select count(topic0_.id) as col_0_0_ from topic topic0_ left outer join site site1_ on topic0_.site_id=site1_.id where site1_.id=?]
2026-04-25 23:38:48 - binding parameter [1] as [INTEGER] - [128]
2026-04-25 23:38:48 - Closing JDBC container [org.hibernate.engine.jdbc.internal.JdbcCoordinatorImpl@23c81364]
2026-04-25 23:38:48 - Starting after statement execution processing [ON_CLOSE]
2026-04-25 23:38:48 - Initializing non-lazy collections
2026-04-25 23:38:48 - Located HQL query plan in cache (select count(generatedAlias0) from Page as generatedAlias0 where generatedAlias0.site=:param0)
2026-04-25 23:38:48 - Find: select count(generatedAlias0) from Page as generatedAlias0 where generatedAlias0.site=:param0
2026-04-25 23:38:48 - Named parameters: {param0=searchengine.model.Site#129}
2026-04-25 23:38:48 - select count(page0_.id) as col_0_0_ from page page0_ where page0_.site_id=?
2026-04-25 23:38:48 - Registering last query statement [HikariProxyPreparedStatement@1689263412 wrapping select count(page0_.id) as col_0_0_ from page page0_ where page0_.site_id=?]
2026-04-25 23:38:48 - binding parameter [1] as [INTEGER] - [129]
2026-04-25 23:38:48 - Starting after statement execution processing [ON_CLOSE]
2026-04-25 23:38:48 - Initializing non-lazy collections
2026-04-25 23:38:48 - Located HQL query plan in cache (select count(generatedAlias0) from Lemma as generatedAlias0 where generatedAlias0.site=:param0)
2026-04-25 23:38:48 - Find: select count(generatedAlias0) from Lemma as generatedAlias0 where generatedAlias0.site=:param0
2026-04-25 23:38:48 - Named parameters: {param0=searchengine.model.Site#129}
2026-04-25 23:38:48 - select count(lemma0_.id) as col_0_0_ from lemma lemma0_ where lemma0_.site_id=?
2026-04-25 23:38:48 - Registering last query statement [HikariProxyPreparedStatement@1019642567 wrapping select count(lemma0_.id) as col_0_0_ from lemma lemma0_ where lemma0_.site_id=?]
2026-04-25 23:38:48 - binding parameter [1] as [INTEGER] - [129]
2026-04-25 23:38:48 - Closing JDBC container [org.hibernate.engine.jdbc.internal.JdbcCoordinatorImpl@7407ebd9]
2026-04-25 23:38:48 - Starting after statement execution processing [ON_CLOSE]
2026-04-25 23:38:48 - Initializing non-lazy collections
2026-04-25 23:38:48 - Located HQL query plan in cache (select count(generatedAlias0) from Topic as generatedAlias0 left join generatedAlias0.site as generatedAlias1 where generatedAlias1.id=:param0)
2026-04-25 23:38:48 - Find: select count(generatedAlias0) from Topic as generatedAlias0 left join generatedAlias0.site as generatedAlias1 where generatedAlias1.id=:param0
2026-04-25 23:38:48 - Named parameters: {param0=129}
2026-04-25 23:38:48 - select count(topic0_.id) as col_0_0_ from topic topic0_ left outer join site site1_ on topic0_.site_id=site1_.id where site1_.id=?
2026-04-25 23:38:48 - Registering last query statement [HikariProxyPreparedStatement@1113591638 wrapping select count(topic0_.id) as col_0_0_ from topic topic0_ left outer join site site1_ on topic0_.site_id=site1_.id where site1_.id=?]
2026-04-25 23:38:48 - binding parameter [1] as [INTEGER] - [129]
2026-04-25 23:38:48 - Starting after statement execution processing [ON_CLOSE]
2026-04-25 23:38:48 - Initializing non-lazy collections
2026-04-25 23:38:48 - Closing JDBC container [org.hibernate.engine.jdbc.internal.JdbcCoordinatorImpl@22e50878]
2026-04-25 23:38:48 - Closing JDBC container [org.hibernate.engine.jdbc.internal.JdbcCoordinatorImpl@40856607]
2026-04-25 23:38:48 - Closing JDBC container [org.hibernate.engine.jdbc.internal.JdbcCoordinatorImpl@12e301f7]
2026-04-25 23:38:48 - Closing JDBC container [org.hibernate.engine.jdbc.internal.JdbcCoordinatorImpl@3f3115d0]
2026-04-25 23:38:48 - Closing JDBC container [org.hibernate.engine.jdbc.internal.JdbcCoordinatorImpl@4fb1481c]
2026-04-25 23:38:48 - Closing JDBC container [org.hibernate.engine.jdbc.internal.JdbcCoordinatorImpl@388c4dd2]
2026-04-25 23:38:48 - Closing JDBC container [org.hibernate.engine.jdbc.internal.JdbcCoordinatorImpl@12783518]
2026-04-25 23:38:48 - Closing JDBC container [org.hibernate.engine.jdbc.internal.JdbcCoordinatorImpl@65b8a34]
2026-04-25 23:38:48 - Closing JDBC container [org.hibernate.engine.jdbc.internal.JdbcCoordinatorImpl@20b534f0]
2026-04-25 23:38:48 - Closing JDBC container [org.hibernate.engine.jdbc.internal.JdbcCoordinatorImpl@20148238]
2026-04-25 23:38:48 - Closing JDBC container [org.hibernate.engine.jdbc.internal.JdbcCoordinatorImpl@35e8ae31]
2026-04-25 23:38:48 - Closing JDBC container [org.hibernate.engine.jdbc.internal.JdbcCoordinatorImpl@1a3a8e5e]
2026-04-25 23:38:48 - Closing JDBC container [org.hibernate.engine.jdbc.internal.JdbcCoordinatorImpl@8fc833d]
2026-04-25 23:38:48 - Closing JDBC container [org.hibernate.engine.jdbc.internal.JdbcCoordinatorImpl@6b09f66f]
2026-04-25 23:38:48 - Closing JDBC container [org.hibernate.engine.jdbc.internal.JdbcCoordinatorImpl@61656f05]
2026-04-25 23:38:48 - On TransactionImpl creation, JpaCompliance#isJpaTransactionComplianceEnabled == false
2026-04-25 23:38:48 - begin
2026-04-25 23:38:48 - Located HQL query plan in cache (select count(*) from Site x)
2026-04-25 23:38:48 - Find: select count(*) from Site x
2026-04-25 23:38:48 - Named parameters: {}
2026-04-25 23:38:48 - select count(*) as col_0_0_ from site site0_
2026-04-25 23:38:48 - Registering last query statement [HikariProxyPreparedStatement@482197374 wrapping select count(*) as col_0_0_ from site site0_]
2026-04-25 23:38:48 - Starting after statement execution processing [ON_CLOSE]
2026-04-25 23:38:48 - Initializing non-lazy collections
2026-04-25 23:38:48 - committing
2026-04-25 23:38:48 - begin
2026-04-25 23:38:48 - Located HQL query plan in cache (select count(*) from Page x)
2026-04-25 23:38:48 - Find: select count(*) from Page x
2026-04-25 23:38:48 - Named parameters: {}
2026-04-25 23:38:48 - select count(*) as col_0_0_ from page page0_
2026-04-25 23:38:48 - Registering last query statement [HikariProxyPreparedStatement@1820606716 wrapping select count(*) as col_0_0_ from page page0_]
2026-04-25 23:38:48 - Starting after statement execution processing [ON_CLOSE]
2026-04-25 23:38:48 - Initializing non-lazy collections
2026-04-25 23:38:48 - committing
2026-04-25 23:38:48 - begin
2026-04-25 23:38:48 - Located HQL query plan in cache (select count(*) from Lemma x)
2026-04-25 23:38:48 - Find: select count(*) from Lemma x
2026-04-25 23:38:48 - Named parameters: {}
2026-04-25 23:38:48 - select count(*) as col_0_0_ from lemma lemma0_
2026-04-25 23:38:48 - Registering last query statement [HikariProxyPreparedStatement@391450063 wrapping select count(*) as col_0_0_ from lemma lemma0_]
2026-04-25 23:38:48 - Starting after statement execution processing [ON_CLOSE]
2026-04-25 23:38:48 - Initializing non-lazy collections
2026-04-25 23:38:48 - committing
2026-04-25 23:38:48 - Located HQL query plan in cache (select generatedAlias0 from Site as generatedAlias0 where generatedAlias0.status=:param0)
2026-04-25 23:38:48 - Find: select generatedAlias0 from Site as generatedAlias0 where generatedAlias0.status=:param0
2026-04-25 23:38:48 - Named parameters: {param0=INDEXED}
2026-04-25 23:38:48 - select site0_.id as id1_3_, site0_.last_error as last_err2_3_, site0_.name as name3_3_, site0_.status as status4_3_, site0_.status_time as status_t5_3_, site0_.url as url6_3_ from site site0_ where site0_.status=?
2026-04-25 23:38:48 - Registering last query statement [HikariProxyPreparedStatement@1309484093 wrapping select site0_.id as id1_3_, site0_.last_error as last_err2_3_, site0_.name as name3_3_, site0_.status as status4_3_, site0_.status_time as status_t5_3_, site0_.url as url6_3_ from site site0_ where site0_.status=?]
2026-04-25 23:38:48 - binding parameter [1] as [VARCHAR] - [INDEXED]
2026-04-25 23:38:48 - Starting after statement execution processing [ON_CLOSE]
2026-04-25 23:38:48 - Initializing non-lazy collections
2026-04-25 23:38:48 - begin
2026-04-25 23:38:48 - Located HQL query plan in cache (select generatedAlias0 from Site as generatedAlias0)
2026-04-25 23:38:48 - Find: select generatedAlias0 from Site as generatedAlias0
2026-04-25 23:38:48 - Named parameters: {}
2026-04-25 23:38:48 - select site0_.id as id1_3_, site0_.last_error as last_err2_3_, site0_.name as name3_3_, site0_.status as status4_3_, site0_.status_time as status_t5_3_, site0_.url as url6_3_ from site site0_
2026-04-25 23:38:48 - Registering last query statement [HikariProxyPreparedStatement@128412458 wrapping select site0_.id as id1_3_, site0_.last_error as last_err2_3_, site0_.name as name3_3_, site0_.status as status4_3_, site0_.status_time as status_t5_3_, site0_.url as url6_3_ from site site0_]
2026-04-25 23:38:48 - Resolving attributes for [searchengine.model.Site#128]
2026-04-25 23:38:48 - Processing attribute `lastError` : value = Индексация остановлена пользователем
2026-04-25 23:38:48 - Attribute (`lastError`)  - enhanced for lazy-loading? - false
2026-04-25 23:38:48 - Processing attribute `name` : value = КИБЕРЛЕНИНКА
2026-04-25 23:38:48 - Attribute (`name`)  - enhanced for lazy-loading? - false
2026-04-25 23:38:48 - Processing attribute `pages` : value = NOT NULL COLLECTION
2026-04-25 23:38:48 - Attribute (`pages`)  - enhanced for lazy-loading? - false
2026-04-25 23:38:48 - Processing attribute `status` : value = FAILED
2026-04-25 23:38:48 - Attribute (`status`)  - enhanced for lazy-loading? - false
2026-04-25 23:38:48 - Processing attribute `statusTime` : value = 2026-04-19T22:03:38.655614
2026-04-25 23:38:48 - Attribute (`statusTime`)  - enhanced for lazy-loading? - false
2026-04-25 23:38:48 - Processing attribute `url` : value = https://cyberleninka.ru/
2026-04-25 23:38:48 - Attribute (`url`)  - enhanced for lazy-loading? - false
2026-04-25 23:38:48 - Done materializing entity [searchengine.model.Site#128]
2026-04-25 23:38:48 - Resolving attributes for [searchengine.model.Site#129]
2026-04-25 23:38:48 - Processing attribute `lastError` : value = Индексация остановлена пользователем
2026-04-25 23:38:48 - Attribute (`lastError`)  - enhanced for lazy-loading? - false
2026-04-25 23:38:48 - Processing attribute `name` : value = Журнал: Аграрная наука
2026-04-25 23:38:48 - Attribute (`name`)  - enhanced for lazy-loading? - false
2026-04-25 23:38:48 - Processing attribute `pages` : value = NOT NULL COLLECTION
2026-04-25 23:38:48 - Attribute (`pages`)  - enhanced for lazy-loading? - false
2026-04-25 23:38:48 - Processing attribute `status` : value = FAILED
2026-04-25 23:38:48 - Attribute (`status`)  - enhanced for lazy-loading? - false
2026-04-25 23:38:48 - Processing attribute `statusTime` : value = 2026-04-19T22:03:38.620442
2026-04-25 23:38:48 - Attribute (`statusTime`)  - enhanced for lazy-loading? - false
2026-04-25 23:38:48 - Processing attribute `url` : value = https://www.vetpress.ru/jour
2026-04-25 23:38:48 - Attribute (`url`)  - enhanced for lazy-loading? - false
2026-04-25 23:38:48 - Done materializing entity [searchengine.model.Site#129]
2026-04-25 23:38:48 - Starting after statement execution processing [ON_CLOSE]
2026-04-25 23:38:48 - Initializing non-lazy collections
2026-04-25 23:38:48 - committing
2026-04-25 23:38:48 - Closing JDBC container [org.hibernate.engine.jdbc.internal.JdbcCoordinatorImpl@1d25b883]
2026-04-25 23:38:48 - Located HQL query plan in cache (select count(generatedAlias0) from Page as generatedAlias0 where generatedAlias0.site=:param0)
2026-04-25 23:38:48 - Find: select count(generatedAlias0) from Page as generatedAlias0 where generatedAlias0.site=:param0
2026-04-25 23:38:48 - Named parameters: {param0=searchengine.model.Site#128}
2026-04-25 23:38:48 - select count(page0_.id) as col_0_0_ from page page0_ where page0_.site_id=?
2026-04-25 23:38:48 - Registering last query statement [HikariProxyPreparedStatement@1258669924 wrapping select count(page0_.id) as col_0_0_ from page page0_ where page0_.site_id=?]
2026-04-25 23:38:48 - binding parameter [1] as [INTEGER] - [128]
2026-04-25 23:38:48 - Starting after statement execution processing [ON_CLOSE]
2026-04-25 23:38:48 - Initializing non-lazy collections
2026-04-25 23:38:48 - Located HQL query plan in cache (select count(generatedAlias0) from Lemma as generatedAlias0 where generatedAlias0.site=:param0)
2026-04-25 23:38:48 - Find: select count(generatedAlias0) from Lemma as generatedAlias0 where generatedAlias0.site=:param0
2026-04-25 23:38:48 - Named parameters: {param0=searchengine.model.Site#128}
2026-04-25 23:38:48 - Closing JDBC container [org.hibernate.engine.jdbc.internal.JdbcCoordinatorImpl@5726fd42]
2026-04-25 23:38:48 - select count(lemma0_.id) as col_0_0_ from lemma lemma0_ where lemma0_.site_id=?
2026-04-25 23:38:48 - Registering last query statement [HikariProxyPreparedStatement@1635302852 wrapping select count(lemma0_.id) as col_0_0_ from lemma lemma0_ where lemma0_.site_id=?]
2026-04-25 23:38:48 - binding parameter [1] as [INTEGER] - [128]
2026-04-25 23:38:48 - Closing JDBC container [org.hibernate.engine.jdbc.internal.JdbcCoordinatorImpl@7e81a91a]
2026-04-25 23:38:48 - Closing JDBC container [org.hibernate.engine.jdbc.internal.JdbcCoordinatorImpl@3b365ece]
2026-04-25 23:38:48 - Starting after statement execution processing [ON_CLOSE]
2026-04-25 23:38:48 - Initializing non-lazy collections
2026-04-25 23:38:48 - Located HQL query plan in cache (select count(generatedAlias0) from Topic as generatedAlias0 left join generatedAlias0.site as generatedAlias1 where generatedAlias1.id=:param0)
2026-04-25 23:38:48 - Find: select count(generatedAlias0) from Topic as generatedAlias0 left join generatedAlias0.site as generatedAlias1 where generatedAlias1.id=:param0
2026-04-25 23:38:48 - Named parameters: {param0=128}
2026-04-25 23:38:48 - select count(topic0_.id) as col_0_0_ from topic topic0_ left outer join site site1_ on topic0_.site_id=site1_.id where site1_.id=?
2026-04-25 23:38:48 - Registering last query statement [HikariProxyPreparedStatement@460529837 wrapping select count(topic0_.id) as col_0_0_ from topic topic0_ left outer join site site1_ on topic0_.site_id=site1_.id where site1_.id=?]
2026-04-25 23:38:48 - binding parameter [1] as [INTEGER] - [128]
2026-04-25 23:38:48 - Starting after statement execution processing [ON_CLOSE]
2026-04-25 23:38:48 - Initializing non-lazy collections
2026-04-25 23:38:48 - Located HQL query plan in cache (select count(generatedAlias0) from Page as generatedAlias0 where generatedAlias0.site=:param0)
2026-04-25 23:38:48 - Find: select count(generatedAlias0) from Page as generatedAlias0 where generatedAlias0.site=:param0
2026-04-25 23:38:48 - Named parameters: {param0=searchengine.model.Site#129}
2026-04-25 23:38:48 - select count(page0_.id) as col_0_0_ from page page0_ where page0_.site_id=?
2026-04-25 23:38:48 - Registering last query statement [HikariProxyPreparedStatement@413507705 wrapping select count(page0_.id) as col_0_0_ from page page0_ where page0_.site_id=?]
2026-04-25 23:38:48 - binding parameter [1] as [INTEGER] - [129]
2026-04-25 23:38:48 - Starting after statement execution processing [ON_CLOSE]
2026-04-25 23:38:48 - Initializing non-lazy collections
2026-04-25 23:38:48 - Located HQL query plan in cache (select count(generatedAlias0) from Lemma as generatedAlias0 where generatedAlias0.site=:param0)
2026-04-25 23:38:48 - Find: select count(generatedAlias0) from Lemma as generatedAlias0 where generatedAlias0.site=:param0
2026-04-25 23:38:48 - Named parameters: {param0=searchengine.model.Site#129}
2026-04-25 23:38:48 - select count(lemma0_.id) as col_0_0_ from lemma lemma0_ where lemma0_.site_id=?
2026-04-25 23:38:48 - Registering last query statement [HikariProxyPreparedStatement@595011837 wrapping select count(lemma0_.id) as col_0_0_ from lemma lemma0_ where lemma0_.site_id=?]
2026-04-25 23:38:48 - binding parameter [1] as [INTEGER] - [129]
2026-04-25 23:38:48 - Starting after statement execution processing [ON_CLOSE]
2026-04-25 23:38:48 - Initializing non-lazy collections
2026-04-25 23:38:48 - Located HQL query plan in cache (select count(generatedAlias0) from Topic as generatedAlias0 left join generatedAlias0.site as generatedAlias1 where generatedAlias1.id=:param0)
2026-04-25 23:38:48 - Find: select count(generatedAlias0) from Topic as generatedAlias0 left join generatedAlias0.site as generatedAlias1 where generatedAlias1.id=:param0
2026-04-25 23:38:48 - Named parameters: {param0=129}
2026-04-25 23:38:48 - select count(topic0_.id) as col_0_0_ from topic topic0_ left outer join site site1_ on topic0_.site_id=site1_.id where site1_.id=?
2026-04-25 23:38:48 - Registering last query statement [HikariProxyPreparedStatement@395819100 wrapping select count(topic0_.id) as col_0_0_ from topic topic0_ left outer join site site1_ on topic0_.site_id=site1_.id where site1_.id=?]
2026-04-25 23:38:48 - binding parameter [1] as [INTEGER] - [129]
2026-04-25 23:38:48 - Starting after statement execution processing [ON_CLOSE]
2026-04-25 23:38:48 - Initializing non-lazy collections
2026-04-25 23:38:48 - Closing JDBC container [org.hibernate.engine.jdbc.internal.JdbcCoordinatorImpl@34168fae]
2026-04-25 23:38:53 - Closing JPA EntityManagerFactory for persistence unit 'default'
2026-04-25 23:38:53 - Cleaning QueryPlan Cache
2026-04-25 23:38:53 - HikariPool-1 - Shutdown initiated...
2026-04-25 23:38:53 - HikariPool-1 - Before shutdown stats (total=10, active=0, idle=10, waiting=0)
2026-04-25 23:38:53 - HikariPool-1 - Closing connection org.postgresql.jdbc.PgConnection@706f6d26: (connection evicted)
2026-04-25 23:38:53 - HikariPool-1 - Closing connection org.postgresql.jdbc.PgConnection@26d3a447: (connection evicted)
2026-04-25 23:38:53 - HikariPool-1 - Closing connection org.postgresql.jdbc.PgConnection@63d12ef9: (connection evicted)
2026-04-25 23:38:53 - HikariPool-1 - Closing connection org.postgresql.jdbc.PgConnection@69b29c9f: (connection evicted)
2026-04-25 23:38:53 - HikariPool-1 - Closing connection org.postgresql.jdbc.PgConnection@3fed1b6: (connection evicted)
2026-04-25 23:38:53 - HikariPool-1 - Closing connection org.postgresql.jdbc.PgConnection@1aa89115: (connection evicted)
2026-04-25 23:38:53 - HikariPool-1 - Closing connection org.postgresql.jdbc.PgConnection@f1d1168: (connection evicted)
2026-04-25 23:38:53 - HikariPool-1 - Closing connection org.postgresql.jdbc.PgConnection@72b63270: (connection evicted)
2026-04-25 23:38:53 - HikariPool-1 - Closing connection org.postgresql.jdbc.PgConnection@7b02ef1: (connection evicted)
2026-04-25 23:38:53 - HikariPool-1 - Closing connection org.postgresql.jdbc.PgConnection@594e372b: (connection evicted)
2026-04-25 23:38:53 - HikariPool-1 - After shutdown stats (total=0, active=0, idle=0, waiting=0)
2026-04-25 23:38:53 - HikariPool-1 - Shutdown completed.
2026-04-25 23:40:35 - Starting Application using Java 17.0.17 on DESKTOP-STM7KQV with PID 22396 (C:\Users\User\IdeaProjects\themes\Searchengine_1\target\classes started by User in C:\Users\User\IdeaProjects\themes)
2026-04-25 23:40:35 - No active profile set, falling back to 1 default profile: "default"
2026-04-25 23:40:36 - Bootstrapping Spring Data JPA repositories in DEFAULT mode.
2026-04-25 23:40:36 - Finished Spring Data repository scanning in 160 ms. Found 7 JPA repository interfaces.
2026-04-25 23:40:37 - Tomcat initialized with port(s): 8080 (http)
2026-04-25 23:40:37 - Starting service [Tomcat]
2026-04-25 23:40:37 - Starting Servlet engine: [Apache Tomcat/9.0.64]
2026-04-25 23:40:37 - Initializing Spring embedded WebApplicationContext
2026-04-25 23:40:37 - Root WebApplicationContext: initialization completed in 2183 ms
2026-04-25 23:40:38 - Driver class org.postgresql.Driver found in Thread context class loader jdk.internal.loader.ClassLoaders$AppClassLoader@1d44bcfa
2026-04-25 23:40:38 - HikariPool-1 - configuration:
2026-04-25 23:40:38 - allowPoolSuspension................................false
2026-04-25 23:40:38 - autoCommit................................true
2026-04-25 23:40:38 - catalog................................none
2026-04-25 23:40:38 - connectionInitSql................................none
2026-04-25 23:40:38 - connectionTestQuery................................none
2026-04-25 23:40:38 - connectionTimeout................................30000
2026-04-25 23:40:38 - dataSource................................none
2026-04-25 23:40:38 - dataSourceClassName................................none
2026-04-25 23:40:38 - dataSourceJNDI................................none
2026-04-25 23:40:38 - dataSourceProperties................................{password=<masked>}
2026-04-25 23:40:38 - driverClassName................................"org.postgresql.Driver"
2026-04-25 23:40:38 - exceptionOverrideClassName................................none
2026-04-25 23:40:38 - healthCheckProperties................................{}
2026-04-25 23:40:38 - healthCheckRegistry................................none
2026-04-25 23:40:38 - idleTimeout................................600000
2026-04-25 23:40:38 - initializationFailTimeout................................1
2026-04-25 23:40:38 - isolateInternalQueries................................false
2026-04-25 23:40:38 - jdbcUrl................................jdbc:postgresql://localhost:5432/postgres
2026-04-25 23:40:38 - keepaliveTime................................0
2026-04-25 23:40:38 - leakDetectionThreshold................................0
2026-04-25 23:40:38 - maxLifetime................................1800000
2026-04-25 23:40:38 - maximumPoolSize................................10
2026-04-25 23:40:38 - metricRegistry................................none
2026-04-25 23:40:38 - metricsTrackerFactory................................none
2026-04-25 23:40:38 - minimumIdle................................10
2026-04-25 23:40:38 - password................................<masked>
2026-04-25 23:40:38 - poolName................................"HikariPool-1"
2026-04-25 23:40:38 - readOnly................................false
2026-04-25 23:40:38 - registerMbeans................................false
2026-04-25 23:40:38 - scheduledExecutor................................none
2026-04-25 23:40:38 - schema................................none
2026-04-25 23:40:38 - threadFactory................................internal
2026-04-25 23:40:38 - transactionIsolation................................default
2026-04-25 23:40:38 - username................................"postgres"
2026-04-25 23:40:38 - validationTimeout................................5000
2026-04-25 23:40:38 - HikariPool-1 - Starting...
2026-04-25 23:40:38 - HikariPool-1 - Added connection org.postgresql.jdbc.PgConnection@75eaba95
2026-04-25 23:40:38 - HikariPool-1 - Start completed.
2026-04-25 23:40:38 - HikariPool-1 - Pool stats (total=1, active=1, idle=0, waiting=0)
2026-04-25 23:40:38 - HikariPool-1 - Added connection org.postgresql.jdbc.PgConnection@449c63a6
2026-04-25 23:40:38 - HikariPool-1 - Added connection org.postgresql.jdbc.PgConnection@19ef551
2026-04-25 23:40:38 - Set default schema name to public
2026-04-25 23:40:38 - HikariPool-1 - Added connection org.postgresql.jdbc.PgConnection@17f341cc
2026-04-25 23:40:38 - HikariPool-1 - Added connection org.postgresql.jdbc.PgConnection@61b10a1e
2026-04-25 23:40:38 - HikariPool-1 - Added connection org.postgresql.jdbc.PgConnection@1de7333b
2026-04-25 23:40:38 - HikariPool-1 - Added connection org.postgresql.jdbc.PgConnection@187c1b9
2026-04-25 23:40:38 - Successfully acquired change log lock
2026-04-25 23:40:38 - HikariPool-1 - Added connection org.postgresql.jdbc.PgConnection@cf70d64
2026-04-25 23:40:38 - HikariPool-1 - Added connection org.postgresql.jdbc.PgConnection@65ff171e
2026-04-25 23:40:38 - HikariPool-1 - Added connection org.postgresql.jdbc.PgConnection@41a59e71
2026-04-25 23:40:38 - HikariPool-1 - After adding stats (total=10, active=1, idle=9, waiting=0)
2026-04-25 23:40:39 - Reading from public.databasechangelog
2026-04-25 23:40:39 - Successfully released change log lock
2026-04-25 23:40:39 - HHH000204: Processing PersistenceUnitInfo [name: default]
2026-04-25 23:40:39 - HHH000412: Hibernate ORM core version 5.6.9.Final
2026-04-25 23:40:39 - HCANN000001: Hibernate Commons Annotations {5.1.2.Final}
2026-04-25 23:40:40 - Database ->
       name : PostgreSQL
    version : 18.1
      major : 18
      minor : 1
2026-04-25 23:40:40 - Driver ->
       name : PostgreSQL JDBC Driver
    version : 42.3.6
      major : 42
      minor : 3
2026-04-25 23:40:40 - JDBC version : 4.2
2026-04-25 23:40:40 - HHH000400: Using dialect: org.hibernate.dialect.PostgreSQLDialect
2026-04-25 23:40:40 - JDBC driver metadata reported database stores quoted identifiers in neither upper, lower nor mixed case
2026-04-25 23:40:40 - Normalizing identifier quoting [postgres]
2026-04-25 23:40:40 - Normalizing identifier quoting [public]
2026-04-25 23:40:40 - Normalizing identifier quoting [DTYPE]
2026-04-25 23:40:40 - Normalizing identifier quoting [lemma]
2026-04-25 23:40:40 - Normalizing identifier quoting [lemma]
2026-04-25 23:40:40 - Normalizing identifier quoting [id]
2026-04-25 23:40:40 - Normalizing identifier quoting [id]
2026-04-25 23:40:40 - Normalizing identifier quoting [id]
2026-04-25 23:40:40 - Normalizing identifier quoting [id]
2026-04-25 23:40:40 - Normalizing identifier quoting [id]
2026-04-25 23:40:40 - Normalizing identifier quoting [frequency]
2026-04-25 23:40:40 - Normalizing identifier quoting [frequency]
2026-04-25 23:40:40 - Normalizing identifier quoting [frequency]
2026-04-25 23:40:40 - Normalizing identifier quoting [frequency]
2026-04-25 23:40:40 - Normalizing identifier quoting [frequency]
2026-04-25 23:40:40 - Normalizing identifier quoting [lemma]
2026-04-25 23:40:40 - Normalizing identifier quoting [lemma]
2026-04-25 23:40:40 - Normalizing identifier quoting [lemma]
2026-04-25 23:40:40 - Normalizing identifier quoting [lemma]
2026-04-25 23:40:40 - Normalizing identifier quoting [lemma]
2026-04-25 23:40:40 - Normalizing identifier quoting [searchIndexes]
2026-04-25 23:40:40 - Normalizing identifier quoting [searchIndexes]
2026-04-25 23:40:40 - Normalizing identifier quoting [element]
2026-04-25 23:40:40 - Normalizing identifier quoting [element]
2026-04-25 23:40:40 - Normalizing identifier quoting [searchIndexes_KEY]
2026-04-25 23:40:40 - Normalizing identifier quoting [searchIndexes_KEY]
2026-04-25 23:40:40 - Normalizing identifier quoting [site_id]
2026-04-25 23:40:40 - Normalizing identifier quoting [site]
2026-04-25 23:40:40 - Normalizing identifier quoting [site]
2026-04-25 23:40:40 - Normalizing identifier quoting [DTYPE]
2026-04-25 23:40:40 - Normalizing identifier quoting [page]
2026-04-25 23:40:40 - Normalizing identifier quoting [page]
2026-04-25 23:40:40 - Normalizing identifier quoting [id]
2026-04-25 23:40:40 - Normalizing identifier quoting [id]
2026-04-25 23:40:40 - Normalizing identifier quoting [id]
2026-04-25 23:40:40 - Normalizing identifier quoting [id]
2026-04-25 23:40:40 - Normalizing identifier quoting [id]
2026-04-25 23:40:40 - Normalizing identifier quoting [code]
2026-04-25 23:40:40 - Normalizing identifier quoting [code]
2026-04-25 23:40:40 - Normalizing identifier quoting [code]
2026-04-25 23:40:40 - Normalizing identifier quoting [code]
2026-04-25 23:40:40 - Normalizing identifier quoting [code]
2026-04-25 23:40:40 - Normalizing identifier quoting [content]
2026-04-25 23:40:40 - Normalizing identifier quoting [content]
2026-04-25 23:40:40 - Normalizing identifier quoting [content]
2026-04-25 23:40:40 - Normalizing identifier quoting [content]
2026-04-25 23:40:40 - Normalizing identifier quoting [content]
2026-04-25 23:40:40 - Normalizing identifier quoting [path]
2026-04-25 23:40:40 - Normalizing identifier quoting [path]
2026-04-25 23:40:40 - Normalizing identifier quoting [path]
2026-04-25 23:40:40 - Normalizing identifier quoting [path]
2026-04-25 23:40:40 - Normalizing identifier quoting [path]
2026-04-25 23:40:40 - Normalizing identifier quoting [site_id]
2026-04-25 23:40:40 - Normalizing identifier quoting [site]
2026-04-25 23:40:40 - Normalizing identifier quoting [site]
2026-04-25 23:40:40 - Normalizing identifier quoting [topic_count]
2026-04-25 23:40:40 - Normalizing identifier quoting [topic_count]
2026-04-25 23:40:40 - Normalizing identifier quoting [topic_count]
2026-04-25 23:40:40 - Normalizing identifier quoting [topics]
2026-04-25 23:40:40 - Normalizing identifier quoting [topics]
2026-04-25 23:40:40 - Normalizing identifier quoting [element]
2026-04-25 23:40:40 - Normalizing identifier quoting [element]
2026-04-25 23:40:40 - Normalizing identifier quoting [topics_KEY]
2026-04-25 23:40:40 - Normalizing identifier quoting [topics_KEY]
2026-04-25 23:40:40 - Normalizing identifier quoting [DTYPE]
2026-04-25 23:40:40 - Normalizing identifier quoting [search_index]
2026-04-25 23:40:40 - Normalizing identifier quoting [search_index]
2026-04-25 23:40:40 - Normalizing identifier quoting [id]
2026-04-25 23:40:40 - Normalizing identifier quoting [id]
2026-04-25 23:40:40 - Normalizing identifier quoting [id]
2026-04-25 23:40:40 - Normalizing identifier quoting [id]
2026-04-25 23:40:40 - Normalizing identifier quoting [id]
2026-04-25 23:40:40 - Normalizing identifier quoting [lemma_id]
2026-04-25 23:40:40 - Normalizing identifier quoting [lemma]
2026-04-25 23:40:40 - Normalizing identifier quoting [lemma]
2026-04-25 23:40:40 - Normalizing identifier quoting [page_id]
2026-04-25 23:40:40 - Normalizing identifier quoting [page]
2026-04-25 23:40:40 - Normalizing identifier quoting [page]
2026-04-25 23:40:40 - Normalizing identifier quoting [ranking]
2026-04-25 23:40:40 - Normalizing identifier quoting [ranking]
2026-04-25 23:40:40 - Normalizing identifier quoting [ranking]
2026-04-25 23:40:40 - Normalizing identifier quoting [ranking]
2026-04-25 23:40:40 - Normalizing identifier quoting [ranking]
2026-04-25 23:40:40 - Normalizing identifier quoting [DTYPE]
2026-04-25 23:40:40 - Normalizing identifier quoting [Site]
2026-04-25 23:40:40 - Normalizing identifier quoting [Site]
2026-04-25 23:40:40 - Normalizing identifier quoting [id]
2026-04-25 23:40:40 - Normalizing identifier quoting [id]
2026-04-25 23:40:40 - Normalizing identifier quoting [id]
2026-04-25 23:40:40 - Normalizing identifier quoting [id]
2026-04-25 23:40:40 - Normalizing identifier quoting [id]
2026-04-25 23:40:40 - Normalizing identifier quoting [lastError]
2026-04-25 23:40:40 - Normalizing identifier quoting [lastError]
2026-04-25 23:40:40 - Normalizing identifier quoting [lastError]
2026-04-25 23:40:40 - Normalizing identifier quoting [lastError]
2026-04-25 23:40:40 - Normalizing identifier quoting [lastError]
2026-04-25 23:40:40 - Normalizing identifier quoting [name]
2026-04-25 23:40:40 - Normalizing identifier quoting [name]
2026-04-25 23:40:40 - Normalizing identifier quoting [name]
2026-04-25 23:40:40 - Normalizing identifier quoting [name]
2026-04-25 23:40:40 - Normalizing identifier quoting [name]
2026-04-25 23:40:40 - Normalizing identifier quoting [pages]
2026-04-25 23:40:40 - Normalizing identifier quoting [pages]
2026-04-25 23:40:40 - Normalizing identifier quoting [element]
2026-04-25 23:40:40 - Normalizing identifier quoting [element]
2026-04-25 23:40:40 - Normalizing identifier quoting [pages_KEY]
2026-04-25 23:40:40 - Normalizing identifier quoting [pages_KEY]
2026-04-25 23:40:40 - Normalizing identifier quoting [status]
2026-04-25 23:40:40 - Normalizing identifier quoting [status]
2026-04-25 23:40:40 - Normalizing identifier quoting [status]
2026-04-25 23:40:40 - Normalizing identifier quoting [status]
2026-04-25 23:40:40 - Normalizing identifier quoting [status]
2026-04-25 23:40:40 - Normalizing identifier quoting [statusTime]
2026-04-25 23:40:40 - Normalizing identifier quoting [statusTime]
2026-04-25 23:40:40 - Normalizing identifier quoting [statusTime]
2026-04-25 23:40:40 - Normalizing identifier quoting [statusTime]
2026-04-25 23:40:40 - Normalizing identifier quoting [statusTime]
2026-04-25 23:40:40 - Normalizing identifier quoting [url]
2026-04-25 23:40:40 - Normalizing identifier quoting [url]
2026-04-25 23:40:40 - Normalizing identifier quoting [url]
2026-04-25 23:40:40 - Normalizing identifier quoting [url]
2026-04-25 23:40:40 - Normalizing identifier quoting [url]
2026-04-25 23:40:40 - Normalizing identifier quoting [DTYPE]
2026-04-25 23:40:40 - Normalizing identifier quoting [topic]
2026-04-25 23:40:40 - Normalizing identifier quoting [topic]
2026-04-25 23:40:40 - Normalizing identifier quoting [id]
2026-04-25 23:40:40 - Normalizing identifier quoting [id]
2026-04-25 23:40:40 - Normalizing identifier quoting [id]
2026-04-25 23:40:40 - Normalizing identifier quoting [id]
2026-04-25 23:40:40 - Normalizing identifier quoting [id]
2026-04-25 23:40:40 - Normalizing identifier quoting [content]
2026-04-25 23:40:40 - Normalizing identifier quoting [content]
2026-04-25 23:40:40 - Normalizing identifier quoting [content]
2026-04-25 23:40:40 - Normalizing identifier quoting [created_at]
2026-04-25 23:40:40 - Normalizing identifier quoting [created_at]
2026-04-25 23:40:40 - Normalizing identifier quoting [created_at]
2026-04-25 23:40:40 - Normalizing identifier quoting [lemma_count]
2026-04-25 23:40:40 - Normalizing identifier quoting [lemma_count]
2026-04-25 23:40:40 - Normalizing identifier quoting [lemma_count]
2026-04-25 23:40:40 - Normalizing identifier quoting [order_num]
2026-04-25 23:40:40 - Normalizing identifier quoting [order_num]
2026-04-25 23:40:40 - Normalizing identifier quoting [order_num]
2026-04-25 23:40:40 - Normalizing identifier quoting [page_id]
2026-04-25 23:40:40 - Normalizing identifier quoting [page]
2026-04-25 23:40:40 - Normalizing identifier quoting [page]
2026-04-25 23:40:40 - Normalizing identifier quoting [site_id]
2026-04-25 23:40:40 - Normalizing identifier quoting [site]
2026-04-25 23:40:40 - Normalizing identifier quoting [site]
2026-04-25 23:40:40 - Normalizing identifier quoting [title]
2026-04-25 23:40:40 - Normalizing identifier quoting [title]
2026-04-25 23:40:40 - Normalizing identifier quoting [title]
2026-04-25 23:40:40 - Normalizing identifier quoting [topic_group_id]
2026-04-25 23:40:40 - Normalizing identifier quoting [topicGroup]
2026-04-25 23:40:40 - Normalizing identifier quoting [topicGroup]
2026-04-25 23:40:40 - Normalizing identifier quoting [DTYPE]
2026-04-25 23:40:40 - Normalizing identifier quoting [topic_group]
2026-04-25 23:40:40 - Normalizing identifier quoting [topic_group]
2026-04-25 23:40:40 - Normalizing identifier quoting [id]
2026-04-25 23:40:40 - Normalizing identifier quoting [id]
2026-04-25 23:40:40 - Normalizing identifier quoting [id]
2026-04-25 23:40:40 - Normalizing identifier quoting [id]
2026-04-25 23:40:40 - Normalizing identifier quoting [id]
2026-04-25 23:40:40 - Normalizing identifier quoting [content_summary]
2026-04-25 23:40:40 - Normalizing identifier quoting [content_summary]
2026-04-25 23:40:40 - Normalizing identifier quoting [content_summary]
2026-04-25 23:40:40 - Normalizing identifier quoting [frequency]
2026-04-25 23:40:40 - Normalizing identifier quoting [frequency]
2026-04-25 23:40:40 - Normalizing identifier quoting [frequency]
2026-04-25 23:40:40 - Normalizing identifier quoting [lemma]
2026-04-25 23:40:40 - Normalizing identifier quoting [lemma]
2026-04-25 23:40:40 - Normalizing identifier quoting [lemma]
2026-04-25 23:40:40 - Normalizing identifier quoting [lemma]
2026-04-25 23:40:40 - Normalizing identifier quoting [keyLemmas_KEY]
2026-04-25 23:40:40 - Normalizing identifier quoting [keyLemmas_KEY]
2026-04-25 23:40:40 - Normalizing identifier quoting [topic_group_id]
2026-04-25 23:40:40 - Normalizing identifier quoting [site_count]
2026-04-25 23:40:40 - Normalizing identifier quoting [site_count]
2026-04-25 23:40:40 - Normalizing identifier quoting [site_count]
2026-04-25 23:40:40 - Normalizing identifier quoting [title]
2026-04-25 23:40:40 - Normalizing identifier quoting [title]
2026-04-25 23:40:40 - Normalizing identifier quoting [title]
2026-04-25 23:40:40 - Normalizing identifier quoting [topics]
2026-04-25 23:40:40 - Normalizing identifier quoting [topics]
2026-04-25 23:40:40 - Normalizing identifier quoting [element]
2026-04-25 23:40:40 - Normalizing identifier quoting [element]
2026-04-25 23:40:40 - Normalizing identifier quoting [topics_KEY]
2026-04-25 23:40:40 - Normalizing identifier quoting [topics_KEY]
2026-04-25 23:40:40 - Normalizing identifier quoting [site_id]
2026-04-25 23:40:40 - Normalizing identifier quoting [null]
2026-04-25 23:40:40 - Normalizing identifier quoting [site_id]
2026-04-25 23:40:40 - Normalizing identifier quoting [site_id]
2026-04-25 23:40:40 - Normalizing identifier quoting [site_id]
2026-04-25 23:40:40 - Normalizing identifier quoting [null]
2026-04-25 23:40:40 - Normalizing identifier quoting [site_id]
2026-04-25 23:40:40 - Normalizing identifier quoting [site_id]
2026-04-25 23:40:40 - Normalizing identifier quoting [lemma_id]
2026-04-25 23:40:40 - Normalizing identifier quoting [null]
2026-04-25 23:40:40 - Normalizing identifier quoting [lemma_id]
2026-04-25 23:40:40 - Normalizing identifier quoting [lemma_id]
2026-04-25 23:40:40 - Normalizing identifier quoting [page_id]
2026-04-25 23:40:40 - Normalizing identifier quoting [null]
2026-04-25 23:40:40 - Normalizing identifier quoting [page_id]
2026-04-25 23:40:40 - Normalizing identifier quoting [page_id]
2026-04-25 23:40:40 - Normalizing identifier quoting [page_id]
2026-04-25 23:40:40 - Normalizing identifier quoting [null]
2026-04-25 23:40:40 - Normalizing identifier quoting [page_id]
2026-04-25 23:40:40 - Normalizing identifier quoting [page_id]
2026-04-25 23:40:40 - Normalizing identifier quoting [site_id]
2026-04-25 23:40:40 - Normalizing identifier quoting [null]
2026-04-25 23:40:40 - Normalizing identifier quoting [site_id]
2026-04-25 23:40:40 - Normalizing identifier quoting [site_id]
2026-04-25 23:40:40 - Normalizing identifier quoting [topic_group_id]
2026-04-25 23:40:40 - Normalizing identifier quoting [null]
2026-04-25 23:40:40 - Normalizing identifier quoting [topic_group_id]
2026-04-25 23:40:40 - Normalizing identifier quoting [topic_group_id]
2026-04-25 23:40:40 - Normalizing identifier quoting [null]
2026-04-25 23:40:40 - Normalizing identifier quoting [topic_group_key_lemmas]
2026-04-25 23:40:40 - Normalizing identifier quoting [topic_group_key_lemmas]
2026-04-25 23:40:40 - Normalizing identifier quoting [topic_group_id]
2026-04-25 23:40:40 - Normalizing identifier quoting [null]
2026-04-25 23:40:40 - Normalizing identifier quoting [topic_group_id]
2026-04-25 23:40:40 - Normalizing identifier quoting [topic_group_id]
2026-04-25 23:40:40 - Normalizing identifier quoting [lemma]
2026-04-25 23:40:40 - Normalizing identifier quoting [site_id]
2026-04-25 23:40:40 - Normalizing identifier quoting [site_id]
2026-04-25 23:40:40 - Normalizing identifier quoting [FKj2jx0gqa4h7wg8ls0k3y221h2]
2026-04-25 23:40:40 - Normalizing identifier quoting [lemma_id]
2026-04-25 23:40:40 - Normalizing identifier quoting [FKn7ndggxsrpg4j41c1ak3qaemc]
2026-04-25 23:40:40 - Normalizing identifier quoting [page_id]
2026-04-25 23:40:40 - Normalizing identifier quoting [FKiqwaooudm7lmmj97li1y42l5r]
2026-04-25 23:40:40 - Normalizing identifier quoting [page_id]
2026-04-25 23:40:40 - Normalizing identifier quoting [site_id]
2026-04-25 23:40:40 - Normalizing identifier quoting [topic_group_id]
2026-04-25 23:40:40 - Normalizing identifier quoting [topic_group_id]
2026-04-25 23:40:40 - Normalizing identifier quoting [FKm7pwxka586fwpcpn6jv7ajp92]
2026-04-25 23:40:40 - Normalizing identifier quoting [lemma]
2026-04-25 23:40:40 - Normalizing identifier quoting [site_id]
2026-04-25 23:40:40 - Normalizing identifier quoting [lemma]
2026-04-25 23:40:40 - Normalizing identifier quoting [site_id]
2026-04-25 23:40:40 - Normalizing identifier quoting [UK7ogalxpu2t6pogbj8sbbpk0of]
2026-04-25 23:40:40 - Normalizing identifier quoting [path]
2026-04-25 23:40:40 - Normalizing identifier quoting [site_id]
2026-04-25 23:40:40 - Normalizing identifier quoting [site_id]
2026-04-25 23:40:40 - Normalizing identifier quoting [lemma_id]
2026-04-25 23:40:40 - Normalizing identifier quoting [page_id]
2026-04-25 23:40:40 - Normalizing identifier quoting [page_id]
2026-04-25 23:40:40 - Normalizing identifier quoting [site_id]
2026-04-25 23:40:40 - Normalizing identifier quoting [topic_group_id]
2026-04-25 23:40:40 - Normalizing identifier quoting [topic_group_id]
2026-04-25 23:40:40 - Normalizing identifier quoting [path]
2026-04-25 23:40:40 - Normalizing identifier quoting [null]
2026-04-25 23:40:40 - HHH000490: Using JtaPlatform implementation: [org.hibernate.engine.transaction.jta.platform.internal.NoJtaPlatform]
2026-04-25 23:40:40 - Initialized JPA EntityManagerFactory for persistence unit 'default'
2026-04-25 23:40:40 - Closing JDBC container [org.hibernate.engine.jdbc.internal.JdbcCoordinatorImpl@4e111e08]
2026-04-25 23:40:40 - Closing JDBC container [org.hibernate.engine.jdbc.internal.JdbcCoordinatorImpl@504274c1]
2026-04-25 23:40:41 - Closing JDBC container [org.hibernate.engine.jdbc.internal.JdbcCoordinatorImpl@7827cdfc]
2026-04-25 23:40:41 - On TransactionImpl creation, JpaCompliance#isJpaTransactionComplianceEnabled == false
2026-04-25 23:40:41 - Closing JDBC container [org.hibernate.engine.jdbc.internal.JdbcCoordinatorImpl@21251e43]
2026-04-25 23:40:41 - Closing JDBC container [org.hibernate.engine.jdbc.internal.JdbcCoordinatorImpl@1e487d57]
2026-04-25 23:40:41 - Unable to locate HQL query plan in cache; generating (SELECT t FROM Topic t WHERE t.topicGroup IS NULL)
2026-04-25 23:40:41 - Closing JDBC container [org.hibernate.engine.jdbc.internal.JdbcCoordinatorImpl@17f7a1af]
2026-04-25 23:40:41 - On TransactionImpl creation, JpaCompliance#isJpaTransactionComplianceEnabled == false
2026-04-25 23:40:41 - Closing JDBC container [org.hibernate.engine.jdbc.internal.JdbcCoordinatorImpl@377cc0f8]
2026-04-25 23:40:41 - Closing JDBC container [org.hibernate.engine.jdbc.internal.JdbcCoordinatorImpl@7bbd944e]
2026-04-25 23:40:41 - On TransactionImpl creation, JpaCompliance#isJpaTransactionComplianceEnabled == false
2026-04-25 23:40:41 - Closing JDBC container [org.hibernate.engine.jdbc.internal.JdbcCoordinatorImpl@613f48de]
2026-04-25 23:40:41 - Closing JDBC container [org.hibernate.engine.jdbc.internal.JdbcCoordinatorImpl@33ce081a]
2026-04-25 23:40:41 - On TransactionImpl creation, JpaCompliance#isJpaTransactionComplianceEnabled == false
2026-04-25 23:40:41 - Closing JDBC container [org.hibernate.engine.jdbc.internal.JdbcCoordinatorImpl@75c30a4f]
2026-04-25 23:40:41 - Closing JDBC container [org.hibernate.engine.jdbc.internal.JdbcCoordinatorImpl@360e4235]
2026-04-25 23:40:41 - On TransactionImpl creation, JpaCompliance#isJpaTransactionComplianceEnabled == false
2026-04-25 23:40:41 - Closing JDBC container [org.hibernate.engine.jdbc.internal.JdbcCoordinatorImpl@cbaabfb]
2026-04-25 23:40:41 - Closing JDBC container [org.hibernate.engine.jdbc.internal.JdbcCoordinatorImpl@1d01fa0c]
2026-04-25 23:40:41 - On TransactionImpl creation, JpaCompliance#isJpaTransactionComplianceEnabled == false
2026-04-25 23:40:41 - Closing JDBC container [org.hibernate.engine.jdbc.internal.JdbcCoordinatorImpl@1a3272e0]
2026-04-25 23:40:41 - Closing JDBC container [org.hibernate.engine.jdbc.internal.JdbcCoordinatorImpl@78723798]
2026-04-25 23:40:41 - On TransactionImpl creation, JpaCompliance#isJpaTransactionComplianceEnabled == false
2026-04-25 23:40:41 - Closing JDBC container [org.hibernate.engine.jdbc.internal.JdbcCoordinatorImpl@5fcff272]
2026-04-25 23:40:41 - Closing JDBC container [org.hibernate.engine.jdbc.internal.JdbcCoordinatorImpl@5b5d6f9c]
2026-04-25 23:40:41 - Unable to locate HQL query plan in cache; generating (SELECT t FROM Topic t ORDER BY t.lemmaCount DESC)
2026-04-25 23:40:41 - Closing JDBC container [org.hibernate.engine.jdbc.internal.JdbcCoordinatorImpl@4d73d3d1]
2026-04-25 23:40:41 - On TransactionImpl creation, JpaCompliance#isJpaTransactionComplianceEnabled == false
2026-04-25 23:40:41 - Closing JDBC container [org.hibernate.engine.jdbc.internal.JdbcCoordinatorImpl@238d27ef]
2026-04-25 23:40:41 - Closing JDBC container [org.hibernate.engine.jdbc.internal.JdbcCoordinatorImpl@91c11b6]
2026-04-25 23:40:41 - Unable to locate HQL query plan in cache; generating (SELECT t FROM Topic t WHERE t.topicGroup.id = :groupId)
2026-04-25 23:40:41 - Closing JDBC container [org.hibernate.engine.jdbc.internal.JdbcCoordinatorImpl@938e54a]
2026-04-25 23:40:41 - On TransactionImpl creation, JpaCompliance#isJpaTransactionComplianceEnabled == false
2026-04-25 23:40:41 - Closing JDBC container [org.hibernate.engine.jdbc.internal.JdbcCoordinatorImpl@220d7eb7]
2026-04-25 23:40:41 - Closing JDBC container [org.hibernate.engine.jdbc.internal.JdbcCoordinatorImpl@a165c11]
2026-04-25 23:40:41 - Unable to locate HQL query plan in cache; generating (SELECT t FROM Topic t JOIN t.topicGroup g WHERE g.id = :groupId)
2026-04-25 23:40:41 - Closing JDBC container [org.hibernate.engine.jdbc.internal.JdbcCoordinatorImpl@43a72f0f]
2026-04-25 23:40:41 - On TransactionImpl creation, JpaCompliance#isJpaTransactionComplianceEnabled == false
2026-04-25 23:40:41 - Closing JDBC container [org.hibernate.engine.jdbc.internal.JdbcCoordinatorImpl@1fa77770]
2026-04-25 23:40:41 - Closing JDBC container [org.hibernate.engine.jdbc.internal.JdbcCoordinatorImpl@62f3ad90]
2026-04-25 23:40:41 - Unable to locate HQL query plan in cache; generating (SELECT t.title, COUNT(t) as frequency, COUNT(DISTINCT t.site.id) as siteCount FROM Topic t GROUP BY t.title HAVING COUNT(t) > 1 ORDER BY frequency DESC)
2026-04-25 23:40:41 - Closing JDBC container [org.hibernate.engine.jdbc.internal.JdbcCoordinatorImpl@7c928399]
2026-04-25 23:40:41 - On TransactionImpl creation, JpaCompliance#isJpaTransactionComplianceEnabled == false
2026-04-25 23:40:41 - Closing JDBC container [org.hibernate.engine.jdbc.internal.JdbcCoordinatorImpl@762d2e4c]
2026-04-25 23:40:41 - Closing JDBC container [org.hibernate.engine.jdbc.internal.JdbcCoordinatorImpl@1e4bf55b]
2026-04-25 23:40:41 - Unable to locate HQL query plan in cache; generating (SELECT COUNT(t) as topicCount, COALESCE(SUM(t.lemmaCount), 0) as totalLemmas FROM Topic t WHERE t.site.id = :siteId)
2026-04-25 23:40:41 - Closing JDBC container [org.hibernate.engine.jdbc.internal.JdbcCoordinatorImpl@4cf1ec2]
2026-04-25 23:40:41 - On TransactionImpl creation, JpaCompliance#isJpaTransactionComplianceEnabled == false
2026-04-25 23:40:41 - Closing JDBC container [org.hibernate.engine.jdbc.internal.JdbcCoordinatorImpl@16eb01d4]
2026-04-25 23:40:41 - Closing JDBC container [org.hibernate.engine.jdbc.internal.JdbcCoordinatorImpl@4246f904]
2026-04-25 23:40:41 - On TransactionImpl creation, JpaCompliance#isJpaTransactionComplianceEnabled == false
2026-04-25 23:40:41 - Closing JDBC container [org.hibernate.engine.jdbc.internal.JdbcCoordinatorImpl@2662e3ff]
2026-04-25 23:40:41 - Closing JDBC container [org.hibernate.engine.jdbc.internal.JdbcCoordinatorImpl@261b27db]
2026-04-25 23:40:41 - Unable to locate HQL query plan in cache; generating (SELECT t FROM Topic t WHERE t.site.id = :siteId AND LOWER(t.title) LIKE LOWER(CONCAT('%', :query, '%')))
2026-04-25 23:40:41 - Closing JDBC container [org.hibernate.engine.jdbc.internal.JdbcCoordinatorImpl@2c1a0f82]
2026-04-25 23:40:41 - On TransactionImpl creation, JpaCompliance#isJpaTransactionComplianceEnabled == false
2026-04-25 23:40:41 - Closing JDBC container [org.hibernate.engine.jdbc.internal.JdbcCoordinatorImpl@60e5db1d]
2026-04-25 23:40:41 - Closing JDBC container [org.hibernate.engine.jdbc.internal.JdbcCoordinatorImpl@4ef0bc5b]
2026-04-25 23:40:41 - On TransactionImpl creation, JpaCompliance#isJpaTransactionComplianceEnabled == false
2026-04-25 23:40:41 - Closing JDBC container [org.hibernate.engine.jdbc.internal.JdbcCoordinatorImpl@26d02dc6]
2026-04-25 23:40:41 - Closing JDBC container [org.hibernate.engine.jdbc.internal.JdbcCoordinatorImpl@62ff3028]
2026-04-25 23:40:41 - Unable to locate HQL query plan in cache; generating (SELECT t FROM Topic t WHERE t.site.id = :siteId ORDER BY t.lemmaCount DESC)
2026-04-25 23:40:41 - Closing JDBC container [org.hibernate.engine.jdbc.internal.JdbcCoordinatorImpl@5fb0a09e]
2026-04-25 23:40:41 - Closing JDBC container [org.hibernate.engine.jdbc.internal.JdbcCoordinatorImpl@1964ef9]
2026-04-25 23:40:41 - Closing JDBC container [org.hibernate.engine.jdbc.internal.JdbcCoordinatorImpl@4a778943]
2026-04-25 23:40:41 - On TransactionImpl creation, JpaCompliance#isJpaTransactionComplianceEnabled == false
2026-04-25 23:40:41 - Closing JDBC container [org.hibernate.engine.jdbc.internal.JdbcCoordinatorImpl@2027d56f]
2026-04-25 23:40:41 - Closing JDBC container [org.hibernate.engine.jdbc.internal.JdbcCoordinatorImpl@44c54463]
2026-04-25 23:40:41 - Unable to locate HQL query plan in cache; generating (SELECT tg FROM TopicGroup tg ORDER BY tg.frequency DESC, tg.siteCount DESC)
2026-04-25 23:40:41 - Closing JDBC container [org.hibernate.engine.jdbc.internal.JdbcCoordinatorImpl@6fc3f1a7]
2026-04-25 23:40:41 - On TransactionImpl creation, JpaCompliance#isJpaTransactionComplianceEnabled == false
2026-04-25 23:40:41 - Closing JDBC container [org.hibernate.engine.jdbc.internal.JdbcCoordinatorImpl@34a482d0]
2026-04-25 23:40:41 - Closing JDBC container [org.hibernate.engine.jdbc.internal.JdbcCoordinatorImpl@2a738d47]
2026-04-25 23:40:41 - Unable to locate HQL query plan in cache; generating (SELECT tg FROM TopicGroup tg JOIN tg.keyLemmas kl WHERE kl IN :lemmas GROUP BY tg HAVING COUNT(DISTINCT kl) >= :minMatch)
2026-04-25 23:40:41 - Closing JDBC container [org.hibernate.engine.jdbc.internal.JdbcCoordinatorImpl@1390a43a]
2026-04-25 23:40:41 - On TransactionImpl creation, JpaCompliance#isJpaTransactionComplianceEnabled == false
2026-04-25 23:40:41 - Closing JDBC container [org.hibernate.engine.jdbc.internal.JdbcCoordinatorImpl@3531509c]
2026-04-25 23:40:41 - Closing JDBC container [org.hibernate.engine.jdbc.internal.JdbcCoordinatorImpl@23169374]
2026-04-25 23:40:41 - Closing JDBC container [org.hibernate.engine.jdbc.internal.JdbcCoordinatorImpl@4f63909f]
2026-04-25 23:40:41 - Closing JDBC container [org.hibernate.engine.jdbc.internal.JdbcCoordinatorImpl@4c81e7c2]
2026-04-25 23:40:41 - On TransactionImpl creation, JpaCompliance#isJpaTransactionComplianceEnabled == false
2026-04-25 23:40:41 - Closing JDBC container [org.hibernate.engine.jdbc.internal.JdbcCoordinatorImpl@294b045b]
2026-04-25 23:40:41 - Closing JDBC container [org.hibernate.engine.jdbc.internal.JdbcCoordinatorImpl@285ac29]
2026-04-25 23:40:41 - On TransactionImpl creation, JpaCompliance#isJpaTransactionComplianceEnabled == false
2026-04-25 23:40:41 - Closing JDBC container [org.hibernate.engine.jdbc.internal.JdbcCoordinatorImpl@44cab872]
2026-04-25 23:40:41 - Closing JDBC container [org.hibernate.engine.jdbc.internal.JdbcCoordinatorImpl@452a32f2]
2026-04-25 23:40:41 - On TransactionImpl creation, JpaCompliance#isJpaTransactionComplianceEnabled == false
2026-04-25 23:40:41 - Closing JDBC container [org.hibernate.engine.jdbc.internal.JdbcCoordinatorImpl@e353e1d]
2026-04-25 23:40:41 - Closing JDBC container [org.hibernate.engine.jdbc.internal.JdbcCoordinatorImpl@1a1c308b]
2026-04-25 23:40:41 - On TransactionImpl creation, JpaCompliance#isJpaTransactionComplianceEnabled == false
2026-04-25 23:40:41 - Closing JDBC container [org.hibernate.engine.jdbc.internal.JdbcCoordinatorImpl@46878216]
2026-04-25 23:40:41 - Closing JDBC container [org.hibernate.engine.jdbc.internal.JdbcCoordinatorImpl@2b69ff13]
2026-04-25 23:40:41 - On TransactionImpl creation, JpaCompliance#isJpaTransactionComplianceEnabled == false
2026-04-25 23:40:41 - Closing JDBC container [org.hibernate.engine.jdbc.internal.JdbcCoordinatorImpl@35599228]
2026-04-25 23:40:41 - Closing JDBC container [org.hibernate.engine.jdbc.internal.JdbcCoordinatorImpl@51ac72f7]
2026-04-25 23:40:41 - On TransactionImpl creation, JpaCompliance#isJpaTransactionComplianceEnabled == false
2026-04-25 23:40:41 - Closing JDBC container [org.hibernate.engine.jdbc.internal.JdbcCoordinatorImpl@37f0fb02]
2026-04-25 23:40:41 - Closing JDBC container [org.hibernate.engine.jdbc.internal.JdbcCoordinatorImpl@1067bc4c]
2026-04-25 23:40:42 - LuceneMorphology bean успешно создан
2026-04-25 23:40:42 - Closing JDBC container [org.hibernate.engine.jdbc.internal.JdbcCoordinatorImpl@10c67c1c]
2026-04-25 23:40:42 - Closing JDBC container [org.hibernate.engine.jdbc.internal.JdbcCoordinatorImpl@4193da4d]
2026-04-25 23:40:42 - On TransactionImpl creation, JpaCompliance#isJpaTransactionComplianceEnabled == false
2026-04-25 23:40:42 - Closing JDBC container [org.hibernate.engine.jdbc.internal.JdbcCoordinatorImpl@7be3a837]
2026-04-25 23:40:42 - Closing JDBC container [org.hibernate.engine.jdbc.internal.JdbcCoordinatorImpl@247d44b4]
2026-04-25 23:40:42 - On TransactionImpl creation, JpaCompliance#isJpaTransactionComplianceEnabled == false
2026-04-25 23:40:42 - Closing JDBC container [org.hibernate.engine.jdbc.internal.JdbcCoordinatorImpl@60655642]
2026-04-25 23:40:42 - Closing JDBC container [org.hibernate.engine.jdbc.internal.JdbcCoordinatorImpl@5c7b504]
2026-04-25 23:40:42 - On TransactionImpl creation, JpaCompliance#isJpaTransactionComplianceEnabled == false
2026-04-25 23:40:42 - Closing JDBC container [org.hibernate.engine.jdbc.internal.JdbcCoordinatorImpl@c040c8d]
2026-04-25 23:40:42 - Closing JDBC container [org.hibernate.engine.jdbc.internal.JdbcCoordinatorImpl@3453f79c]
2026-04-25 23:40:42 - Closing JDBC container [org.hibernate.engine.jdbc.internal.JdbcCoordinatorImpl@14f254f]
2026-04-25 23:40:42 - Closing JDBC container [org.hibernate.engine.jdbc.internal.JdbcCoordinatorImpl@4df54c1]
2026-04-25 23:40:42 - On TransactionImpl creation, JpaCompliance#isJpaTransactionComplianceEnabled == false
2026-04-25 23:40:42 - Closing JDBC container [org.hibernate.engine.jdbc.internal.JdbcCoordinatorImpl@6421bc7e]
2026-04-25 23:40:42 - Closing JDBC container [org.hibernate.engine.jdbc.internal.JdbcCoordinatorImpl@2e2546bf]
2026-04-25 23:40:42 - Unable to locate HQL query plan in cache; generating (SELECT si.page FROM SearchIndex si WHERE si.lemma.lemma IN :lemmas)
2026-04-25 23:40:42 - Closing JDBC container [org.hibernate.engine.jdbc.internal.JdbcCoordinatorImpl@49c72fb7]
2026-04-25 23:40:42 - On TransactionImpl creation, JpaCompliance#isJpaTransactionComplianceEnabled == false
2026-04-25 23:40:42 - Closing JDBC container [org.hibernate.engine.jdbc.internal.JdbcCoordinatorImpl@72321701]
2026-04-25 23:40:42 - Closing JDBC container [org.hibernate.engine.jdbc.internal.JdbcCoordinatorImpl@2f83467]
2026-04-25 23:40:42 - Unable to locate HQL query plan in cache; generating (SELECT si.ranking FROM SearchIndex si WHERE si.page = :page AND si.lemma = :lemma)
2026-04-25 23:40:42 - Closing JDBC container [org.hibernate.engine.jdbc.internal.JdbcCoordinatorImpl@62aefc75]
2026-04-25 23:40:42 - On TransactionImpl creation, JpaCompliance#isJpaTransactionComplianceEnabled == false
2026-04-25 23:40:42 - Closing JDBC container [org.hibernate.engine.jdbc.internal.JdbcCoordinatorImpl@c6653e]
2026-04-25 23:40:42 - Closing JDBC container [org.hibernate.engine.jdbc.internal.JdbcCoordinatorImpl@435e224d]
2026-04-25 23:40:42 - Unable to locate HQL query plan in cache; generating (SELECT DISTINCT si.page FROM SearchIndex si WHERE si.lemma.lemma IN :lemmas AND si.page.site = :site)
2026-04-25 23:40:42 - Closing JDBC container [org.hibernate.engine.jdbc.internal.JdbcCoordinatorImpl@39c93af6]
2026-04-25 23:40:42 - On TransactionImpl creation, JpaCompliance#isJpaTransactionComplianceEnabled == false
2026-04-25 23:40:42 - Closing JDBC container [org.hibernate.engine.jdbc.internal.JdbcCoordinatorImpl@3903cfc9]
2026-04-25 23:40:42 - Closing JDBC container [org.hibernate.engine.jdbc.internal.JdbcCoordinatorImpl@7b1b1784]
2026-04-25 23:40:42 - Closing JDBC container [org.hibernate.engine.jdbc.internal.JdbcCoordinatorImpl@164cad52]
2026-04-25 23:40:42 - Closing JDBC container [org.hibernate.engine.jdbc.internal.JdbcCoordinatorImpl@5bed8b91]
2026-04-25 23:40:42 - On TransactionImpl creation, JpaCompliance#isJpaTransactionComplianceEnabled == false
2026-04-25 23:40:42 - Closing JDBC container [org.hibernate.engine.jdbc.internal.JdbcCoordinatorImpl@738ae785]
2026-04-25 23:40:42 - Closing JDBC container [org.hibernate.engine.jdbc.internal.JdbcCoordinatorImpl@13288174]
2026-04-25 23:40:42 - On TransactionImpl creation, JpaCompliance#isJpaTransactionComplianceEnabled == false
2026-04-25 23:40:42 - Closing JDBC container [org.hibernate.engine.jdbc.internal.JdbcCoordinatorImpl@280f061e]
2026-04-25 23:40:42 - Closing JDBC container [org.hibernate.engine.jdbc.internal.JdbcCoordinatorImpl@7d7888a5]
2026-04-25 23:40:42 - On TransactionImpl creation, JpaCompliance#isJpaTransactionComplianceEnabled == false
2026-04-25 23:40:42 - Closing JDBC container [org.hibernate.engine.jdbc.internal.JdbcCoordinatorImpl@23c61c1b]
2026-04-25 23:40:42 - Closing JDBC container [org.hibernate.engine.jdbc.internal.JdbcCoordinatorImpl@4a6d6308]
2026-04-25 23:40:42 - Unable to locate HQL query plan in cache; generating (SELECT p FROM Page p WHERE p.site.id = :siteId AND p.path = :path)
2026-04-25 23:40:42 - Closing JDBC container [org.hibernate.engine.jdbc.internal.JdbcCoordinatorImpl@5cbaafbd]
2026-04-25 23:40:42 - Could not load English OpenNLP models. Will use basic tokenization. Error: Model not found: opennlp/en-sent.bin
2026-04-25 23:40:42 - Russian OpenNLP models not found. Will use basic tokenization for Russian text. Error: Model not found: opennlp/ru-sent.bin
2026-04-25 23:40:42 - spring.jpa.open-in-view is enabled by default. Therefore, database queries may be performed during view rendering. Explicitly configure spring.jpa.open-in-view to disable this warning
2026-04-25 23:40:43 - Adding welcome page template: index
2026-04-25 23:40:43 - Closing JDBC container [org.hibernate.engine.jdbc.internal.JdbcCoordinatorImpl@1c00a9f0]
2026-04-25 23:40:43 - Closing JDBC container [org.hibernate.engine.jdbc.internal.JdbcCoordinatorImpl@5e572ad6]
2026-04-25 23:40:43 - On TransactionImpl creation, JpaCompliance#isJpaTransactionComplianceEnabled == false
2026-04-25 23:40:43 - Closing JDBC container [org.hibernate.engine.jdbc.internal.JdbcCoordinatorImpl@68cc6fa4]
2026-04-25 23:40:43 - Closing JDBC container [org.hibernate.engine.jdbc.internal.JdbcCoordinatorImpl@484dde7d]
2026-04-25 23:40:43 - Unable to locate HQL query plan in cache; generating (SELECT DISTINCT t FROM Topic t JOIN t.topicGroup g WHERE EXISTS (  SELECT 1 FROM g.keyLemmas kl   WHERE kl IN :lemmas))
2026-04-25 23:40:43 - Closing JDBC container [org.hibernate.engine.jdbc.internal.JdbcCoordinatorImpl@4bf6bc2d]
2026-04-25 23:40:43 - On TransactionImpl creation, JpaCompliance#isJpaTransactionComplianceEnabled == false
2026-04-25 23:40:43 - Closing JDBC container [org.hibernate.engine.jdbc.internal.JdbcCoordinatorImpl@2c914364]
2026-04-25 23:40:43 - Closing JDBC container [org.hibernate.engine.jdbc.internal.JdbcCoordinatorImpl@25c756f0]
2026-04-25 23:40:43 - Unable to locate HQL query plan in cache; generating (SELECT t FROM Topic t JOIN FETCH t.site JOIN FETCH t.page WHERE t.topicGroup.id = :groupId ORDER BY t.site.name, t.createdAt DESC)
2026-04-25 23:40:43 - Closing JDBC container [org.hibernate.engine.jdbc.internal.JdbcCoordinatorImpl@54e39504]
2026-04-25 23:40:43 - On TransactionImpl creation, JpaCompliance#isJpaTransactionComplianceEnabled == false
2026-04-25 23:40:43 - Closing JDBC container [org.hibernate.engine.jdbc.internal.JdbcCoordinatorImpl@13ac1657]
2026-04-25 23:40:43 - Closing JDBC container [org.hibernate.engine.jdbc.internal.JdbcCoordinatorImpl@52d68eb9]
2026-04-25 23:40:43 - Unable to locate HQL query plan in cache; generating (SELECT g.id, g.title, COUNT(t) as topicCount, COUNT(DISTINCT t.site.id) as siteCount FROM TopicGroup g LEFT JOIN g.topics t GROUP BY g.id, g.title HAVING COUNT(t) >= :minFrequency ORDER BY siteCount DESC, topicCount DESC)
2026-04-25 23:40:43 - Closing JDBC container [org.hibernate.engine.jdbc.internal.JdbcCoordinatorImpl@39d4f046]
2026-04-25 23:40:43 - Tomcat started on port(s): 8080 (http) with context path ''
2026-04-25 23:40:43 - Started Application in 8.943 seconds (JVM running for 9.469)
2026-04-25 23:40:47 - Initializing Spring DispatcherServlet 'dispatcherServlet'
2026-04-25 23:40:47 - Initializing Servlet 'dispatcherServlet'
2026-04-25 23:40:47 - Completed initialization in 2 ms
2026-04-25 23:40:47 - Closing JDBC container [org.hibernate.engine.jdbc.internal.JdbcCoordinatorImpl@1ff391be]
2026-04-25 23:40:47 - Closing JDBC container [org.hibernate.engine.jdbc.internal.JdbcCoordinatorImpl@5ab96f78]
2026-04-25 23:40:47 - Closing JDBC container [org.hibernate.engine.jdbc.internal.JdbcCoordinatorImpl@1f51feca]
2026-04-25 23:40:47 - Closing JDBC container [org.hibernate.engine.jdbc.internal.JdbcCoordinatorImpl@4e5081b9]
2026-04-25 23:40:47 - Closing JDBC container [org.hibernate.engine.jdbc.internal.JdbcCoordinatorImpl@4630b46e]
2026-04-25 23:40:47 - Closing JDBC container [org.hibernate.engine.jdbc.internal.JdbcCoordinatorImpl@7969535f]
2026-04-25 23:40:47 - Closing JDBC container [org.hibernate.engine.jdbc.internal.JdbcCoordinatorImpl@40cac9b9]
2026-04-25 23:40:47 - Closing JDBC container [org.hibernate.engine.jdbc.internal.JdbcCoordinatorImpl@390a6c79]
2026-04-25 23:40:47 - Closing JDBC container [org.hibernate.engine.jdbc.internal.JdbcCoordinatorImpl@575d5533]
2026-04-25 23:40:47 - Closing JDBC container [org.hibernate.engine.jdbc.internal.JdbcCoordinatorImpl@c37eea5]
2026-04-25 23:40:47 - Closing JDBC container [org.hibernate.engine.jdbc.internal.JdbcCoordinatorImpl@10e41cc8]
2026-04-25 23:40:47 - Closing JDBC container [org.hibernate.engine.jdbc.internal.JdbcCoordinatorImpl@2b81963b]
2026-04-25 23:40:47 - Closing JDBC container [org.hibernate.engine.jdbc.internal.JdbcCoordinatorImpl@56ed6553]
2026-04-25 23:40:47 - Closing JDBC container [org.hibernate.engine.jdbc.internal.JdbcCoordinatorImpl@1957a1d8]
2026-04-25 23:40:47 - On TransactionImpl creation, JpaCompliance#isJpaTransactionComplianceEnabled == false
2026-04-25 23:40:47 - begin
2026-04-25 23:40:47 - Closing JDBC container [org.hibernate.engine.jdbc.internal.JdbcCoordinatorImpl@3e6488e8]
2026-04-25 23:40:47 - Unable to locate HQL query plan in cache; generating (select count(*) from Site x)
2026-04-25 23:40:47 - Find: select count(*) from Site x
2026-04-25 23:40:47 - Named parameters: {}
2026-04-25 23:40:47 - select count(*) as col_0_0_ from site site0_
2026-04-25 23:40:47 - Registering last query statement [HikariProxyPreparedStatement@631811141 wrapping select count(*) as col_0_0_ from site site0_]
2026-04-25 23:40:47 - Starting after statement execution processing [ON_CLOSE]
2026-04-25 23:40:47 - Initializing non-lazy collections
2026-04-25 23:40:47 - committing
2026-04-25 23:40:47 - begin
2026-04-25 23:40:47 - Unable to locate HQL query plan in cache; generating (select count(*) from Page x)
2026-04-25 23:40:47 - Find: select count(*) from Page x
2026-04-25 23:40:47 - Named parameters: {}
2026-04-25 23:40:47 - select count(*) as col_0_0_ from page page0_
2026-04-25 23:40:47 - Registering last query statement [HikariProxyPreparedStatement@1147413826 wrapping select count(*) as col_0_0_ from page page0_]
2026-04-25 23:40:47 - Starting after statement execution processing [ON_CLOSE]
2026-04-25 23:40:47 - Initializing non-lazy collections
2026-04-25 23:40:47 - committing
2026-04-25 23:40:47 - begin
2026-04-25 23:40:47 - Unable to locate HQL query plan in cache; generating (select count(*) from Lemma x)
2026-04-25 23:40:47 - Find: select count(*) from Lemma x
2026-04-25 23:40:47 - Named parameters: {}
2026-04-25 23:40:47 - select count(*) as col_0_0_ from lemma lemma0_
2026-04-25 23:40:47 - Registering last query statement [HikariProxyPreparedStatement@372145768 wrapping select count(*) as col_0_0_ from lemma lemma0_]
2026-04-25 23:40:47 - Starting after statement execution processing [ON_CLOSE]
2026-04-25 23:40:47 - Initializing non-lazy collections
2026-04-25 23:40:47 - committing
2026-04-25 23:40:47 - Unable to locate HQL query plan in cache; generating (select generatedAlias0 from Site as generatedAlias0 where generatedAlias0.status=:param0)
2026-04-25 23:40:47 - Find: select generatedAlias0 from Site as generatedAlias0 where generatedAlias0.status=:param0
2026-04-25 23:40:47 - Named parameters: {param0=INDEXED}
2026-04-25 23:40:47 - select site0_.id as id1_3_, site0_.last_error as last_err2_3_, site0_.name as name3_3_, site0_.status as status4_3_, site0_.status_time as status_t5_3_, site0_.url as url6_3_ from site site0_ where site0_.status=?
2026-04-25 23:40:47 - Registering last query statement [HikariProxyPreparedStatement@1197291993 wrapping select site0_.id as id1_3_, site0_.last_error as last_err2_3_, site0_.name as name3_3_, site0_.status as status4_3_, site0_.status_time as status_t5_3_, site0_.url as url6_3_ from site site0_ where site0_.status=?]
2026-04-25 23:40:47 - binding parameter [1] as [VARCHAR] - [INDEXED]
2026-04-25 23:40:47 - Starting after statement execution processing [ON_CLOSE]
2026-04-25 23:40:47 - Initializing non-lazy collections
2026-04-25 23:40:47 - begin
2026-04-25 23:40:47 - Unable to locate HQL query plan in cache; generating (select generatedAlias0 from Site as generatedAlias0)
2026-04-25 23:40:47 - Find: select generatedAlias0 from Site as generatedAlias0
2026-04-25 23:40:47 - Named parameters: {}
2026-04-25 23:40:47 - select site0_.id as id1_3_, site0_.last_error as last_err2_3_, site0_.name as name3_3_, site0_.status as status4_3_, site0_.status_time as status_t5_3_, site0_.url as url6_3_ from site site0_
2026-04-25 23:40:47 - Registering last query statement [HikariProxyPreparedStatement@2030039015 wrapping select site0_.id as id1_3_, site0_.last_error as last_err2_3_, site0_.name as name3_3_, site0_.status as status4_3_, site0_.status_time as status_t5_3_, site0_.url as url6_3_ from site site0_]
2026-04-25 23:40:47 - Closing JDBC container [org.hibernate.engine.jdbc.internal.JdbcCoordinatorImpl@78ad7852]
2026-04-25 23:40:47 - Closing JDBC container [org.hibernate.engine.jdbc.internal.JdbcCoordinatorImpl@6b25e3e4]
2026-04-25 23:40:47 - Resolving attributes for [searchengine.model.Site#128]
2026-04-25 23:40:47 - Processing attribute `lastError` : value = Индексация остановлена пользователем
2026-04-25 23:40:47 - Attribute (`lastError`)  - enhanced for lazy-loading? - false
2026-04-25 23:40:47 - Processing attribute `name` : value = КИБЕРЛЕНИНКА
2026-04-25 23:40:47 - Attribute (`name`)  - enhanced for lazy-loading? - false
2026-04-25 23:40:47 - Processing attribute `pages` : value = NOT NULL COLLECTION
2026-04-25 23:40:47 - Attribute (`pages`)  - enhanced for lazy-loading? - false
2026-04-25 23:40:47 - Closing JDBC container [org.hibernate.engine.jdbc.internal.JdbcCoordinatorImpl@255d59e2]
2026-04-25 23:40:47 - Processing attribute `status` : value = FAILED
2026-04-25 23:40:47 - Attribute (`status`)  - enhanced for lazy-loading? - false
2026-04-25 23:40:47 - Processing attribute `statusTime` : value = 2026-04-19T22:03:38.655614
2026-04-25 23:40:47 - Attribute (`statusTime`)  - enhanced for lazy-loading? - false
2026-04-25 23:40:47 - Processing attribute `url` : value = https://cyberleninka.ru/
2026-04-25 23:40:47 - Attribute (`url`)  - enhanced for lazy-loading? - false
2026-04-25 23:40:47 - Done materializing entity [searchengine.model.Site#128]
2026-04-25 23:40:47 - Resolving attributes for [searchengine.model.Site#129]
2026-04-25 23:40:47 - Processing attribute `lastError` : value = Индексация остановлена пользователем
2026-04-25 23:40:47 - Attribute (`lastError`)  - enhanced for lazy-loading? - false
2026-04-25 23:40:47 - Processing attribute `name` : value = Журнал: Аграрная наука
2026-04-25 23:40:47 - Attribute (`name`)  - enhanced for lazy-loading? - false
2026-04-25 23:40:47 - Processing attribute `pages` : value = NOT NULL COLLECTION
2026-04-25 23:40:47 - Attribute (`pages`)  - enhanced for lazy-loading? - false
2026-04-25 23:40:47 - Processing attribute `status` : value = FAILED
2026-04-25 23:40:47 - Attribute (`status`)  - enhanced for lazy-loading? - false
2026-04-25 23:40:47 - Processing attribute `statusTime` : value = 2026-04-19T22:03:38.620442
2026-04-25 23:40:47 - Attribute (`statusTime`)  - enhanced for lazy-loading? - false
2026-04-25 23:40:47 - Processing attribute `url` : value = https://www.vetpress.ru/jour
2026-04-25 23:40:47 - Attribute (`url`)  - enhanced for lazy-loading? - false
2026-04-25 23:40:47 - Done materializing entity [searchengine.model.Site#129]
2026-04-25 23:40:47 - Starting after statement execution processing [ON_CLOSE]
2026-04-25 23:40:47 - Initializing non-lazy collections
2026-04-25 23:40:47 - committing
2026-04-25 23:40:47 - Unable to locate HQL query plan in cache; generating (select count(generatedAlias0) from Page as generatedAlias0 where generatedAlias0.site=:param0)
2026-04-25 23:40:47 - Find: select count(generatedAlias0) from Page as generatedAlias0 where generatedAlias0.site=:param0
2026-04-25 23:40:47 - Named parameters: {param0=searchengine.model.Site#128}
2026-04-25 23:40:47 - select count(page0_.id) as col_0_0_ from page page0_ where page0_.site_id=?
2026-04-25 23:40:47 - Registering last query statement [HikariProxyPreparedStatement@1730228872 wrapping select count(page0_.id) as col_0_0_ from page page0_ where page0_.site_id=?]
2026-04-25 23:40:47 - binding parameter [1] as [INTEGER] - [128]
2026-04-25 23:40:47 - Starting after statement execution processing [ON_CLOSE]
2026-04-25 23:40:47 - Initializing non-lazy collections
2026-04-25 23:40:47 - Unable to locate HQL query plan in cache; generating (select count(generatedAlias0) from Lemma as generatedAlias0 where generatedAlias0.site=:param0)
2026-04-25 23:40:47 - Find: select count(generatedAlias0) from Lemma as generatedAlias0 where generatedAlias0.site=:param0
2026-04-25 23:40:47 - Named parameters: {param0=searchengine.model.Site#128}
2026-04-25 23:40:47 - select count(lemma0_.id) as col_0_0_ from lemma lemma0_ where lemma0_.site_id=?
2026-04-25 23:40:47 - Registering last query statement [HikariProxyPreparedStatement@1117447253 wrapping select count(lemma0_.id) as col_0_0_ from lemma lemma0_ where lemma0_.site_id=?]
2026-04-25 23:40:47 - binding parameter [1] as [INTEGER] - [128]
2026-04-25 23:40:47 - Starting after statement execution processing [ON_CLOSE]
2026-04-25 23:40:47 - Initializing non-lazy collections
2026-04-25 23:40:47 - Unable to locate HQL query plan in cache; generating (select count(generatedAlias0) from Topic as generatedAlias0 left join generatedAlias0.site as generatedAlias1 where generatedAlias1.id=:param0)
2026-04-25 23:40:47 - Find: select count(generatedAlias0) from Topic as generatedAlias0 left join generatedAlias0.site as generatedAlias1 where generatedAlias1.id=:param0
2026-04-25 23:40:47 - Named parameters: {param0=128}
2026-04-25 23:40:47 - select count(topic0_.id) as col_0_0_ from topic topic0_ left outer join site site1_ on topic0_.site_id=site1_.id where site1_.id=?
2026-04-25 23:40:47 - Registering last query statement [HikariProxyPreparedStatement@217660176 wrapping select count(topic0_.id) as col_0_0_ from topic topic0_ left outer join site site1_ on topic0_.site_id=site1_.id where site1_.id=?]
2026-04-25 23:40:47 - binding parameter [1] as [INTEGER] - [128]
2026-04-25 23:40:47 - Starting after statement execution processing [ON_CLOSE]
2026-04-25 23:40:47 - Initializing non-lazy collections
2026-04-25 23:40:47 - Located HQL query plan in cache (select count(generatedAlias0) from Page as generatedAlias0 where generatedAlias0.site=:param0)
2026-04-25 23:40:47 - Find: select count(generatedAlias0) from Page as generatedAlias0 where generatedAlias0.site=:param0
2026-04-25 23:40:47 - Named parameters: {param0=searchengine.model.Site#129}
2026-04-25 23:40:47 - select count(page0_.id) as col_0_0_ from page page0_ where page0_.site_id=?
2026-04-25 23:40:47 - Registering last query statement [HikariProxyPreparedStatement@1798026575 wrapping select count(page0_.id) as col_0_0_ from page page0_ where page0_.site_id=?]
2026-04-25 23:40:47 - binding parameter [1] as [INTEGER] - [129]
2026-04-25 23:40:47 - Starting after statement execution processing [ON_CLOSE]
2026-04-25 23:40:47 - Initializing non-lazy collections
2026-04-25 23:40:47 - Located HQL query plan in cache (select count(generatedAlias0) from Lemma as generatedAlias0 where generatedAlias0.site=:param0)
2026-04-25 23:40:47 - Find: select count(generatedAlias0) from Lemma as generatedAlias0 where generatedAlias0.site=:param0
2026-04-25 23:40:47 - Named parameters: {param0=searchengine.model.Site#129}
2026-04-25 23:40:47 - select count(lemma0_.id) as col_0_0_ from lemma lemma0_ where lemma0_.site_id=?
2026-04-25 23:40:47 - Registering last query statement [HikariProxyPreparedStatement@1646182641 wrapping select count(lemma0_.id) as col_0_0_ from lemma lemma0_ where lemma0_.site_id=?]
2026-04-25 23:40:47 - binding parameter [1] as [INTEGER] - [129]
2026-04-25 23:40:47 - Starting after statement execution processing [ON_CLOSE]
2026-04-25 23:40:47 - Initializing non-lazy collections
2026-04-25 23:40:47 - Located HQL query plan in cache (select count(generatedAlias0) from Topic as generatedAlias0 left join generatedAlias0.site as generatedAlias1 where generatedAlias1.id=:param0)
2026-04-25 23:40:47 - Find: select count(generatedAlias0) from Topic as generatedAlias0 left join generatedAlias0.site as generatedAlias1 where generatedAlias1.id=:param0
2026-04-25 23:40:47 - Named parameters: {param0=129}
2026-04-25 23:40:47 - select count(topic0_.id) as col_0_0_ from topic topic0_ left outer join site site1_ on topic0_.site_id=site1_.id where site1_.id=?
2026-04-25 23:40:47 - Registering last query statement [HikariProxyPreparedStatement@1484640542 wrapping select count(topic0_.id) as col_0_0_ from topic topic0_ left outer join site site1_ on topic0_.site_id=site1_.id where site1_.id=?]
2026-04-25 23:40:47 - binding parameter [1] as [INTEGER] - [129]
2026-04-25 23:40:47 - Starting after statement execution processing [ON_CLOSE]
2026-04-25 23:40:47 - Initializing non-lazy collections
2026-04-25 23:40:47 - Closing JDBC container [org.hibernate.engine.jdbc.internal.JdbcCoordinatorImpl@6356aa3]
2026-04-25 23:40:48 - Closing JDBC container [org.hibernate.engine.jdbc.internal.JdbcCoordinatorImpl@5a526194]
2026-04-25 23:40:48 - Closing JDBC container [org.hibernate.engine.jdbc.internal.JdbcCoordinatorImpl@680d087f]
2026-04-25 23:40:48 - On TransactionImpl creation, JpaCompliance#isJpaTransactionComplianceEnabled == false
2026-04-25 23:40:48 - begin
2026-04-25 23:40:48 - Located HQL query plan in cache (select count(*) from Site x)
2026-04-25 23:40:48 - Find: select count(*) from Site x
2026-04-25 23:40:48 - Named parameters: {}
2026-04-25 23:40:48 - select count(*) as col_0_0_ from site site0_
2026-04-25 23:40:48 - Registering last query statement [HikariProxyPreparedStatement@505667748 wrapping select count(*) as col_0_0_ from site site0_]
2026-04-25 23:40:48 - Starting after statement execution processing [ON_CLOSE]
2026-04-25 23:40:48 - Initializing non-lazy collections
2026-04-25 23:40:48 - committing
2026-04-25 23:40:48 - begin
2026-04-25 23:40:48 - Located HQL query plan in cache (select count(*) from Page x)
2026-04-25 23:40:48 - Find: select count(*) from Page x
2026-04-25 23:40:48 - Named parameters: {}
2026-04-25 23:40:48 - select count(*) as col_0_0_ from page page0_
2026-04-25 23:40:48 - Registering last query statement [HikariProxyPreparedStatement@1854624873 wrapping select count(*) as col_0_0_ from page page0_]
2026-04-25 23:40:48 - Starting after statement execution processing [ON_CLOSE]
2026-04-25 23:40:48 - Initializing non-lazy collections
2026-04-25 23:40:48 - committing
2026-04-25 23:40:48 - begin
2026-04-25 23:40:48 - Located HQL query plan in cache (select count(*) from Lemma x)
2026-04-25 23:40:48 - Find: select count(*) from Lemma x
2026-04-25 23:40:48 - Named parameters: {}
2026-04-25 23:40:48 - select count(*) as col_0_0_ from lemma lemma0_
2026-04-25 23:40:48 - Registering last query statement [HikariProxyPreparedStatement@1060181456 wrapping select count(*) as col_0_0_ from lemma lemma0_]
2026-04-25 23:40:48 - Starting after statement execution processing [ON_CLOSE]
2026-04-25 23:40:48 - Initializing non-lazy collections
2026-04-25 23:40:48 - committing
2026-04-25 23:40:48 - Located HQL query plan in cache (select generatedAlias0 from Site as generatedAlias0 where generatedAlias0.status=:param0)
2026-04-25 23:40:48 - Find: select generatedAlias0 from Site as generatedAlias0 where generatedAlias0.status=:param0
2026-04-25 23:40:48 - Named parameters: {param0=INDEXED}
2026-04-25 23:40:48 - select site0_.id as id1_3_, site0_.last_error as last_err2_3_, site0_.name as name3_3_, site0_.status as status4_3_, site0_.status_time as status_t5_3_, site0_.url as url6_3_ from site site0_ where site0_.status=?
2026-04-25 23:40:48 - Registering last query statement [HikariProxyPreparedStatement@32804089 wrapping select site0_.id as id1_3_, site0_.last_error as last_err2_3_, site0_.name as name3_3_, site0_.status as status4_3_, site0_.status_time as status_t5_3_, site0_.url as url6_3_ from site site0_ where site0_.status=?]
2026-04-25 23:40:48 - binding parameter [1] as [VARCHAR] - [INDEXED]
2026-04-25 23:40:48 - Starting after statement execution processing [ON_CLOSE]
2026-04-25 23:40:48 - Initializing non-lazy collections
2026-04-25 23:40:48 - begin
2026-04-25 23:40:48 - Located HQL query plan in cache (select generatedAlias0 from Site as generatedAlias0)
2026-04-25 23:40:48 - Find: select generatedAlias0 from Site as generatedAlias0
2026-04-25 23:40:48 - Named parameters: {}
2026-04-25 23:40:48 - select site0_.id as id1_3_, site0_.last_error as last_err2_3_, site0_.name as name3_3_, site0_.status as status4_3_, site0_.status_time as status_t5_3_, site0_.url as url6_3_ from site site0_
2026-04-25 23:40:48 - Registering last query statement [HikariProxyPreparedStatement@1483551681 wrapping select site0_.id as id1_3_, site0_.last_error as last_err2_3_, site0_.name as name3_3_, site0_.status as status4_3_, site0_.status_time as status_t5_3_, site0_.url as url6_3_ from site site0_]
2026-04-25 23:40:48 - Resolving attributes for [searchengine.model.Site#128]
2026-04-25 23:40:48 - Processing attribute `lastError` : value = Индексация остановлена пользователем
2026-04-25 23:40:48 - Attribute (`lastError`)  - enhanced for lazy-loading? - false
2026-04-25 23:40:48 - Processing attribute `name` : value = КИБЕРЛЕНИНКА
2026-04-25 23:40:48 - Attribute (`name`)  - enhanced for lazy-loading? - false
2026-04-25 23:40:48 - Processing attribute `pages` : value = NOT NULL COLLECTION
2026-04-25 23:40:48 - Attribute (`pages`)  - enhanced for lazy-loading? - false
2026-04-25 23:40:48 - Processing attribute `status` : value = FAILED
2026-04-25 23:40:48 - Attribute (`status`)  - enhanced for lazy-loading? - false
2026-04-25 23:40:48 - Processing attribute `statusTime` : value = 2026-04-19T22:03:38.655614
2026-04-25 23:40:48 - Attribute (`statusTime`)  - enhanced for lazy-loading? - false
2026-04-25 23:40:48 - Processing attribute `url` : value = https://cyberleninka.ru/
2026-04-25 23:40:48 - Attribute (`url`)  - enhanced for lazy-loading? - false
2026-04-25 23:40:48 - Done materializing entity [searchengine.model.Site#128]
2026-04-25 23:40:48 - Resolving attributes for [searchengine.model.Site#129]
2026-04-25 23:40:48 - Processing attribute `lastError` : value = Индексация остановлена пользователем
2026-04-25 23:40:48 - Attribute (`lastError`)  - enhanced for lazy-loading? - false
2026-04-25 23:40:48 - Processing attribute `name` : value = Журнал: Аграрная наука
2026-04-25 23:40:48 - Attribute (`name`)  - enhanced for lazy-loading? - false
2026-04-25 23:40:48 - Processing attribute `pages` : value = NOT NULL COLLECTION
2026-04-25 23:40:48 - Attribute (`pages`)  - enhanced for lazy-loading? - false
2026-04-25 23:40:48 - Processing attribute `status` : value = FAILED
2026-04-25 23:40:48 - Attribute (`status`)  - enhanced for lazy-loading? - false
2026-04-25 23:40:48 - Processing attribute `statusTime` : value = 2026-04-19T22:03:38.620442
2026-04-25 23:40:48 - Attribute (`statusTime`)  - enhanced for lazy-loading? - false
2026-04-25 23:40:48 - Processing attribute `url` : value = https://www.vetpress.ru/jour
2026-04-25 23:40:48 - Attribute (`url`)  - enhanced for lazy-loading? - false
2026-04-25 23:40:48 - Done materializing entity [searchengine.model.Site#129]
2026-04-25 23:40:48 - Starting after statement execution processing [ON_CLOSE]
2026-04-25 23:40:48 - Initializing non-lazy collections
2026-04-25 23:40:48 - committing
2026-04-25 23:40:48 - Located HQL query plan in cache (select count(generatedAlias0) from Page as generatedAlias0 where generatedAlias0.site=:param0)
2026-04-25 23:40:48 - Find: select count(generatedAlias0) from Page as generatedAlias0 where generatedAlias0.site=:param0
2026-04-25 23:40:48 - Named parameters: {param0=searchengine.model.Site#128}
2026-04-25 23:40:48 - select count(page0_.id) as col_0_0_ from page page0_ where page0_.site_id=?
2026-04-25 23:40:48 - Registering last query statement [HikariProxyPreparedStatement@501089249 wrapping select count(page0_.id) as col_0_0_ from page page0_ where page0_.site_id=?]
2026-04-25 23:40:48 - binding parameter [1] as [INTEGER] - [128]
2026-04-25 23:40:48 - Starting after statement execution processing [ON_CLOSE]
2026-04-25 23:40:48 - Initializing non-lazy collections
2026-04-25 23:40:48 - Located HQL query plan in cache (select count(generatedAlias0) from Lemma as generatedAlias0 where generatedAlias0.site=:param0)
2026-04-25 23:40:48 - Find: select count(generatedAlias0) from Lemma as generatedAlias0 where generatedAlias0.site=:param0
2026-04-25 23:40:48 - Named parameters: {param0=searchengine.model.Site#128}
2026-04-25 23:40:48 - select count(lemma0_.id) as col_0_0_ from lemma lemma0_ where lemma0_.site_id=?
2026-04-25 23:40:48 - Registering last query statement [HikariProxyPreparedStatement@980874931 wrapping select count(lemma0_.id) as col_0_0_ from lemma lemma0_ where lemma0_.site_id=?]
2026-04-25 23:40:48 - binding parameter [1] as [INTEGER] - [128]
2026-04-25 23:40:48 - Starting after statement execution processing [ON_CLOSE]
2026-04-25 23:40:48 - Initializing non-lazy collections
2026-04-25 23:40:48 - Located HQL query plan in cache (select count(generatedAlias0) from Topic as generatedAlias0 left join generatedAlias0.site as generatedAlias1 where generatedAlias1.id=:param0)
2026-04-25 23:40:48 - Find: select count(generatedAlias0) from Topic as generatedAlias0 left join generatedAlias0.site as generatedAlias1 where generatedAlias1.id=:param0
2026-04-25 23:40:48 - Named parameters: {param0=128}
2026-04-25 23:40:49 - select count(topic0_.id) as col_0_0_ from topic topic0_ left outer join site site1_ on topic0_.site_id=site1_.id where site1_.id=?
2026-04-25 23:40:49 - Registering last query statement [HikariProxyPreparedStatement@269942201 wrapping select count(topic0_.id) as col_0_0_ from topic topic0_ left outer join site site1_ on topic0_.site_id=site1_.id where site1_.id=?]
2026-04-25 23:40:49 - binding parameter [1] as [INTEGER] - [128]
2026-04-25 23:40:49 - Starting after statement execution processing [ON_CLOSE]
2026-04-25 23:40:49 - Initializing non-lazy collections
2026-04-25 23:40:49 - Located HQL query plan in cache (select count(generatedAlias0) from Page as generatedAlias0 where generatedAlias0.site=:param0)
2026-04-25 23:40:49 - Find: select count(generatedAlias0) from Page as generatedAlias0 where generatedAlias0.site=:param0
2026-04-25 23:40:49 - Named parameters: {param0=searchengine.model.Site#129}
2026-04-25 23:40:49 - select count(page0_.id) as col_0_0_ from page page0_ where page0_.site_id=?
2026-04-25 23:40:49 - Registering last query statement [HikariProxyPreparedStatement@56109667 wrapping select count(page0_.id) as col_0_0_ from page page0_ where page0_.site_id=?]
2026-04-25 23:40:49 - binding parameter [1] as [INTEGER] - [129]
2026-04-25 23:40:49 - Starting after statement execution processing [ON_CLOSE]
2026-04-25 23:40:49 - Initializing non-lazy collections
2026-04-25 23:40:49 - Located HQL query plan in cache (select count(generatedAlias0) from Lemma as generatedAlias0 where generatedAlias0.site=:param0)
2026-04-25 23:40:49 - Find: select count(generatedAlias0) from Lemma as generatedAlias0 where generatedAlias0.site=:param0
2026-04-25 23:40:49 - Named parameters: {param0=searchengine.model.Site#129}
2026-04-25 23:40:49 - select count(lemma0_.id) as col_0_0_ from lemma lemma0_ where lemma0_.site_id=?
2026-04-25 23:40:49 - Registering last query statement [HikariProxyPreparedStatement@139793561 wrapping select count(lemma0_.id) as col_0_0_ from lemma lemma0_ where lemma0_.site_id=?]
2026-04-25 23:40:49 - binding parameter [1] as [INTEGER] - [129]
2026-04-25 23:40:49 - Starting after statement execution processing [ON_CLOSE]
2026-04-25 23:40:49 - Initializing non-lazy collections
2026-04-25 23:40:49 - Located HQL query plan in cache (select count(generatedAlias0) from Topic as generatedAlias0 left join generatedAlias0.site as generatedAlias1 where generatedAlias1.id=:param0)
2026-04-25 23:40:49 - Find: select count(generatedAlias0) from Topic as generatedAlias0 left join generatedAlias0.site as generatedAlias1 where generatedAlias1.id=:param0
2026-04-25 23:40:49 - Named parameters: {param0=129}
2026-04-25 23:40:49 - select count(topic0_.id) as col_0_0_ from topic topic0_ left outer join site site1_ on topic0_.site_id=site1_.id where site1_.id=?
2026-04-25 23:40:49 - Registering last query statement [HikariProxyPreparedStatement@1879308689 wrapping select count(topic0_.id) as col_0_0_ from topic topic0_ left outer join site site1_ on topic0_.site_id=site1_.id where site1_.id=?]
2026-04-25 23:40:49 - binding parameter [1] as [INTEGER] - [129]
2026-04-25 23:40:49 - Starting after statement execution processing [ON_CLOSE]
2026-04-25 23:40:49 - Initializing non-lazy collections
2026-04-25 23:40:49 - Closing JDBC container [org.hibernate.engine.jdbc.internal.JdbcCoordinatorImpl@314551ed]
2026-04-25 23:40:49 - Closing JDBC container [org.hibernate.engine.jdbc.internal.JdbcCoordinatorImpl@2f01153]
2026-04-25 23:40:49 - On TransactionImpl creation, JpaCompliance#isJpaTransactionComplianceEnabled == false
2026-04-25 23:40:49 - begin
2026-04-25 23:40:49 - Located HQL query plan in cache (select count(*) from Site x)
2026-04-25 23:40:49 - Find: select count(*) from Site x
2026-04-25 23:40:49 - Named parameters: {}
2026-04-25 23:40:49 - select count(*) as col_0_0_ from site site0_
2026-04-25 23:40:49 - Registering last query statement [HikariProxyPreparedStatement@625376571 wrapping select count(*) as col_0_0_ from site site0_]
2026-04-25 23:40:49 - Starting after statement execution processing [ON_CLOSE]
2026-04-25 23:40:49 - Initializing non-lazy collections
2026-04-25 23:40:49 - committing
2026-04-25 23:40:49 - begin
2026-04-25 23:40:49 - Located HQL query plan in cache (select count(*) from Page x)
2026-04-25 23:40:49 - Find: select count(*) from Page x
2026-04-25 23:40:49 - Named parameters: {}
2026-04-25 23:40:49 - select count(*) as col_0_0_ from page page0_
2026-04-25 23:40:49 - Registering last query statement [HikariProxyPreparedStatement@1431639833 wrapping select count(*) as col_0_0_ from page page0_]
2026-04-25 23:40:49 - Starting after statement execution processing [ON_CLOSE]
2026-04-25 23:40:49 - Initializing non-lazy collections
2026-04-25 23:40:49 - committing
2026-04-25 23:40:49 - begin
2026-04-25 23:40:49 - Located HQL query plan in cache (select count(*) from Lemma x)
2026-04-25 23:40:49 - Find: select count(*) from Lemma x
2026-04-25 23:40:49 - Named parameters: {}
2026-04-25 23:40:49 - select count(*) as col_0_0_ from lemma lemma0_
2026-04-25 23:40:49 - Registering last query statement [HikariProxyPreparedStatement@72648783 wrapping select count(*) as col_0_0_ from lemma lemma0_]
2026-04-25 23:40:49 - Starting after statement execution processing [ON_CLOSE]
2026-04-25 23:40:49 - Initializing non-lazy collections
2026-04-25 23:40:49 - committing
2026-04-25 23:40:49 - Located HQL query plan in cache (select generatedAlias0 from Site as generatedAlias0 where generatedAlias0.status=:param0)
2026-04-25 23:40:49 - Find: select generatedAlias0 from Site as generatedAlias0 where generatedAlias0.status=:param0
2026-04-25 23:40:49 - Named parameters: {param0=INDEXED}
2026-04-25 23:40:49 - select site0_.id as id1_3_, site0_.last_error as last_err2_3_, site0_.name as name3_3_, site0_.status as status4_3_, site0_.status_time as status_t5_3_, site0_.url as url6_3_ from site site0_ where site0_.status=?
2026-04-25 23:40:49 - Registering last query statement [HikariProxyPreparedStatement@1520744650 wrapping select site0_.id as id1_3_, site0_.last_error as last_err2_3_, site0_.name as name3_3_, site0_.status as status4_3_, site0_.status_time as status_t5_3_, site0_.url as url6_3_ from site site0_ where site0_.status=?]
2026-04-25 23:40:49 - binding parameter [1] as [VARCHAR] - [INDEXED]
2026-04-25 23:40:49 - Starting after statement execution processing [ON_CLOSE]
2026-04-25 23:40:49 - Initializing non-lazy collections
2026-04-25 23:40:49 - begin
2026-04-25 23:40:49 - Located HQL query plan in cache (select generatedAlias0 from Site as generatedAlias0)
2026-04-25 23:40:49 - Find: select generatedAlias0 from Site as generatedAlias0
2026-04-25 23:40:49 - Named parameters: {}
2026-04-25 23:40:49 - select site0_.id as id1_3_, site0_.last_error as last_err2_3_, site0_.name as name3_3_, site0_.status as status4_3_, site0_.status_time as status_t5_3_, site0_.url as url6_3_ from site site0_
2026-04-25 23:40:49 - Registering last query statement [HikariProxyPreparedStatement@64679325 wrapping select site0_.id as id1_3_, site0_.last_error as last_err2_3_, site0_.name as name3_3_, site0_.status as status4_3_, site0_.status_time as status_t5_3_, site0_.url as url6_3_ from site site0_]
2026-04-25 23:40:49 - Resolving attributes for [searchengine.model.Site#128]
2026-04-25 23:40:49 - Processing attribute `lastError` : value = Индексация остановлена пользователем
2026-04-25 23:40:49 - Attribute (`lastError`)  - enhanced for lazy-loading? - false
2026-04-25 23:40:49 - Processing attribute `name` : value = КИБЕРЛЕНИНКА
2026-04-25 23:40:49 - Attribute (`name`)  - enhanced for lazy-loading? - false
2026-04-25 23:40:49 - Processing attribute `pages` : value = NOT NULL COLLECTION
2026-04-25 23:40:49 - Attribute (`pages`)  - enhanced for lazy-loading? - false
2026-04-25 23:40:49 - Processing attribute `status` : value = FAILED
2026-04-25 23:40:49 - Attribute (`status`)  - enhanced for lazy-loading? - false
2026-04-25 23:40:49 - Processing attribute `statusTime` : value = 2026-04-19T22:03:38.655614
2026-04-25 23:40:49 - Attribute (`statusTime`)  - enhanced for lazy-loading? - false
2026-04-25 23:40:49 - Processing attribute `url` : value = https://cyberleninka.ru/
2026-04-25 23:40:49 - Attribute (`url`)  - enhanced for lazy-loading? - false
2026-04-25 23:40:49 - Done materializing entity [searchengine.model.Site#128]
2026-04-25 23:40:49 - Resolving attributes for [searchengine.model.Site#129]
2026-04-25 23:40:49 - Processing attribute `lastError` : value = Индексация остановлена пользователем
2026-04-25 23:40:49 - Attribute (`lastError`)  - enhanced for lazy-loading? - false
2026-04-25 23:40:49 - Processing attribute `name` : value = Журнал: Аграрная наука
2026-04-25 23:40:49 - Attribute (`name`)  - enhanced for lazy-loading? - false
2026-04-25 23:40:49 - Processing attribute `pages` : value = NOT NULL COLLECTION
2026-04-25 23:40:49 - Attribute (`pages`)  - enhanced for lazy-loading? - false
2026-04-25 23:40:49 - Processing attribute `status` : value = FAILED
2026-04-25 23:40:49 - Attribute (`status`)  - enhanced for lazy-loading? - false
2026-04-25 23:40:49 - Processing attribute `statusTime` : value = 2026-04-19T22:03:38.620442
2026-04-25 23:40:49 - Attribute (`statusTime`)  - enhanced for lazy-loading? - false
2026-04-25 23:40:49 - Processing attribute `url` : value = https://www.vetpress.ru/jour
2026-04-25 23:40:49 - Attribute (`url`)  - enhanced for lazy-loading? - false
2026-04-25 23:40:49 - Done materializing entity [searchengine.model.Site#129]
2026-04-25 23:40:49 - Starting after statement execution processing [ON_CLOSE]
2026-04-25 23:40:49 - Initializing non-lazy collections
2026-04-25 23:40:49 - committing
2026-04-25 23:40:49 - Located HQL query plan in cache (select count(generatedAlias0) from Page as generatedAlias0 where generatedAlias0.site=:param0)
2026-04-25 23:40:49 - Find: select count(generatedAlias0) from Page as generatedAlias0 where generatedAlias0.site=:param0
2026-04-25 23:40:49 - Named parameters: {param0=searchengine.model.Site#128}
2026-04-25 23:40:49 - select count(page0_.id) as col_0_0_ from page page0_ where page0_.site_id=?
2026-04-25 23:40:49 - Registering last query statement [HikariProxyPreparedStatement@2133907663 wrapping select count(page0_.id) as col_0_0_ from page page0_ where page0_.site_id=?]
2026-04-25 23:40:49 - binding parameter [1] as [INTEGER] - [128]
2026-04-25 23:40:49 - Starting after statement execution processing [ON_CLOSE]
2026-04-25 23:40:49 - Initializing non-lazy collections
2026-04-25 23:40:49 - Located HQL query plan in cache (select count(generatedAlias0) from Lemma as generatedAlias0 where generatedAlias0.site=:param0)
2026-04-25 23:40:49 - Find: select count(generatedAlias0) from Lemma as generatedAlias0 where generatedAlias0.site=:param0
2026-04-25 23:40:49 - Named parameters: {param0=searchengine.model.Site#128}
2026-04-25 23:40:49 - select count(lemma0_.id) as col_0_0_ from lemma lemma0_ where lemma0_.site_id=?
2026-04-25 23:40:49 - Registering last query statement [HikariProxyPreparedStatement@668964595 wrapping select count(lemma0_.id) as col_0_0_ from lemma lemma0_ where lemma0_.site_id=?]
2026-04-25 23:40:49 - binding parameter [1] as [INTEGER] - [128]
2026-04-25 23:40:49 - Starting after statement execution processing [ON_CLOSE]
2026-04-25 23:40:49 - Initializing non-lazy collections
2026-04-25 23:40:49 - Located HQL query plan in cache (select count(generatedAlias0) from Topic as generatedAlias0 left join generatedAlias0.site as generatedAlias1 where generatedAlias1.id=:param0)
2026-04-25 23:40:49 - Find: select count(generatedAlias0) from Topic as generatedAlias0 left join generatedAlias0.site as generatedAlias1 where generatedAlias1.id=:param0
2026-04-25 23:40:49 - Named parameters: {param0=128}
2026-04-25 23:40:49 - select count(topic0_.id) as col_0_0_ from topic topic0_ left outer join site site1_ on topic0_.site_id=site1_.id where site1_.id=?
2026-04-25 23:40:49 - Registering last query statement [HikariProxyPreparedStatement@1858655898 wrapping select count(topic0_.id) as col_0_0_ from topic topic0_ left outer join site site1_ on topic0_.site_id=site1_.id where site1_.id=?]
2026-04-25 23:40:49 - binding parameter [1] as [INTEGER] - [128]
2026-04-25 23:40:49 - Starting after statement execution processing [ON_CLOSE]
2026-04-25 23:40:49 - Initializing non-lazy collections
2026-04-25 23:40:49 - Located HQL query plan in cache (select count(generatedAlias0) from Page as generatedAlias0 where generatedAlias0.site=:param0)
2026-04-25 23:40:49 - Find: select count(generatedAlias0) from Page as generatedAlias0 where generatedAlias0.site=:param0
2026-04-25 23:40:49 - Named parameters: {param0=searchengine.model.Site#129}
2026-04-25 23:40:49 - select count(page0_.id) as col_0_0_ from page page0_ where page0_.site_id=?
2026-04-25 23:40:49 - Registering last query statement [HikariProxyPreparedStatement@1544276089 wrapping select count(page0_.id) as col_0_0_ from page page0_ where page0_.site_id=?]
2026-04-25 23:40:49 - binding parameter [1] as [INTEGER] - [129]
2026-04-25 23:40:49 - Starting after statement execution processing [ON_CLOSE]
2026-04-25 23:40:49 - Initializing non-lazy collections
2026-04-25 23:40:49 - Located HQL query plan in cache (select count(generatedAlias0) from Lemma as generatedAlias0 where generatedAlias0.site=:param0)
2026-04-25 23:40:49 - Find: select count(generatedAlias0) from Lemma as generatedAlias0 where generatedAlias0.site=:param0
2026-04-25 23:40:49 - Named parameters: {param0=searchengine.model.Site#129}
2026-04-25 23:40:49 - select count(lemma0_.id) as col_0_0_ from lemma lemma0_ where lemma0_.site_id=?
2026-04-25 23:40:49 - Registering last query statement [HikariProxyPreparedStatement@480341020 wrapping select count(lemma0_.id) as col_0_0_ from lemma lemma0_ where lemma0_.site_id=?]
2026-04-25 23:40:49 - binding parameter [1] as [INTEGER] - [129]
2026-04-25 23:40:49 - Starting after statement execution processing [ON_CLOSE]
2026-04-25 23:40:49 - Initializing non-lazy collections
2026-04-25 23:40:49 - Located HQL query plan in cache (select count(generatedAlias0) from Topic as generatedAlias0 left join generatedAlias0.site as generatedAlias1 where generatedAlias1.id=:param0)
2026-04-25 23:40:49 - Find: select count(generatedAlias0) from Topic as generatedAlias0 left join generatedAlias0.site as generatedAlias1 where generatedAlias1.id=:param0
2026-04-25 23:40:49 - Named parameters: {param0=129}
2026-04-25 23:40:49 - select count(topic0_.id) as col_0_0_ from topic topic0_ left outer join site site1_ on topic0_.site_id=site1_.id where site1_.id=?
2026-04-25 23:40:49 - Registering last query statement [HikariProxyPreparedStatement@1928575256 wrapping select count(topic0_.id) as col_0_0_ from topic topic0_ left outer join site site1_ on topic0_.site_id=site1_.id where site1_.id=?]
2026-04-25 23:40:49 - binding parameter [1] as [INTEGER] - [129]
2026-04-25 23:40:49 - Starting after statement execution processing [ON_CLOSE]
2026-04-25 23:40:49 - Initializing non-lazy collections
2026-04-25 23:40:49 - Closing JDBC container [org.hibernate.engine.jdbc.internal.JdbcCoordinatorImpl@6c38e856]
2026-04-25 23:40:49 - Closing JDBC container [org.hibernate.engine.jdbc.internal.JdbcCoordinatorImpl@5f14eabf]
2026-04-25 23:40:49 - Closing JDBC container [org.hibernate.engine.jdbc.internal.JdbcCoordinatorImpl@884cf25]
2026-04-25 23:40:49 - On TransactionImpl creation, JpaCompliance#isJpaTransactionComplianceEnabled == false
2026-04-25 23:40:49 - begin
2026-04-25 23:40:49 - Located HQL query plan in cache (select count(*) from Site x)
2026-04-25 23:40:49 - Find: select count(*) from Site x
2026-04-25 23:40:49 - Named parameters: {}
2026-04-25 23:40:49 - select count(*) as col_0_0_ from site site0_
2026-04-25 23:40:49 - Registering last query statement [HikariProxyPreparedStatement@1748521384 wrapping select count(*) as col_0_0_ from site site0_]
2026-04-25 23:40:49 - Starting after statement execution processing [ON_CLOSE]
2026-04-25 23:40:49 - Initializing non-lazy collections
2026-04-25 23:40:49 - committing
2026-04-25 23:40:49 - begin
2026-04-25 23:40:49 - Located HQL query plan in cache (select count(*) from Page x)
2026-04-25 23:40:49 - Find: select count(*) from Page x
2026-04-25 23:40:49 - Named parameters: {}
2026-04-25 23:40:49 - select count(*) as col_0_0_ from page page0_
2026-04-25 23:40:49 - Registering last query statement [HikariProxyPreparedStatement@216876766 wrapping select count(*) as col_0_0_ from page page0_]
2026-04-25 23:40:49 - Starting after statement execution processing [ON_CLOSE]
2026-04-25 23:40:49 - Initializing non-lazy collections
2026-04-25 23:40:49 - committing
2026-04-25 23:40:49 - begin
2026-04-25 23:40:49 - Located HQL query plan in cache (select count(*) from Lemma x)
2026-04-25 23:40:49 - Find: select count(*) from Lemma x
2026-04-25 23:40:49 - Named parameters: {}
2026-04-25 23:40:49 - select count(*) as col_0_0_ from lemma lemma0_
2026-04-25 23:40:49 - Registering last query statement [HikariProxyPreparedStatement@1653347279 wrapping select count(*) as col_0_0_ from lemma lemma0_]
2026-04-25 23:40:49 - Starting after statement execution processing [ON_CLOSE]
2026-04-25 23:40:49 - Initializing non-lazy collections
2026-04-25 23:40:49 - committing
2026-04-25 23:40:49 - Located HQL query plan in cache (select generatedAlias0 from Site as generatedAlias0 where generatedAlias0.status=:param0)
2026-04-25 23:40:49 - Find: select generatedAlias0 from Site as generatedAlias0 where generatedAlias0.status=:param0
2026-04-25 23:40:49 - Named parameters: {param0=INDEXED}
2026-04-25 23:40:49 - select site0_.id as id1_3_, site0_.last_error as last_err2_3_, site0_.name as name3_3_, site0_.status as status4_3_, site0_.status_time as status_t5_3_, site0_.url as url6_3_ from site site0_ where site0_.status=?
2026-04-25 23:40:49 - Registering last query statement [HikariProxyPreparedStatement@970785938 wrapping select site0_.id as id1_3_, site0_.last_error as last_err2_3_, site0_.name as name3_3_, site0_.status as status4_3_, site0_.status_time as status_t5_3_, site0_.url as url6_3_ from site site0_ where site0_.status=?]
2026-04-25 23:40:49 - binding parameter [1] as [VARCHAR] - [INDEXED]
2026-04-25 23:40:49 - Starting after statement execution processing [ON_CLOSE]
2026-04-25 23:40:49 - Initializing non-lazy collections
2026-04-25 23:40:49 - begin
2026-04-25 23:40:49 - Located HQL query plan in cache (select generatedAlias0 from Site as generatedAlias0)
2026-04-25 23:40:49 - Find: select generatedAlias0 from Site as generatedAlias0
2026-04-25 23:40:49 - Named parameters: {}
2026-04-25 23:40:49 - select site0_.id as id1_3_, site0_.last_error as last_err2_3_, site0_.name as name3_3_, site0_.status as status4_3_, site0_.status_time as status_t5_3_, site0_.url as url6_3_ from site site0_
2026-04-25 23:40:49 - Registering last query statement [HikariProxyPreparedStatement@852801137 wrapping select site0_.id as id1_3_, site0_.last_error as last_err2_3_, site0_.name as name3_3_, site0_.status as status4_3_, site0_.status_time as status_t5_3_, site0_.url as url6_3_ from site site0_]
2026-04-25 23:40:49 - Resolving attributes for [searchengine.model.Site#128]
2026-04-25 23:40:49 - Processing attribute `lastError` : value = Индексация остановлена пользователем
2026-04-25 23:40:49 - Attribute (`lastError`)  - enhanced for lazy-loading? - false
2026-04-25 23:40:49 - Processing attribute `name` : value = КИБЕРЛЕНИНКА
2026-04-25 23:40:49 - Attribute (`name`)  - enhanced for lazy-loading? - false
2026-04-25 23:40:49 - Processing attribute `pages` : value = NOT NULL COLLECTION
2026-04-25 23:40:49 - Attribute (`pages`)  - enhanced for lazy-loading? - false
2026-04-25 23:40:49 - Processing attribute `status` : value = FAILED
2026-04-25 23:40:49 - Attribute (`status`)  - enhanced for lazy-loading? - false
2026-04-25 23:40:49 - Processing attribute `statusTime` : value = 2026-04-19T22:03:38.655614
2026-04-25 23:40:49 - Attribute (`statusTime`)  - enhanced for lazy-loading? - false
2026-04-25 23:40:49 - Processing attribute `url` : value = https://cyberleninka.ru/
2026-04-25 23:40:49 - Attribute (`url`)  - enhanced for lazy-loading? - false
2026-04-25 23:40:49 - Done materializing entity [searchengine.model.Site#128]
2026-04-25 23:40:49 - Resolving attributes for [searchengine.model.Site#129]
2026-04-25 23:40:49 - Processing attribute `lastError` : value = Индексация остановлена пользователем
2026-04-25 23:40:49 - Attribute (`lastError`)  - enhanced for lazy-loading? - false
2026-04-25 23:40:49 - Processing attribute `name` : value = Журнал: Аграрная наука
2026-04-25 23:40:49 - Attribute (`name`)  - enhanced for lazy-loading? - false
2026-04-25 23:40:49 - Processing attribute `pages` : value = NOT NULL COLLECTION
2026-04-25 23:40:49 - Attribute (`pages`)  - enhanced for lazy-loading? - false
2026-04-25 23:40:49 - Processing attribute `status` : value = FAILED
2026-04-25 23:40:49 - Attribute (`status`)  - enhanced for lazy-loading? - false
2026-04-25 23:40:49 - Processing attribute `statusTime` : value = 2026-04-19T22:03:38.620442
2026-04-25 23:40:49 - Attribute (`statusTime`)  - enhanced for lazy-loading? - false
2026-04-25 23:40:49 - Processing attribute `url` : value = https://www.vetpress.ru/jour
2026-04-25 23:40:49 - Attribute (`url`)  - enhanced for lazy-loading? - false
2026-04-25 23:40:49 - Done materializing entity [searchengine.model.Site#129]
2026-04-25 23:40:49 - Starting after statement execution processing [ON_CLOSE]
2026-04-25 23:40:49 - Initializing non-lazy collections
2026-04-25 23:40:49 - committing
2026-04-25 23:40:49 - Located HQL query plan in cache (select count(generatedAlias0) from Page as generatedAlias0 where generatedAlias0.site=:param0)
2026-04-25 23:40:49 - Find: select count(generatedAlias0) from Page as generatedAlias0 where generatedAlias0.site=:param0
2026-04-25 23:40:49 - Named parameters: {param0=searchengine.model.Site#128}
2026-04-25 23:40:49 - select count(page0_.id) as col_0_0_ from page page0_ where page0_.site_id=?
2026-04-25 23:40:49 - Registering last query statement [HikariProxyPreparedStatement@355422339 wrapping select count(page0_.id) as col_0_0_ from page page0_ where page0_.site_id=?]
2026-04-25 23:40:49 - binding parameter [1] as [INTEGER] - [128]
2026-04-25 23:40:49 - Starting after statement execution processing [ON_CLOSE]
2026-04-25 23:40:49 - Initializing non-lazy collections
2026-04-25 23:40:49 - Located HQL query plan in cache (select count(generatedAlias0) from Lemma as generatedAlias0 where generatedAlias0.site=:param0)
2026-04-25 23:40:49 - Find: select count(generatedAlias0) from Lemma as generatedAlias0 where generatedAlias0.site=:param0
2026-04-25 23:40:49 - Named parameters: {param0=searchengine.model.Site#128}
2026-04-25 23:40:49 - select count(lemma0_.id) as col_0_0_ from lemma lemma0_ where lemma0_.site_id=?
2026-04-25 23:40:49 - Registering last query statement [HikariProxyPreparedStatement@6450556 wrapping select count(lemma0_.id) as col_0_0_ from lemma lemma0_ where lemma0_.site_id=?]
2026-04-25 23:40:49 - binding parameter [1] as [INTEGER] - [128]
2026-04-25 23:40:49 - Starting after statement execution processing [ON_CLOSE]
2026-04-25 23:40:49 - Initializing non-lazy collections
2026-04-25 23:40:49 - Located HQL query plan in cache (select count(generatedAlias0) from Topic as generatedAlias0 left join generatedAlias0.site as generatedAlias1 where generatedAlias1.id=:param0)
2026-04-25 23:40:49 - Find: select count(generatedAlias0) from Topic as generatedAlias0 left join generatedAlias0.site as generatedAlias1 where generatedAlias1.id=:param0
2026-04-25 23:40:49 - Named parameters: {param0=128}
2026-04-25 23:40:49 - select count(topic0_.id) as col_0_0_ from topic topic0_ left outer join site site1_ on topic0_.site_id=site1_.id where site1_.id=?
2026-04-25 23:40:49 - Registering last query statement [HikariProxyPreparedStatement@2053950836 wrapping select count(topic0_.id) as col_0_0_ from topic topic0_ left outer join site site1_ on topic0_.site_id=site1_.id where site1_.id=?]
2026-04-25 23:40:49 - binding parameter [1] as [INTEGER] - [128]
2026-04-25 23:40:49 - Starting after statement execution processing [ON_CLOSE]
2026-04-25 23:40:49 - Initializing non-lazy collections
2026-04-25 23:40:49 - Located HQL query plan in cache (select count(generatedAlias0) from Page as generatedAlias0 where generatedAlias0.site=:param0)
2026-04-25 23:40:49 - Find: select count(generatedAlias0) from Page as generatedAlias0 where generatedAlias0.site=:param0
2026-04-25 23:40:49 - Named parameters: {param0=searchengine.model.Site#129}
2026-04-25 23:40:49 - select count(page0_.id) as col_0_0_ from page page0_ where page0_.site_id=?
2026-04-25 23:40:49 - Registering last query statement [HikariProxyPreparedStatement@336394453 wrapping select count(page0_.id) as col_0_0_ from page page0_ where page0_.site_id=?]
2026-04-25 23:40:49 - binding parameter [1] as [INTEGER] - [129]
2026-04-25 23:40:49 - Starting after statement execution processing [ON_CLOSE]
2026-04-25 23:40:49 - Initializing non-lazy collections
2026-04-25 23:40:49 - Located HQL query plan in cache (select count(generatedAlias0) from Lemma as generatedAlias0 where generatedAlias0.site=:param0)
2026-04-25 23:40:49 - Find: select count(generatedAlias0) from Lemma as generatedAlias0 where generatedAlias0.site=:param0
2026-04-25 23:40:49 - Named parameters: {param0=searchengine.model.Site#129}
2026-04-25 23:40:49 - select count(lemma0_.id) as col_0_0_ from lemma lemma0_ where lemma0_.site_id=?
2026-04-25 23:40:49 - Registering last query statement [HikariProxyPreparedStatement@1544268985 wrapping select count(lemma0_.id) as col_0_0_ from lemma lemma0_ where lemma0_.site_id=?]
2026-04-25 23:40:49 - binding parameter [1] as [INTEGER] - [129]
2026-04-25 23:40:49 - Starting after statement execution processing [ON_CLOSE]
2026-04-25 23:40:49 - Initializing non-lazy collections
2026-04-25 23:40:49 - Located HQL query plan in cache (select count(generatedAlias0) from Topic as generatedAlias0 left join generatedAlias0.site as generatedAlias1 where generatedAlias1.id=:param0)
2026-04-25 23:40:49 - Find: select count(generatedAlias0) from Topic as generatedAlias0 left join generatedAlias0.site as generatedAlias1 where generatedAlias1.id=:param0
2026-04-25 23:40:49 - Named parameters: {param0=129}
2026-04-25 23:40:49 - select count(topic0_.id) as col_0_0_ from topic topic0_ left outer join site site1_ on topic0_.site_id=site1_.id where site1_.id=?
2026-04-25 23:40:49 - Registering last query statement [HikariProxyPreparedStatement@460725422 wrapping select count(topic0_.id) as col_0_0_ from topic topic0_ left outer join site site1_ on topic0_.site_id=site1_.id where site1_.id=?]
2026-04-25 23:40:49 - binding parameter [1] as [INTEGER] - [129]
2026-04-25 23:40:49 - Starting after statement execution processing [ON_CLOSE]
2026-04-25 23:40:49 - Initializing non-lazy collections
2026-04-25 23:40:49 - Closing JDBC container [org.hibernate.engine.jdbc.internal.JdbcCoordinatorImpl@5c3a35cb]
2026-04-25 23:41:08 - HikariPool-1 - Pool stats (total=10, active=0, idle=10, waiting=0)
2026-04-25 23:41:08 - HikariPool-1 - Fill pool skipped, pool is at sufficient level.
2026-04-25 23:41:38 - HikariPool-1 - Pool stats (total=10, active=0, idle=10, waiting=0)
2026-04-25 23:41:38 - HikariPool-1 - Fill pool skipped, pool is at sufficient level.
2026-04-25 23:42:08 - HikariPool-1 - Pool stats (total=10, active=0, idle=10, waiting=0)
2026-04-25 23:42:08 - HikariPool-1 - Fill pool skipped, pool is at sufficient level.
2026-04-25 23:42:38 - HikariPool-1 - Pool stats (total=10, active=0, idle=10, waiting=0)
2026-04-25 23:42:38 - HikariPool-1 - Fill pool skipped, pool is at sufficient level.
2026-04-25 23:43:08 - HikariPool-1 - Pool stats (total=10, active=0, idle=10, waiting=0)
2026-04-25 23:43:08 - HikariPool-1 - Fill pool skipped, pool is at sufficient level.
2026-04-25 23:43:38 - HikariPool-1 - Pool stats (total=10, active=0, idle=10, waiting=0)
2026-04-25 23:43:38 - HikariPool-1 - Fill pool skipped, pool is at sufficient level.
2026-04-25 23:44:08 - HikariPool-1 - Pool stats (total=10, active=0, idle=10, waiting=0)
2026-04-25 23:44:08 - HikariPool-1 - Fill pool skipped, pool is at sufficient level.
2026-04-25 23:44:38 - HikariPool-1 - Pool stats (total=10, active=0, idle=10, waiting=0)
2026-04-25 23:44:38 - HikariPool-1 - Fill pool skipped, pool is at sufficient level.
2026-04-25 23:45:08 - HikariPool-1 - Pool stats (total=10, active=0, idle=10, waiting=0)
2026-04-25 23:45:08 - HikariPool-1 - Fill pool skipped, pool is at sufficient level.
2026-04-25 23:45:38 - HikariPool-1 - Pool stats (total=10, active=0, idle=10, waiting=0)
2026-04-25 23:45:38 - HikariPool-1 - Fill pool skipped, pool is at sufficient level.
2026-04-25 23:46:08 - HikariPool-1 - Pool stats (total=10, active=0, idle=10, waiting=0)
2026-04-25 23:46:08 - HikariPool-1 - Fill pool skipped, pool is at sufficient level.
2026-04-25 23:46:38 - HikariPool-1 - Pool stats (total=10, active=0, idle=10, waiting=0)
2026-04-25 23:46:38 - HikariPool-1 - Fill pool skipped, pool is at sufficient level.
2026-04-25 23:47:00 - Closing JDBC container [org.hibernate.engine.jdbc.internal.JdbcCoordinatorImpl@53c578f8]
2026-04-25 23:47:00 - Closing JDBC container [org.hibernate.engine.jdbc.internal.JdbcCoordinatorImpl@6c54b9a9]
2026-04-25 23:47:00 - On TransactionImpl creation, JpaCompliance#isJpaTransactionComplianceEnabled == false
2026-04-25 23:47:00 - begin
2026-04-25 23:47:00 - Located HQL query plan in cache (select count(*) from Site x)
2026-04-25 23:47:00 - Find: select count(*) from Site x
2026-04-25 23:47:00 - Named parameters: {}
2026-04-25 23:47:00 - select count(*) as col_0_0_ from site site0_
2026-04-25 23:47:00 - Registering last query statement [HikariProxyPreparedStatement@971301795 wrapping select count(*) as col_0_0_ from site site0_]
2026-04-25 23:47:00 - Starting after statement execution processing [ON_CLOSE]
2026-04-25 23:47:00 - Initializing non-lazy collections
2026-04-25 23:47:00 - committing
2026-04-25 23:47:00 - begin
2026-04-25 23:47:00 - Located HQL query plan in cache (select count(*) from Page x)
2026-04-25 23:47:00 - Find: select count(*) from Page x
2026-04-25 23:47:00 - Named parameters: {}
2026-04-25 23:47:00 - select count(*) as col_0_0_ from page page0_
2026-04-25 23:47:00 - Registering last query statement [HikariProxyPreparedStatement@1213438178 wrapping select count(*) as col_0_0_ from page page0_]
2026-04-25 23:47:00 - Starting after statement execution processing [ON_CLOSE]
2026-04-25 23:47:00 - Initializing non-lazy collections
2026-04-25 23:47:00 - committing
2026-04-25 23:47:00 - begin
2026-04-25 23:47:00 - Located HQL query plan in cache (select count(*) from Lemma x)
2026-04-25 23:47:00 - Find: select count(*) from Lemma x
2026-04-25 23:47:00 - Named parameters: {}
2026-04-25 23:47:00 - select count(*) as col_0_0_ from lemma lemma0_
2026-04-25 23:47:00 - Registering last query statement [HikariProxyPreparedStatement@213439396 wrapping select count(*) as col_0_0_ from lemma lemma0_]
2026-04-25 23:47:00 - Starting after statement execution processing [ON_CLOSE]
2026-04-25 23:47:00 - Initializing non-lazy collections
2026-04-25 23:47:00 - committing
2026-04-25 23:47:00 - Located HQL query plan in cache (select generatedAlias0 from Site as generatedAlias0 where generatedAlias0.status=:param0)
2026-04-25 23:47:00 - Find: select generatedAlias0 from Site as generatedAlias0 where generatedAlias0.status=:param0
2026-04-25 23:47:00 - Named parameters: {param0=INDEXED}
2026-04-25 23:47:00 - select site0_.id as id1_3_, site0_.last_error as last_err2_3_, site0_.name as name3_3_, site0_.status as status4_3_, site0_.status_time as status_t5_3_, site0_.url as url6_3_ from site site0_ where site0_.status=?
2026-04-25 23:47:00 - Registering last query statement [HikariProxyPreparedStatement@297926731 wrapping select site0_.id as id1_3_, site0_.last_error as last_err2_3_, site0_.name as name3_3_, site0_.status as status4_3_, site0_.status_time as status_t5_3_, site0_.url as url6_3_ from site site0_ where site0_.status=?]
2026-04-25 23:47:00 - binding parameter [1] as [VARCHAR] - [INDEXED]
2026-04-25 23:47:00 - Starting after statement execution processing [ON_CLOSE]
2026-04-25 23:47:00 - Initializing non-lazy collections
2026-04-25 23:47:00 - begin
2026-04-25 23:47:00 - Located HQL query plan in cache (select generatedAlias0 from Site as generatedAlias0)
2026-04-25 23:47:00 - Find: select generatedAlias0 from Site as generatedAlias0
2026-04-25 23:47:00 - Named parameters: {}
2026-04-25 23:47:00 - select site0_.id as id1_3_, site0_.last_error as last_err2_3_, site0_.name as name3_3_, site0_.status as status4_3_, site0_.status_time as status_t5_3_, site0_.url as url6_3_ from site site0_
2026-04-25 23:47:00 - Registering last query statement [HikariProxyPreparedStatement@2008198556 wrapping select site0_.id as id1_3_, site0_.last_error as last_err2_3_, site0_.name as name3_3_, site0_.status as status4_3_, site0_.status_time as status_t5_3_, site0_.url as url6_3_ from site site0_]
2026-04-25 23:47:00 - Resolving attributes for [searchengine.model.Site#128]
2026-04-25 23:47:00 - Processing attribute `lastError` : value = Индексация остановлена пользователем
2026-04-25 23:47:00 - Attribute (`lastError`)  - enhanced for lazy-loading? - false
2026-04-25 23:47:00 - Processing attribute `name` : value = КИБЕРЛЕНИНКА
2026-04-25 23:47:00 - Attribute (`name`)  - enhanced for lazy-loading? - false
2026-04-25 23:47:00 - Processing attribute `pages` : value = NOT NULL COLLECTION
2026-04-25 23:47:00 - Attribute (`pages`)  - enhanced for lazy-loading? - false
2026-04-25 23:47:00 - Processing attribute `status` : value = FAILED
2026-04-25 23:47:00 - Attribute (`status`)  - enhanced for lazy-loading? - false
2026-04-25 23:47:00 - Processing attribute `statusTime` : value = 2026-04-19T22:03:38.655614
2026-04-25 23:47:00 - Attribute (`statusTime`)  - enhanced for lazy-loading? - false
2026-04-25 23:47:00 - Processing attribute `url` : value = https://cyberleninka.ru/
2026-04-25 23:47:00 - Attribute (`url`)  - enhanced for lazy-loading? - false
2026-04-25 23:47:00 - Done materializing entity [searchengine.model.Site#128]
2026-04-25 23:47:00 - Resolving attributes for [searchengine.model.Site#129]
2026-04-25 23:47:00 - Processing attribute `lastError` : value = Индексация остановлена пользователем
2026-04-25 23:47:00 - Attribute (`lastError`)  - enhanced for lazy-loading? - false
2026-04-25 23:47:00 - Processing attribute `name` : value = Журнал: Аграрная наука
2026-04-25 23:47:00 - Attribute (`name`)  - enhanced for lazy-loading? - false
2026-04-25 23:47:00 - Processing attribute `pages` : value = NOT NULL COLLECTION
2026-04-25 23:47:00 - Attribute (`pages`)  - enhanced for lazy-loading? - false
2026-04-25 23:47:00 - Processing attribute `status` : value = FAILED
2026-04-25 23:47:00 - Attribute (`status`)  - enhanced for lazy-loading? - false
2026-04-25 23:47:00 - Processing attribute `statusTime` : value = 2026-04-19T22:03:38.620442
2026-04-25 23:47:00 - Attribute (`statusTime`)  - enhanced for lazy-loading? - false
2026-04-25 23:47:00 - Processing attribute `url` : value = https://www.vetpress.ru/jour
2026-04-25 23:47:00 - Attribute (`url`)  - enhanced for lazy-loading? - false
2026-04-25 23:47:00 - Done materializing entity [searchengine.model.Site#129]
2026-04-25 23:47:00 - Starting after statement execution processing [ON_CLOSE]
2026-04-25 23:47:00 - Initializing non-lazy collections
2026-04-25 23:47:00 - committing
2026-04-25 23:47:00 - Located HQL query plan in cache (select count(generatedAlias0) from Page as generatedAlias0 where generatedAlias0.site=:param0)
2026-04-25 23:47:00 - Find: select count(generatedAlias0) from Page as generatedAlias0 where generatedAlias0.site=:param0
2026-04-25 23:47:00 - Named parameters: {param0=searchengine.model.Site#128}
2026-04-25 23:47:00 - select count(page0_.id) as col_0_0_ from page page0_ where page0_.site_id=?
2026-04-25 23:47:00 - Registering last query statement [HikariProxyPreparedStatement@118945595 wrapping select count(page0_.id) as col_0_0_ from page page0_ where page0_.site_id=?]
2026-04-25 23:47:00 - binding parameter [1] as [INTEGER] - [128]
2026-04-25 23:47:00 - Starting after statement execution processing [ON_CLOSE]
2026-04-25 23:47:00 - Initializing non-lazy collections
2026-04-25 23:47:00 - Located HQL query plan in cache (select count(generatedAlias0) from Lemma as generatedAlias0 where generatedAlias0.site=:param0)
2026-04-25 23:47:00 - Find: select count(generatedAlias0) from Lemma as generatedAlias0 where generatedAlias0.site=:param0
2026-04-25 23:47:00 - Named parameters: {param0=searchengine.model.Site#128}
2026-04-25 23:47:00 - select count(lemma0_.id) as col_0_0_ from lemma lemma0_ where lemma0_.site_id=?
2026-04-25 23:47:00 - Registering last query statement [HikariProxyPreparedStatement@1228899037 wrapping select count(lemma0_.id) as col_0_0_ from lemma lemma0_ where lemma0_.site_id=?]
2026-04-25 23:47:00 - binding parameter [1] as [INTEGER] - [128]
2026-04-25 23:47:00 - Starting after statement execution processing [ON_CLOSE]
2026-04-25 23:47:00 - Initializing non-lazy collections
2026-04-25 23:47:00 - Located HQL query plan in cache (select count(generatedAlias0) from Topic as generatedAlias0 left join generatedAlias0.site as generatedAlias1 where generatedAlias1.id=:param0)
2026-04-25 23:47:00 - Find: select count(generatedAlias0) from Topic as generatedAlias0 left join generatedAlias0.site as generatedAlias1 where generatedAlias1.id=:param0
2026-04-25 23:47:00 - Named parameters: {param0=128}
2026-04-25 23:47:00 - select count(topic0_.id) as col_0_0_ from topic topic0_ left outer join site site1_ on topic0_.site_id=site1_.id where site1_.id=?
2026-04-25 23:47:00 - Registering last query statement [HikariProxyPreparedStatement@136588462 wrapping select count(topic0_.id) as col_0_0_ from topic topic0_ left outer join site site1_ on topic0_.site_id=site1_.id where site1_.id=?]
2026-04-25 23:47:00 - binding parameter [1] as [INTEGER] - [128]
2026-04-25 23:47:00 - Starting after statement execution processing [ON_CLOSE]
2026-04-25 23:47:00 - Initializing non-lazy collections
2026-04-25 23:47:00 - Located HQL query plan in cache (select count(generatedAlias0) from Page as generatedAlias0 where generatedAlias0.site=:param0)
2026-04-25 23:47:00 - Find: select count(generatedAlias0) from Page as generatedAlias0 where generatedAlias0.site=:param0
2026-04-25 23:47:00 - Named parameters: {param0=searchengine.model.Site#129}
2026-04-25 23:47:00 - select count(page0_.id) as col_0_0_ from page page0_ where page0_.site_id=?
2026-04-25 23:47:00 - Registering last query statement [HikariProxyPreparedStatement@2102142603 wrapping select count(page0_.id) as col_0_0_ from page page0_ where page0_.site_id=?]
2026-04-25 23:47:00 - binding parameter [1] as [INTEGER] - [129]
2026-04-25 23:47:00 - Starting after statement execution processing [ON_CLOSE]
2026-04-25 23:47:00 - Initializing non-lazy collections
2026-04-25 23:47:00 - Located HQL query plan in cache (select count(generatedAlias0) from Lemma as generatedAlias0 where generatedAlias0.site=:param0)
2026-04-25 23:47:00 - Find: select count(generatedAlias0) from Lemma as generatedAlias0 where generatedAlias0.site=:param0
2026-04-25 23:47:00 - Named parameters: {param0=searchengine.model.Site#129}
2026-04-25 23:47:00 - select count(lemma0_.id) as col_0_0_ from lemma lemma0_ where lemma0_.site_id=?
2026-04-25 23:47:00 - Registering last query statement [HikariProxyPreparedStatement@824640183 wrapping select count(lemma0_.id) as col_0_0_ from lemma lemma0_ where lemma0_.site_id=?]
2026-04-25 23:47:00 - binding parameter [1] as [INTEGER] - [129]
2026-04-25 23:47:00 - Starting after statement execution processing [ON_CLOSE]
2026-04-25 23:47:00 - Initializing non-lazy collections
2026-04-25 23:47:00 - Located HQL query plan in cache (select count(generatedAlias0) from Topic as generatedAlias0 left join generatedAlias0.site as generatedAlias1 where generatedAlias1.id=:param0)
2026-04-25 23:47:00 - Find: select count(generatedAlias0) from Topic as generatedAlias0 left join generatedAlias0.site as generatedAlias1 where generatedAlias1.id=:param0
2026-04-25 23:47:00 - Named parameters: {param0=129}
2026-04-25 23:47:00 - select count(topic0_.id) as col_0_0_ from topic topic0_ left outer join site site1_ on topic0_.site_id=site1_.id where site1_.id=?
2026-04-25 23:47:00 - Registering last query statement [HikariProxyPreparedStatement@1723461719 wrapping select count(topic0_.id) as col_0_0_ from topic topic0_ left outer join site site1_ on topic0_.site_id=site1_.id where site1_.id=?]
2026-04-25 23:47:00 - binding parameter [1] as [INTEGER] - [129]
2026-04-25 23:47:00 - Starting after statement execution processing [ON_CLOSE]
2026-04-25 23:47:00 - Initializing non-lazy collections
2026-04-25 23:47:00 - Closing JDBC container [org.hibernate.engine.jdbc.internal.JdbcCoordinatorImpl@f4fa573]
2026-04-25 23:47:08 - HikariPool-1 - Pool stats (total=10, active=0, idle=10, waiting=0)
2026-04-25 23:47:08 - HikariPool-1 - Fill pool skipped, pool is at sufficient level.
2026-04-25 23:47:38 - HikariPool-1 - Pool stats (total=10, active=0, idle=10, waiting=0)
2026-04-25 23:47:38 - HikariPool-1 - Fill pool skipped, pool is at sufficient level.
2026-04-25 23:48:08 - HikariPool-1 - Pool stats (total=10, active=0, idle=10, waiting=0)
2026-04-25 23:48:08 - HikariPool-1 - Fill pool skipped, pool is at sufficient level.
2026-04-25 23:48:38 - HikariPool-1 - Pool stats (total=10, active=0, idle=10, waiting=0)
2026-04-25 23:48:38 - HikariPool-1 - Fill pool skipped, pool is at sufficient level.
2026-04-25 23:49:08 - HikariPool-1 - Pool stats (total=10, active=0, idle=10, waiting=0)
2026-04-25 23:49:08 - HikariPool-1 - Fill pool skipped, pool is at sufficient level.
2026-04-25 23:49:38 - HikariPool-1 - Pool stats (total=10, active=0, idle=10, waiting=0)
2026-04-25 23:49:38 - HikariPool-1 - Fill pool skipped, pool is at sufficient level.
2026-04-25 23:49:42 - Closing JPA EntityManagerFactory for persistence unit 'default'
2026-04-25 23:49:42 - Cleaning QueryPlan Cache
2026-04-25 23:49:42 - HikariPool-1 - Shutdown initiated...
2026-04-25 23:49:42 - HikariPool-1 - Before shutdown stats (total=10, active=0, idle=10, waiting=0)
2026-04-25 23:49:42 - HikariPool-1 - Closing connection org.postgresql.jdbc.PgConnection@75eaba95: (connection evicted)
2026-04-25 23:49:42 - HikariPool-1 - Closing connection org.postgresql.jdbc.PgConnection@449c63a6: (connection evicted)
2026-04-25 23:49:42 - HikariPool-1 - Closing connection org.postgresql.jdbc.PgConnection@19ef551: (connection evicted)
2026-04-25 23:49:42 - HikariPool-1 - Closing connection org.postgresql.jdbc.PgConnection@17f341cc: (connection evicted)
2026-04-25 23:49:42 - HikariPool-1 - Closing connection org.postgresql.jdbc.PgConnection@61b10a1e: (connection evicted)
2026-04-25 23:49:42 - HikariPool-1 - Closing connection org.postgresql.jdbc.PgConnection@1de7333b: (connection evicted)
2026-04-25 23:49:42 - HikariPool-1 - Closing connection org.postgresql.jdbc.PgConnection@187c1b9: (connection evicted)
2026-04-25 23:49:42 - HikariPool-1 - Closing connection org.postgresql.jdbc.PgConnection@cf70d64: (connection evicted)
2026-04-25 23:49:42 - HikariPool-1 - Closing connection org.postgresql.jdbc.PgConnection@65ff171e: (connection evicted)
2026-04-25 23:49:42 - HikariPool-1 - Closing connection org.postgresql.jdbc.PgConnection@41a59e71: (connection evicted)
2026-04-25 23:49:42 - HikariPool-1 - After shutdown stats (total=0, active=0, idle=0, waiting=0)
2026-04-25 23:49:42 - HikariPool-1 - Shutdown completed.
2026-04-25 23:49:46 - Starting Application using Java 17.0.17 on DESKTOP-STM7KQV with PID 21860 (C:\Users\User\IdeaProjects\themes\Searchengine_1\target\classes started by User in C:\Users\User\IdeaProjects\themes)
2026-04-25 23:49:46 - No active profile set, falling back to 1 default profile: "default"
2026-04-25 23:49:47 - Bootstrapping Spring Data JPA repositories in DEFAULT mode.
2026-04-25 23:49:47 - Finished Spring Data repository scanning in 172 ms. Found 7 JPA repository interfaces.
2026-04-25 23:49:48 - Tomcat initialized with port(s): 8080 (http)
2026-04-25 23:49:48 - Starting service [Tomcat]
2026-04-25 23:49:48 - Starting Servlet engine: [Apache Tomcat/9.0.64]
2026-04-25 23:49:48 - Initializing Spring embedded WebApplicationContext
2026-04-25 23:49:48 - Root WebApplicationContext: initialization completed in 2141 ms
2026-04-25 23:49:48 - Driver class org.postgresql.Driver found in Thread context class loader jdk.internal.loader.ClassLoaders$AppClassLoader@1d44bcfa
2026-04-25 23:49:49 - HikariPool-1 - configuration:
2026-04-25 23:49:49 - allowPoolSuspension................................false
2026-04-25 23:49:49 - autoCommit................................true
2026-04-25 23:49:49 - catalog................................none
2026-04-25 23:49:49 - connectionInitSql................................none
2026-04-25 23:49:49 - connectionTestQuery................................none
2026-04-25 23:49:49 - connectionTimeout................................30000
2026-04-25 23:49:49 - dataSource................................none
2026-04-25 23:49:49 - dataSourceClassName................................none
2026-04-25 23:49:49 - dataSourceJNDI................................none
2026-04-25 23:49:49 - dataSourceProperties................................{password=<masked>}
2026-04-25 23:49:49 - driverClassName................................"org.postgresql.Driver"
2026-04-25 23:49:49 - exceptionOverrideClassName................................none
2026-04-25 23:49:49 - healthCheckProperties................................{}
2026-04-25 23:49:49 - healthCheckRegistry................................none
2026-04-25 23:49:49 - idleTimeout................................600000
2026-04-25 23:49:49 - initializationFailTimeout................................1
2026-04-25 23:49:49 - isolateInternalQueries................................false
2026-04-25 23:49:49 - jdbcUrl................................jdbc:postgresql://localhost:5432/postgres
2026-04-25 23:49:49 - keepaliveTime................................0
2026-04-25 23:49:49 - leakDetectionThreshold................................0
2026-04-25 23:49:49 - maxLifetime................................1800000
2026-04-25 23:49:49 - maximumPoolSize................................10
2026-04-25 23:49:49 - metricRegistry................................none
2026-04-25 23:49:49 - metricsTrackerFactory................................none
2026-04-25 23:49:49 - minimumIdle................................10
2026-04-25 23:49:49 - password................................<masked>
2026-04-25 23:49:49 - poolName................................"HikariPool-1"
2026-04-25 23:49:49 - readOnly................................false
2026-04-25 23:49:49 - registerMbeans................................false
2026-04-25 23:49:49 - scheduledExecutor................................none
2026-04-25 23:49:49 - schema................................none
2026-04-25 23:49:49 - threadFactory................................internal
2026-04-25 23:49:49 - transactionIsolation................................default
2026-04-25 23:49:49 - username................................"postgres"
2026-04-25 23:49:49 - validationTimeout................................5000
2026-04-25 23:49:49 - HikariPool-1 - Starting...
2026-04-25 23:49:49 - HikariPool-1 - Added connection org.postgresql.jdbc.PgConnection@75eaba95
2026-04-25 23:49:49 - HikariPool-1 - Start completed.
2026-04-25 23:49:49 - HikariPool-1 - Pool stats (total=1, active=1, idle=0, waiting=0)
2026-04-25 23:49:49 - HikariPool-1 - Added connection org.postgresql.jdbc.PgConnection@7ede0a22
2026-04-25 23:49:49 - Set default schema name to public
2026-04-25 23:49:49 - HikariPool-1 - Added connection org.postgresql.jdbc.PgConnection@3bdc8b9d
2026-04-25 23:49:49 - HikariPool-1 - Added connection org.postgresql.jdbc.PgConnection@4ac97b9
2026-04-25 23:49:49 - Successfully acquired change log lock
2026-04-25 23:49:49 - HikariPool-1 - Added connection org.postgresql.jdbc.PgConnection@5bf374d2
2026-04-25 23:49:49 - HikariPool-1 - Added connection org.postgresql.jdbc.PgConnection@1d08ab90
2026-04-25 23:49:49 - HikariPool-1 - Added connection org.postgresql.jdbc.PgConnection@7fd93856
2026-04-25 23:49:49 - HikariPool-1 - Added connection org.postgresql.jdbc.PgConnection@1fa8794b
2026-04-25 23:49:49 - HikariPool-1 - Added connection org.postgresql.jdbc.PgConnection@5fbdcb88
2026-04-25 23:49:49 - HikariPool-1 - Added connection org.postgresql.jdbc.PgConnection@731bfc4
2026-04-25 23:49:49 - HikariPool-1 - After adding stats (total=10, active=1, idle=9, waiting=0)
2026-04-25 23:49:50 - Reading from public.databasechangelog
2026-04-25 23:49:50 - Successfully released change log lock
2026-04-25 23:49:50 - HHH000204: Processing PersistenceUnitInfo [name: default]
2026-04-25 23:49:50 - HHH000412: Hibernate ORM core version 5.6.9.Final
2026-04-25 23:49:50 - HCANN000001: Hibernate Commons Annotations {5.1.2.Final}
2026-04-25 23:49:51 - Database ->
       name : PostgreSQL
    version : 18.1
      major : 18
      minor : 1
2026-04-25 23:49:51 - Driver ->
       name : PostgreSQL JDBC Driver
    version : 42.3.6
      major : 42
      minor : 3
2026-04-25 23:49:51 - JDBC version : 4.2
2026-04-25 23:49:51 - HHH000400: Using dialect: org.hibernate.dialect.PostgreSQLDialect
2026-04-25 23:49:51 - JDBC driver metadata reported database stores quoted identifiers in neither upper, lower nor mixed case
2026-04-25 23:49:51 - Normalizing identifier quoting [postgres]
2026-04-25 23:49:51 - Normalizing identifier quoting [public]
2026-04-25 23:49:51 - Normalizing identifier quoting [DTYPE]
2026-04-25 23:49:51 - Normalizing identifier quoting [lemma]
2026-04-25 23:49:51 - Normalizing identifier quoting [lemma]
2026-04-25 23:49:51 - Normalizing identifier quoting [id]
2026-04-25 23:49:51 - Normalizing identifier quoting [id]
2026-04-25 23:49:51 - Normalizing identifier quoting [id]
2026-04-25 23:49:51 - Normalizing identifier quoting [id]
2026-04-25 23:49:51 - Normalizing identifier quoting [id]
2026-04-25 23:49:51 - Normalizing identifier quoting [frequency]
2026-04-25 23:49:51 - Normalizing identifier quoting [frequency]
2026-04-25 23:49:51 - Normalizing identifier quoting [frequency]
2026-04-25 23:49:51 - Normalizing identifier quoting [frequency]
2026-04-25 23:49:51 - Normalizing identifier quoting [frequency]
2026-04-25 23:49:51 - Normalizing identifier quoting [lemma]
2026-04-25 23:49:51 - Normalizing identifier quoting [lemma]
2026-04-25 23:49:51 - Normalizing identifier quoting [lemma]
2026-04-25 23:49:51 - Normalizing identifier quoting [lemma]
2026-04-25 23:49:51 - Normalizing identifier quoting [lemma]
2026-04-25 23:49:51 - Normalizing identifier quoting [searchIndexes]
2026-04-25 23:49:51 - Normalizing identifier quoting [searchIndexes]
2026-04-25 23:49:51 - Normalizing identifier quoting [element]
2026-04-25 23:49:51 - Normalizing identifier quoting [element]
2026-04-25 23:49:51 - Normalizing identifier quoting [searchIndexes_KEY]
2026-04-25 23:49:51 - Normalizing identifier quoting [searchIndexes_KEY]
2026-04-25 23:49:51 - Normalizing identifier quoting [site_id]
2026-04-25 23:49:51 - Normalizing identifier quoting [site]
2026-04-25 23:49:51 - Normalizing identifier quoting [site]
2026-04-25 23:49:51 - Normalizing identifier quoting [DTYPE]
2026-04-25 23:49:51 - Normalizing identifier quoting [page]
2026-04-25 23:49:51 - Normalizing identifier quoting [page]
2026-04-25 23:49:51 - Normalizing identifier quoting [id]
2026-04-25 23:49:51 - Normalizing identifier quoting [id]
2026-04-25 23:49:51 - Normalizing identifier quoting [id]
2026-04-25 23:49:51 - Normalizing identifier quoting [id]
2026-04-25 23:49:51 - Normalizing identifier quoting [id]
2026-04-25 23:49:51 - Normalizing identifier quoting [code]
2026-04-25 23:49:51 - Normalizing identifier quoting [code]
2026-04-25 23:49:51 - Normalizing identifier quoting [code]
2026-04-25 23:49:51 - Normalizing identifier quoting [code]
2026-04-25 23:49:51 - Normalizing identifier quoting [code]
2026-04-25 23:49:51 - Normalizing identifier quoting [content]
2026-04-25 23:49:51 - Normalizing identifier quoting [content]
2026-04-25 23:49:51 - Normalizing identifier quoting [content]
2026-04-25 23:49:51 - Normalizing identifier quoting [content]
2026-04-25 23:49:51 - Normalizing identifier quoting [content]
2026-04-25 23:49:51 - Normalizing identifier quoting [path]
2026-04-25 23:49:51 - Normalizing identifier quoting [path]
2026-04-25 23:49:51 - Normalizing identifier quoting [path]
2026-04-25 23:49:51 - Normalizing identifier quoting [path]
2026-04-25 23:49:51 - Normalizing identifier quoting [path]
2026-04-25 23:49:51 - Normalizing identifier quoting [site_id]
2026-04-25 23:49:51 - Normalizing identifier quoting [site]
2026-04-25 23:49:51 - Normalizing identifier quoting [site]
2026-04-25 23:49:51 - Normalizing identifier quoting [topic_count]
2026-04-25 23:49:51 - Normalizing identifier quoting [topic_count]
2026-04-25 23:49:51 - Normalizing identifier quoting [topic_count]
2026-04-25 23:49:51 - Normalizing identifier quoting [topics]
2026-04-25 23:49:51 - Normalizing identifier quoting [topics]
2026-04-25 23:49:51 - Normalizing identifier quoting [element]
2026-04-25 23:49:51 - Normalizing identifier quoting [element]
2026-04-25 23:49:51 - Normalizing identifier quoting [topics_KEY]
2026-04-25 23:49:51 - Normalizing identifier quoting [topics_KEY]
2026-04-25 23:49:51 - Normalizing identifier quoting [DTYPE]
2026-04-25 23:49:51 - Normalizing identifier quoting [search_index]
2026-04-25 23:49:51 - Normalizing identifier quoting [search_index]
2026-04-25 23:49:51 - Normalizing identifier quoting [id]
2026-04-25 23:49:51 - Normalizing identifier quoting [id]
2026-04-25 23:49:51 - Normalizing identifier quoting [id]
2026-04-25 23:49:51 - Normalizing identifier quoting [id]
2026-04-25 23:49:51 - Normalizing identifier quoting [id]
2026-04-25 23:49:51 - Normalizing identifier quoting [lemma_id]
2026-04-25 23:49:51 - Normalizing identifier quoting [lemma]
2026-04-25 23:49:51 - Normalizing identifier quoting [lemma]
2026-04-25 23:49:51 - Normalizing identifier quoting [page_id]
2026-04-25 23:49:51 - Normalizing identifier quoting [page]
2026-04-25 23:49:51 - Normalizing identifier quoting [page]
2026-04-25 23:49:51 - Normalizing identifier quoting [ranking]
2026-04-25 23:49:51 - Normalizing identifier quoting [ranking]
2026-04-25 23:49:51 - Normalizing identifier quoting [ranking]
2026-04-25 23:49:51 - Normalizing identifier quoting [ranking]
2026-04-25 23:49:51 - Normalizing identifier quoting [ranking]
2026-04-25 23:49:51 - Normalizing identifier quoting [DTYPE]
2026-04-25 23:49:51 - Normalizing identifier quoting [Site]
2026-04-25 23:49:51 - Normalizing identifier quoting [Site]
2026-04-25 23:49:51 - Normalizing identifier quoting [id]
2026-04-25 23:49:51 - Normalizing identifier quoting [id]
2026-04-25 23:49:51 - Normalizing identifier quoting [id]
2026-04-25 23:49:51 - Normalizing identifier quoting [id]
2026-04-25 23:49:51 - Normalizing identifier quoting [id]
2026-04-25 23:49:51 - Normalizing identifier quoting [lastError]
2026-04-25 23:49:51 - Normalizing identifier quoting [lastError]
2026-04-25 23:49:51 - Normalizing identifier quoting [lastError]
2026-04-25 23:49:51 - Normalizing identifier quoting [lastError]
2026-04-25 23:49:51 - Normalizing identifier quoting [lastError]
2026-04-25 23:49:51 - Normalizing identifier quoting [name]
2026-04-25 23:49:51 - Normalizing identifier quoting [name]
2026-04-25 23:49:51 - Normalizing identifier quoting [name]
2026-04-25 23:49:51 - Normalizing identifier quoting [name]
2026-04-25 23:49:51 - Normalizing identifier quoting [name]
2026-04-25 23:49:51 - Normalizing identifier quoting [pages]
2026-04-25 23:49:51 - Normalizing identifier quoting [pages]
2026-04-25 23:49:51 - Normalizing identifier quoting [element]
2026-04-25 23:49:51 - Normalizing identifier quoting [element]
2026-04-25 23:49:51 - Normalizing identifier quoting [pages_KEY]
2026-04-25 23:49:51 - Normalizing identifier quoting [pages_KEY]
2026-04-25 23:49:51 - Normalizing identifier quoting [status]
2026-04-25 23:49:51 - Normalizing identifier quoting [status]
2026-04-25 23:49:51 - Normalizing identifier quoting [status]
2026-04-25 23:49:51 - Normalizing identifier quoting [status]
2026-04-25 23:49:51 - Normalizing identifier quoting [status]
2026-04-25 23:49:51 - Normalizing identifier quoting [statusTime]
2026-04-25 23:49:51 - Normalizing identifier quoting [statusTime]
2026-04-25 23:49:51 - Normalizing identifier quoting [statusTime]
2026-04-25 23:49:51 - Normalizing identifier quoting [statusTime]
2026-04-25 23:49:51 - Normalizing identifier quoting [statusTime]
2026-04-25 23:49:51 - Normalizing identifier quoting [url]
2026-04-25 23:49:51 - Normalizing identifier quoting [url]
2026-04-25 23:49:51 - Normalizing identifier quoting [url]
2026-04-25 23:49:51 - Normalizing identifier quoting [url]
2026-04-25 23:49:51 - Normalizing identifier quoting [url]
2026-04-25 23:49:51 - Normalizing identifier quoting [DTYPE]
2026-04-25 23:49:51 - Normalizing identifier quoting [topic]
2026-04-25 23:49:51 - Normalizing identifier quoting [topic]
2026-04-25 23:49:51 - Normalizing identifier quoting [id]
2026-04-25 23:49:51 - Normalizing identifier quoting [id]
2026-04-25 23:49:51 - Normalizing identifier quoting [id]
2026-04-25 23:49:51 - Normalizing identifier quoting [id]
2026-04-25 23:49:51 - Normalizing identifier quoting [id]
2026-04-25 23:49:51 - Normalizing identifier quoting [content]
2026-04-25 23:49:51 - Normalizing identifier quoting [content]
2026-04-25 23:49:51 - Normalizing identifier quoting [content]
2026-04-25 23:49:51 - Normalizing identifier quoting [created_at]
2026-04-25 23:49:51 - Normalizing identifier quoting [created_at]
2026-04-25 23:49:51 - Normalizing identifier quoting [created_at]
2026-04-25 23:49:51 - Normalizing identifier quoting [lemma_count]
2026-04-25 23:49:51 - Normalizing identifier quoting [lemma_count]
2026-04-25 23:49:51 - Normalizing identifier quoting [lemma_count]
2026-04-25 23:49:51 - Normalizing identifier quoting [order_num]
2026-04-25 23:49:51 - Normalizing identifier quoting [order_num]
2026-04-25 23:49:51 - Normalizing identifier quoting [order_num]
2026-04-25 23:49:51 - Normalizing identifier quoting [page_id]
2026-04-25 23:49:51 - Normalizing identifier quoting [page]
2026-04-25 23:49:51 - Normalizing identifier quoting [page]
2026-04-25 23:49:51 - Normalizing identifier quoting [site_id]
2026-04-25 23:49:51 - Normalizing identifier quoting [site]
2026-04-25 23:49:51 - Normalizing identifier quoting [site]
2026-04-25 23:49:51 - Normalizing identifier quoting [title]
2026-04-25 23:49:51 - Normalizing identifier quoting [title]
2026-04-25 23:49:51 - Normalizing identifier quoting [title]
2026-04-25 23:49:51 - Normalizing identifier quoting [topic_group_id]
2026-04-25 23:49:51 - Normalizing identifier quoting [topicGroup]
2026-04-25 23:49:51 - Normalizing identifier quoting [topicGroup]
2026-04-25 23:49:51 - Normalizing identifier quoting [DTYPE]
2026-04-25 23:49:51 - Normalizing identifier quoting [topic_group]
2026-04-25 23:49:51 - Normalizing identifier quoting [topic_group]
2026-04-25 23:49:51 - Normalizing identifier quoting [id]
2026-04-25 23:49:51 - Normalizing identifier quoting [id]
2026-04-25 23:49:51 - Normalizing identifier quoting [id]
2026-04-25 23:49:51 - Normalizing identifier quoting [id]
2026-04-25 23:49:51 - Normalizing identifier quoting [id]
2026-04-25 23:49:51 - Normalizing identifier quoting [content_summary]
2026-04-25 23:49:51 - Normalizing identifier quoting [content_summary]
2026-04-25 23:49:51 - Normalizing identifier quoting [content_summary]
2026-04-25 23:49:51 - Normalizing identifier quoting [frequency]
2026-04-25 23:49:51 - Normalizing identifier quoting [frequency]
2026-04-25 23:49:51 - Normalizing identifier quoting [frequency]
2026-04-25 23:49:51 - Normalizing identifier quoting [lemma]
2026-04-25 23:49:51 - Normalizing identifier quoting [lemma]
2026-04-25 23:49:51 - Normalizing identifier quoting [lemma]
2026-04-25 23:49:51 - Normalizing identifier quoting [lemma]
2026-04-25 23:49:51 - Normalizing identifier quoting [keyLemmas_KEY]
2026-04-25 23:49:51 - Normalizing identifier quoting [keyLemmas_KEY]
2026-04-25 23:49:51 - Normalizing identifier quoting [topic_group_id]
2026-04-25 23:49:51 - Normalizing identifier quoting [site_count]
2026-04-25 23:49:51 - Normalizing identifier quoting [site_count]
2026-04-25 23:49:51 - Normalizing identifier quoting [site_count]
2026-04-25 23:49:51 - Normalizing identifier quoting [title]
2026-04-25 23:49:51 - Normalizing identifier quoting [title]
2026-04-25 23:49:51 - Normalizing identifier quoting [title]
2026-04-25 23:49:51 - Normalizing identifier quoting [topics]
2026-04-25 23:49:51 - Normalizing identifier quoting [topics]
2026-04-25 23:49:51 - Normalizing identifier quoting [element]
2026-04-25 23:49:51 - Normalizing identifier quoting [element]
2026-04-25 23:49:51 - Normalizing identifier quoting [topics_KEY]
2026-04-25 23:49:51 - Normalizing identifier quoting [topics_KEY]
2026-04-25 23:49:51 - Normalizing identifier quoting [site_id]
2026-04-25 23:49:51 - Normalizing identifier quoting [null]
2026-04-25 23:49:51 - Normalizing identifier quoting [site_id]
2026-04-25 23:49:51 - Normalizing identifier quoting [site_id]
2026-04-25 23:49:51 - Normalizing identifier quoting [site_id]
2026-04-25 23:49:51 - Normalizing identifier quoting [null]
2026-04-25 23:49:51 - Normalizing identifier quoting [site_id]
2026-04-25 23:49:51 - Normalizing identifier quoting [site_id]
2026-04-25 23:49:51 - Normalizing identifier quoting [lemma_id]
2026-04-25 23:49:51 - Normalizing identifier quoting [null]
2026-04-25 23:49:51 - Normalizing identifier quoting [lemma_id]
2026-04-25 23:49:51 - Normalizing identifier quoting [lemma_id]
2026-04-25 23:49:51 - Normalizing identifier quoting [page_id]
2026-04-25 23:49:51 - Normalizing identifier quoting [null]
2026-04-25 23:49:51 - Normalizing identifier quoting [page_id]
2026-04-25 23:49:51 - Normalizing identifier quoting [page_id]
2026-04-25 23:49:51 - Normalizing identifier quoting [page_id]
2026-04-25 23:49:51 - Normalizing identifier quoting [null]
2026-04-25 23:49:51 - Normalizing identifier quoting [page_id]
2026-04-25 23:49:51 - Normalizing identifier quoting [page_id]
2026-04-25 23:49:51 - Normalizing identifier quoting [site_id]
2026-04-25 23:49:51 - Normalizing identifier quoting [null]
2026-04-25 23:49:51 - Normalizing identifier quoting [site_id]
2026-04-25 23:49:51 - Normalizing identifier quoting [site_id]
2026-04-25 23:49:51 - Normalizing identifier quoting [topic_group_id]
2026-04-25 23:49:51 - Normalizing identifier quoting [null]
2026-04-25 23:49:51 - Normalizing identifier quoting [topic_group_id]
2026-04-25 23:49:51 - Normalizing identifier quoting [topic_group_id]
2026-04-25 23:49:51 - Normalizing identifier quoting [null]
2026-04-25 23:49:51 - Normalizing identifier quoting [topic_group_key_lemmas]
2026-04-25 23:49:51 - Normalizing identifier quoting [topic_group_key_lemmas]
2026-04-25 23:49:51 - Normalizing identifier quoting [topic_group_id]
2026-04-25 23:49:51 - Normalizing identifier quoting [null]
2026-04-25 23:49:51 - Normalizing identifier quoting [topic_group_id]
2026-04-25 23:49:51 - Normalizing identifier quoting [topic_group_id]
2026-04-25 23:49:51 - Normalizing identifier quoting [lemma]
2026-04-25 23:49:51 - Normalizing identifier quoting [site_id]
2026-04-25 23:49:51 - Normalizing identifier quoting [site_id]
2026-04-25 23:49:51 - Normalizing identifier quoting [FKj2jx0gqa4h7wg8ls0k3y221h2]
2026-04-25 23:49:51 - Normalizing identifier quoting [lemma_id]
2026-04-25 23:49:51 - Normalizing identifier quoting [FKn7ndggxsrpg4j41c1ak3qaemc]
2026-04-25 23:49:51 - Normalizing identifier quoting [page_id]
2026-04-25 23:49:51 - Normalizing identifier quoting [FKiqwaooudm7lmmj97li1y42l5r]
2026-04-25 23:49:51 - Normalizing identifier quoting [page_id]
2026-04-25 23:49:51 - Normalizing identifier quoting [site_id]
2026-04-25 23:49:51 - Normalizing identifier quoting [topic_group_id]
2026-04-25 23:49:51 - Normalizing identifier quoting [topic_group_id]
2026-04-25 23:49:51 - Normalizing identifier quoting [FKm7pwxka586fwpcpn6jv7ajp92]
2026-04-25 23:49:51 - Normalizing identifier quoting [lemma]
2026-04-25 23:49:51 - Normalizing identifier quoting [site_id]
2026-04-25 23:49:51 - Normalizing identifier quoting [lemma]
2026-04-25 23:49:51 - Normalizing identifier quoting [site_id]
2026-04-25 23:49:51 - Normalizing identifier quoting [UK7ogalxpu2t6pogbj8sbbpk0of]
2026-04-25 23:49:51 - Normalizing identifier quoting [path]
2026-04-25 23:49:51 - Normalizing identifier quoting [site_id]
2026-04-25 23:49:51 - Normalizing identifier quoting [site_id]
2026-04-25 23:49:51 - Normalizing identifier quoting [lemma_id]
2026-04-25 23:49:51 - Normalizing identifier quoting [page_id]
2026-04-25 23:49:51 - Normalizing identifier quoting [page_id]
2026-04-25 23:49:51 - Normalizing identifier quoting [site_id]
2026-04-25 23:49:51 - Normalizing identifier quoting [topic_group_id]
2026-04-25 23:49:51 - Normalizing identifier quoting [topic_group_id]
2026-04-25 23:49:51 - Normalizing identifier quoting [path]
2026-04-25 23:49:51 - Normalizing identifier quoting [null]
2026-04-25 23:49:51 - HHH000490: Using JtaPlatform implementation: [org.hibernate.engine.transaction.jta.platform.internal.NoJtaPlatform]
2026-04-25 23:49:51 - Initialized JPA EntityManagerFactory for persistence unit 'default'
2026-04-25 23:49:51 - Closing JDBC container [org.hibernate.engine.jdbc.internal.JdbcCoordinatorImpl@4e111e08]
2026-04-25 23:49:51 - Closing JDBC container [org.hibernate.engine.jdbc.internal.JdbcCoordinatorImpl@504274c1]
2026-04-25 23:49:52 - Closing JDBC container [org.hibernate.engine.jdbc.internal.JdbcCoordinatorImpl@4a0f4282]
2026-04-25 23:49:52 - On TransactionImpl creation, JpaCompliance#isJpaTransactionComplianceEnabled == false
2026-04-25 23:49:52 - Closing JDBC container [org.hibernate.engine.jdbc.internal.JdbcCoordinatorImpl@677274e7]
2026-04-25 23:49:52 - Closing JDBC container [org.hibernate.engine.jdbc.internal.JdbcCoordinatorImpl@4b2af0eb]
2026-04-25 23:49:52 - Unable to locate HQL query plan in cache; generating (SELECT t FROM Topic t WHERE t.topicGroup IS NULL)
2026-04-25 23:49:52 - Closing JDBC container [org.hibernate.engine.jdbc.internal.JdbcCoordinatorImpl@d62feaf]
2026-04-25 23:49:52 - On TransactionImpl creation, JpaCompliance#isJpaTransactionComplianceEnabled == false
2026-04-25 23:49:52 - Closing JDBC container [org.hibernate.engine.jdbc.internal.JdbcCoordinatorImpl@25c98637]
2026-04-25 23:49:52 - Closing JDBC container [org.hibernate.engine.jdbc.internal.JdbcCoordinatorImpl@22e253c7]
2026-04-25 23:49:52 - On TransactionImpl creation, JpaCompliance#isJpaTransactionComplianceEnabled == false
2026-04-25 23:49:52 - Closing JDBC container [org.hibernate.engine.jdbc.internal.JdbcCoordinatorImpl@33ce081a]
2026-04-25 23:49:52 - Closing JDBC container [org.hibernate.engine.jdbc.internal.JdbcCoordinatorImpl@d8751de]
2026-04-25 23:49:52 - On TransactionImpl creation, JpaCompliance#isJpaTransactionComplianceEnabled == false
2026-04-25 23:49:52 - Closing JDBC container [org.hibernate.engine.jdbc.internal.JdbcCoordinatorImpl@360e4235]
2026-04-25 23:49:52 - Closing JDBC container [org.hibernate.engine.jdbc.internal.JdbcCoordinatorImpl@1b0fc8b]
2026-04-25 23:49:52 - On TransactionImpl creation, JpaCompliance#isJpaTransactionComplianceEnabled == false
2026-04-25 23:49:52 - Closing JDBC container [org.hibernate.engine.jdbc.internal.JdbcCoordinatorImpl@48614fb3]
2026-04-25 23:49:52 - Closing JDBC container [org.hibernate.engine.jdbc.internal.JdbcCoordinatorImpl@44bd7f24]
2026-04-25 23:49:52 - On TransactionImpl creation, JpaCompliance#isJpaTransactionComplianceEnabled == false
2026-04-25 23:49:52 - Closing JDBC container [org.hibernate.engine.jdbc.internal.JdbcCoordinatorImpl@7bc3c59f]
2026-04-25 23:49:52 - Closing JDBC container [org.hibernate.engine.jdbc.internal.JdbcCoordinatorImpl@ab3b54]
2026-04-25 23:49:52 - On TransactionImpl creation, JpaCompliance#isJpaTransactionComplianceEnabled == false
2026-04-25 23:49:52 - Closing JDBC container [org.hibernate.engine.jdbc.internal.JdbcCoordinatorImpl@5b5d6f9c]
2026-04-25 23:49:52 - Closing JDBC container [org.hibernate.engine.jdbc.internal.JdbcCoordinatorImpl@3514df8d]
2026-04-25 23:49:52 - Unable to locate HQL query plan in cache; generating (SELECT t FROM Topic t ORDER BY t.lemmaCount DESC)
2026-04-25 23:49:52 - Closing JDBC container [org.hibernate.engine.jdbc.internal.JdbcCoordinatorImpl@eef6e]
2026-04-25 23:49:52 - On TransactionImpl creation, JpaCompliance#isJpaTransactionComplianceEnabled == false
2026-04-25 23:49:52 - Closing JDBC container [org.hibernate.engine.jdbc.internal.JdbcCoordinatorImpl@91c11b6]
2026-04-25 23:49:52 - Closing JDBC container [org.hibernate.engine.jdbc.internal.JdbcCoordinatorImpl@3ec6f3f1]
2026-04-25 23:49:52 - Unable to locate HQL query plan in cache; generating (SELECT t FROM Topic t JOIN t.topicGroup g WHERE g.id = :groupId)
2026-04-25 23:49:52 - Closing JDBC container [org.hibernate.engine.jdbc.internal.JdbcCoordinatorImpl@193792e6]
2026-04-25 23:49:52 - On TransactionImpl creation, JpaCompliance#isJpaTransactionComplianceEnabled == false
2026-04-25 23:49:52 - Closing JDBC container [org.hibernate.engine.jdbc.internal.JdbcCoordinatorImpl@21f9a305]
2026-04-25 23:49:52 - Closing JDBC container [org.hibernate.engine.jdbc.internal.JdbcCoordinatorImpl@6ff87203]
2026-04-25 23:49:52 - Unable to locate HQL query plan in cache; generating (SELECT t FROM Topic t WHERE t.topicGroup.id = :groupId)
2026-04-25 23:49:52 - Closing JDBC container [org.hibernate.engine.jdbc.internal.JdbcCoordinatorImpl@6fe33512]
2026-04-25 23:49:52 - On TransactionImpl creation, JpaCompliance#isJpaTransactionComplianceEnabled == false
2026-04-25 23:49:52 - Closing JDBC container [org.hibernate.engine.jdbc.internal.JdbcCoordinatorImpl@62f3ad90]
2026-04-25 23:49:52 - Closing JDBC container [org.hibernate.engine.jdbc.internal.JdbcCoordinatorImpl@18d63996]
2026-04-25 23:49:52 - Unable to locate HQL query plan in cache; generating (SELECT t.title, COUNT(t) as frequency, COUNT(DISTINCT t.site.id) as siteCount FROM Topic t GROUP BY t.title HAVING COUNT(t) > 1 ORDER BY frequency DESC)
2026-04-25 23:49:52 - Closing JDBC container [org.hibernate.engine.jdbc.internal.JdbcCoordinatorImpl@1bcca516]
2026-04-25 23:49:52 - On TransactionImpl creation, JpaCompliance#isJpaTransactionComplianceEnabled == false
2026-04-25 23:49:52 - Closing JDBC container [org.hibernate.engine.jdbc.internal.JdbcCoordinatorImpl@1e4bf55b]
2026-04-25 23:49:52 - Closing JDBC container [org.hibernate.engine.jdbc.internal.JdbcCoordinatorImpl@60510791]
2026-04-25 23:49:52 - Unable to locate HQL query plan in cache; generating (SELECT COUNT(t) as topicCount, COALESCE(SUM(t.lemmaCount), 0) as totalLemmas FROM Topic t WHERE t.site.id = :siteId)
2026-04-25 23:49:52 - Closing JDBC container [org.hibernate.engine.jdbc.internal.JdbcCoordinatorImpl@16eb01d4]
2026-04-25 23:49:52 - On TransactionImpl creation, JpaCompliance#isJpaTransactionComplianceEnabled == false
2026-04-25 23:49:52 - Closing JDBC container [org.hibernate.engine.jdbc.internal.JdbcCoordinatorImpl@4246f904]
2026-04-25 23:49:52 - Closing JDBC container [org.hibernate.engine.jdbc.internal.JdbcCoordinatorImpl@5b01b3f8]
2026-04-25 23:49:52 - On TransactionImpl creation, JpaCompliance#isJpaTransactionComplianceEnabled == false
2026-04-25 23:49:52 - Closing JDBC container [org.hibernate.engine.jdbc.internal.JdbcCoordinatorImpl@487ee2a]
2026-04-25 23:49:52 - Closing JDBC container [org.hibernate.engine.jdbc.internal.JdbcCoordinatorImpl@175745fc]
2026-04-25 23:49:52 - Unable to locate HQL query plan in cache; generating (SELECT t FROM Topic t WHERE t.site.id = :siteId AND LOWER(t.title) LIKE LOWER(CONCAT('%', :query, '%')))
2026-04-25 23:49:52 - Closing JDBC container [org.hibernate.engine.jdbc.internal.JdbcCoordinatorImpl@60e5db1d]
2026-04-25 23:49:52 - On TransactionImpl creation, JpaCompliance#isJpaTransactionComplianceEnabled == false
2026-04-25 23:49:52 - Closing JDBC container [org.hibernate.engine.jdbc.internal.JdbcCoordinatorImpl@1f3f0d25]
2026-04-25 23:49:52 - Closing JDBC container [org.hibernate.engine.jdbc.internal.JdbcCoordinatorImpl@83bbab]
2026-04-25 23:49:52 - On TransactionImpl creation, JpaCompliance#isJpaTransactionComplianceEnabled == false
2026-04-25 23:49:52 - Closing JDBC container [org.hibernate.engine.jdbc.internal.JdbcCoordinatorImpl@24d7c365]
2026-04-25 23:49:52 - Closing JDBC container [org.hibernate.engine.jdbc.internal.JdbcCoordinatorImpl@45e68fac]
2026-04-25 23:49:52 - Unable to locate HQL query plan in cache; generating (SELECT t FROM Topic t WHERE t.site.id = :siteId ORDER BY t.lemmaCount DESC)
2026-04-25 23:49:52 - Closing JDBC container [org.hibernate.engine.jdbc.internal.JdbcCoordinatorImpl@732bb49d]
2026-04-25 23:49:52 - Closing JDBC container [org.hibernate.engine.jdbc.internal.JdbcCoordinatorImpl@3c2e73ce]
2026-04-25 23:49:52 - Closing JDBC container [org.hibernate.engine.jdbc.internal.JdbcCoordinatorImpl@7925e772]
2026-04-25 23:49:52 - On TransactionImpl creation, JpaCompliance#isJpaTransactionComplianceEnabled == false
2026-04-25 23:49:52 - Closing JDBC container [org.hibernate.engine.jdbc.internal.JdbcCoordinatorImpl@44c54463]
2026-04-25 23:49:52 - Closing JDBC container [org.hibernate.engine.jdbc.internal.JdbcCoordinatorImpl@64b20d9c]
2026-04-25 23:49:52 - Unable to locate HQL query plan in cache; generating (SELECT tg FROM TopicGroup tg ORDER BY tg.frequency DESC, tg.siteCount DESC)
2026-04-25 23:49:52 - Closing JDBC container [org.hibernate.engine.jdbc.internal.JdbcCoordinatorImpl@7151dd9d]
2026-04-25 23:49:52 - On TransactionImpl creation, JpaCompliance#isJpaTransactionComplianceEnabled == false
2026-04-25 23:49:52 - Closing JDBC container [org.hibernate.engine.jdbc.internal.JdbcCoordinatorImpl@2a738d47]
2026-04-25 23:49:52 - Closing JDBC container [org.hibernate.engine.jdbc.internal.JdbcCoordinatorImpl@6939f18a]
2026-04-25 23:49:52 - Unable to locate HQL query plan in cache; generating (SELECT tg FROM TopicGroup tg JOIN tg.keyLemmas kl WHERE kl IN :lemmas GROUP BY tg HAVING COUNT(DISTINCT kl) >= :minMatch)
2026-04-25 23:49:52 - Closing JDBC container [org.hibernate.engine.jdbc.internal.JdbcCoordinatorImpl@7bf2e475]
2026-04-25 23:49:52 - On TransactionImpl creation, JpaCompliance#isJpaTransactionComplianceEnabled == false
2026-04-25 23:49:52 - Closing JDBC container [org.hibernate.engine.jdbc.internal.JdbcCoordinatorImpl@23169374]
2026-04-25 23:49:52 - Closing JDBC container [org.hibernate.engine.jdbc.internal.JdbcCoordinatorImpl@4f2b1a2f]
2026-04-25 23:49:52 - Closing JDBC container [org.hibernate.engine.jdbc.internal.JdbcCoordinatorImpl@3ae91bcc]
2026-04-25 23:49:52 - Closing JDBC container [org.hibernate.engine.jdbc.internal.JdbcCoordinatorImpl@4fe8e318]
2026-04-25 23:49:52 - On TransactionImpl creation, JpaCompliance#isJpaTransactionComplianceEnabled == false
2026-04-25 23:49:52 - Closing JDBC container [org.hibernate.engine.jdbc.internal.JdbcCoordinatorImpl@285ac29]
2026-04-25 23:49:52 - Closing JDBC container [org.hibernate.engine.jdbc.internal.JdbcCoordinatorImpl@1ced1d14]
2026-04-25 23:49:52 - On TransactionImpl creation, JpaCompliance#isJpaTransactionComplianceEnabled == false
2026-04-25 23:49:52 - Closing JDBC container [org.hibernate.engine.jdbc.internal.JdbcCoordinatorImpl@452a32f2]
2026-04-25 23:49:52 - Closing JDBC container [org.hibernate.engine.jdbc.internal.JdbcCoordinatorImpl@2db75e32]
2026-04-25 23:49:52 - On TransactionImpl creation, JpaCompliance#isJpaTransactionComplianceEnabled == false
2026-04-25 23:49:52 - Closing JDBC container [org.hibernate.engine.jdbc.internal.JdbcCoordinatorImpl@1a1c308b]
2026-04-25 23:49:52 - Closing JDBC container [org.hibernate.engine.jdbc.internal.JdbcCoordinatorImpl@d4dbb34]
2026-04-25 23:49:52 - On TransactionImpl creation, JpaCompliance#isJpaTransactionComplianceEnabled == false
2026-04-25 23:49:52 - Closing JDBC container [org.hibernate.engine.jdbc.internal.JdbcCoordinatorImpl@2b69ff13]
2026-04-25 23:49:52 - Closing JDBC container [org.hibernate.engine.jdbc.internal.JdbcCoordinatorImpl@7136ad9a]
2026-04-25 23:49:52 - On TransactionImpl creation, JpaCompliance#isJpaTransactionComplianceEnabled == false
2026-04-25 23:49:52 - Closing JDBC container [org.hibernate.engine.jdbc.internal.JdbcCoordinatorImpl@51ac72f7]
2026-04-25 23:49:52 - Closing JDBC container [org.hibernate.engine.jdbc.internal.JdbcCoordinatorImpl@15324f25]
2026-04-25 23:49:52 - On TransactionImpl creation, JpaCompliance#isJpaTransactionComplianceEnabled == false
2026-04-25 23:49:52 - Closing JDBC container [org.hibernate.engine.jdbc.internal.JdbcCoordinatorImpl@4687fee7]
2026-04-25 23:49:52 - Closing JDBC container [org.hibernate.engine.jdbc.internal.JdbcCoordinatorImpl@69ee0861]
2026-04-25 23:49:53 - LuceneMorphology bean успешно создан
2026-04-25 23:49:53 - Closing JDBC container [org.hibernate.engine.jdbc.internal.JdbcCoordinatorImpl@1067192a]
2026-04-25 23:49:53 - Closing JDBC container [org.hibernate.engine.jdbc.internal.JdbcCoordinatorImpl@4193da4d]
2026-04-25 23:49:53 - On TransactionImpl creation, JpaCompliance#isJpaTransactionComplianceEnabled == false
2026-04-25 23:49:53 - Closing JDBC container [org.hibernate.engine.jdbc.internal.JdbcCoordinatorImpl@7be3a837]
2026-04-25 23:49:53 - Closing JDBC container [org.hibernate.engine.jdbc.internal.JdbcCoordinatorImpl@247d44b4]
2026-04-25 23:49:53 - On TransactionImpl creation, JpaCompliance#isJpaTransactionComplianceEnabled == false
2026-04-25 23:49:53 - Closing JDBC container [org.hibernate.engine.jdbc.internal.JdbcCoordinatorImpl@2ef3efcc]
2026-04-25 23:49:53 - Closing JDBC container [org.hibernate.engine.jdbc.internal.JdbcCoordinatorImpl@60655642]
2026-04-25 23:49:53 - On TransactionImpl creation, JpaCompliance#isJpaTransactionComplianceEnabled == false
2026-04-25 23:49:53 - Closing JDBC container [org.hibernate.engine.jdbc.internal.JdbcCoordinatorImpl@4619854a]
2026-04-25 23:49:53 - Closing JDBC container [org.hibernate.engine.jdbc.internal.JdbcCoordinatorImpl@c040c8d]
2026-04-25 23:49:53 - Closing JDBC container [org.hibernate.engine.jdbc.internal.JdbcCoordinatorImpl@5c141c7b]
2026-04-25 23:49:53 - Closing JDBC container [org.hibernate.engine.jdbc.internal.JdbcCoordinatorImpl@14f254f]
2026-04-25 23:49:53 - On TransactionImpl creation, JpaCompliance#isJpaTransactionComplianceEnabled == false
2026-04-25 23:49:53 - Closing JDBC container [org.hibernate.engine.jdbc.internal.JdbcCoordinatorImpl@4df54c1]
2026-04-25 23:49:53 - Closing JDBC container [org.hibernate.engine.jdbc.internal.JdbcCoordinatorImpl@785477e5]
2026-04-25 23:49:53 - Unable to locate HQL query plan in cache; generating (SELECT si.page FROM SearchIndex si WHERE si.lemma.lemma IN :lemmas)
2026-04-25 23:49:53 - Closing JDBC container [org.hibernate.engine.jdbc.internal.JdbcCoordinatorImpl@5e572b08]
2026-04-25 23:49:53 - On TransactionImpl creation, JpaCompliance#isJpaTransactionComplianceEnabled == false
2026-04-25 23:49:53 - Closing JDBC container [org.hibernate.engine.jdbc.internal.JdbcCoordinatorImpl@a3e458]
2026-04-25 23:49:53 - Closing JDBC container [org.hibernate.engine.jdbc.internal.JdbcCoordinatorImpl@4b74a4d]
2026-04-25 23:49:53 - Unable to locate HQL query plan in cache; generating (SELECT si.ranking FROM SearchIndex si WHERE si.page = :page AND si.lemma = :lemma)
2026-04-25 23:49:53 - Closing JDBC container [org.hibernate.engine.jdbc.internal.JdbcCoordinatorImpl@49c72fb7]
2026-04-25 23:49:53 - On TransactionImpl creation, JpaCompliance#isJpaTransactionComplianceEnabled == false
2026-04-25 23:49:53 - Closing JDBC container [org.hibernate.engine.jdbc.internal.JdbcCoordinatorImpl@565983f3]
2026-04-25 23:49:53 - Closing JDBC container [org.hibernate.engine.jdbc.internal.JdbcCoordinatorImpl@68024e57]
2026-04-25 23:49:53 - Unable to locate HQL query plan in cache; generating (SELECT DISTINCT si.page FROM SearchIndex si WHERE si.lemma.lemma IN :lemmas AND si.page.site = :site)
2026-04-25 23:49:53 - Closing JDBC container [org.hibernate.engine.jdbc.internal.JdbcCoordinatorImpl@435e224d]
2026-04-25 23:49:53 - On TransactionImpl creation, JpaCompliance#isJpaTransactionComplianceEnabled == false
2026-04-25 23:49:53 - Closing JDBC container [org.hibernate.engine.jdbc.internal.JdbcCoordinatorImpl@788fa91f]
2026-04-25 23:49:53 - Closing JDBC container [org.hibernate.engine.jdbc.internal.JdbcCoordinatorImpl@6dd7af2f]
2026-04-25 23:49:53 - Closing JDBC container [org.hibernate.engine.jdbc.internal.JdbcCoordinatorImpl@2eed6331]
2026-04-25 23:49:53 - Closing JDBC container [org.hibernate.engine.jdbc.internal.JdbcCoordinatorImpl@1254a3cd]
2026-04-25 23:49:53 - On TransactionImpl creation, JpaCompliance#isJpaTransactionComplianceEnabled == false
2026-04-25 23:49:53 - Closing JDBC container [org.hibernate.engine.jdbc.internal.JdbcCoordinatorImpl@230dd372]
2026-04-25 23:49:53 - Closing JDBC container [org.hibernate.engine.jdbc.internal.JdbcCoordinatorImpl@663cc8c9]
2026-04-25 23:49:53 - On TransactionImpl creation, JpaCompliance#isJpaTransactionComplianceEnabled == false
2026-04-25 23:49:53 - Closing JDBC container [org.hibernate.engine.jdbc.internal.JdbcCoordinatorImpl@6dcdc378]
2026-04-25 23:49:53 - Closing JDBC container [org.hibernate.engine.jdbc.internal.JdbcCoordinatorImpl@4accc3de]
2026-04-25 23:49:53 - On TransactionImpl creation, JpaCompliance#isJpaTransactionComplianceEnabled == false
2026-04-25 23:49:53 - Closing JDBC container [org.hibernate.engine.jdbc.internal.JdbcCoordinatorImpl@773cc551]
2026-04-25 23:49:53 - Closing JDBC container [org.hibernate.engine.jdbc.internal.JdbcCoordinatorImpl@5cbaafbd]
2026-04-25 23:49:53 - Unable to locate HQL query plan in cache; generating (SELECT p FROM Page p WHERE p.site.id = :siteId AND p.path = :path)
2026-04-25 23:49:53 - Closing JDBC container [org.hibernate.engine.jdbc.internal.JdbcCoordinatorImpl@6edb093f]
2026-04-25 23:49:53 - Could not load English OpenNLP models. Will use basic tokenization. Error: Model not found: opennlp/en-sent.bin
2026-04-25 23:49:53 - Russian OpenNLP models not found. Will use basic tokenization for Russian text. Error: Model not found: opennlp/ru-sent.bin
2026-04-25 23:49:53 - spring.jpa.open-in-view is enabled by default. Therefore, database queries may be performed during view rendering. Explicitly configure spring.jpa.open-in-view to disable this warning
2026-04-25 23:49:54 - Adding welcome page template: index
2026-04-25 23:49:54 - Closing JDBC container [org.hibernate.engine.jdbc.internal.JdbcCoordinatorImpl@5e572ad6]
2026-04-25 23:49:54 - Closing JDBC container [org.hibernate.engine.jdbc.internal.JdbcCoordinatorImpl@768967cf]
2026-04-25 23:49:54 - On TransactionImpl creation, JpaCompliance#isJpaTransactionComplianceEnabled == false
2026-04-25 23:49:54 - Closing JDBC container [org.hibernate.engine.jdbc.internal.JdbcCoordinatorImpl@2052c49f]
2026-04-25 23:49:54 - Closing JDBC container [org.hibernate.engine.jdbc.internal.JdbcCoordinatorImpl@2be83e7e]
2026-04-25 23:49:54 - Unable to locate HQL query plan in cache; generating (SELECT DISTINCT t FROM Topic t JOIN t.topicGroup g WHERE EXISTS (  SELECT 1 FROM g.keyLemmas kl   WHERE kl IN :lemmas))
2026-04-25 23:49:54 - Closing JDBC container [org.hibernate.engine.jdbc.internal.JdbcCoordinatorImpl@66c9aca2]
2026-04-25 23:49:54 - On TransactionImpl creation, JpaCompliance#isJpaTransactionComplianceEnabled == false
2026-04-25 23:49:54 - Closing JDBC container [org.hibernate.engine.jdbc.internal.JdbcCoordinatorImpl@18206382]
2026-04-25 23:49:54 - Closing JDBC container [org.hibernate.engine.jdbc.internal.JdbcCoordinatorImpl@3e8c9981]
2026-04-25 23:49:54 - Unable to locate HQL query plan in cache; generating (SELECT t FROM Topic t JOIN FETCH t.site JOIN FETCH t.page WHERE t.topicGroup.id = :groupId ORDER BY t.site.name, t.createdAt DESC)
2026-04-25 23:49:54 - Closing JDBC container [org.hibernate.engine.jdbc.internal.JdbcCoordinatorImpl@52d68eb9]
2026-04-25 23:49:54 - On TransactionImpl creation, JpaCompliance#isJpaTransactionComplianceEnabled == false
2026-04-25 23:49:54 - Closing JDBC container [org.hibernate.engine.jdbc.internal.JdbcCoordinatorImpl@4ab959e8]
2026-04-25 23:49:54 - Closing JDBC container [org.hibernate.engine.jdbc.internal.JdbcCoordinatorImpl@39d4f046]
2026-04-25 23:49:54 - Unable to locate HQL query plan in cache; generating (SELECT g.id, g.title, COUNT(t) as topicCount, COUNT(DISTINCT t.site.id) as siteCount FROM TopicGroup g LEFT JOIN g.topics t GROUP BY g.id, g.title HAVING COUNT(t) >= :minFrequency ORDER BY siteCount DESC, topicCount DESC)
2026-04-25 23:49:54 - Closing JDBC container [org.hibernate.engine.jdbc.internal.JdbcCoordinatorImpl@6e5106fc]
2026-04-25 23:49:54 - Tomcat started on port(s): 8080 (http) with context path ''
2026-04-25 23:49:54 - Started Application in 9.164 seconds (JVM running for 9.709)
2026-04-25 23:49:59 - Initializing Spring DispatcherServlet 'dispatcherServlet'
2026-04-25 23:49:59 - Initializing Servlet 'dispatcherServlet'
2026-04-25 23:50:00 - Completed initialization in 2 ms
2026-04-25 23:50:00 - Closing JDBC container [org.hibernate.engine.jdbc.internal.JdbcCoordinatorImpl@3a99e404]
2026-04-25 23:50:00 - Closing JDBC container [org.hibernate.engine.jdbc.internal.JdbcCoordinatorImpl@74c9b500]
2026-04-25 23:50:00 - On TransactionImpl creation, JpaCompliance#isJpaTransactionComplianceEnabled == false
2026-04-25 23:50:00 - begin
2026-04-25 23:50:00 - Unable to locate HQL query plan in cache; generating (select count(*) from Site x)
2026-04-25 23:50:00 - Find: select count(*) from Site x
2026-04-25 23:50:00 - Named parameters: {}
2026-04-25 23:50:00 - select count(*) as col_0_0_ from site site0_
2026-04-25 23:50:00 - Registering last query statement [HikariProxyPreparedStatement@895452486 wrapping select count(*) as col_0_0_ from site site0_]
2026-04-25 23:50:00 - Starting after statement execution processing [ON_CLOSE]
2026-04-25 23:50:00 - Initializing non-lazy collections
2026-04-25 23:50:00 - committing
2026-04-25 23:50:00 - begin
2026-04-25 23:50:00 - Unable to locate HQL query plan in cache; generating (select count(*) from Page x)
2026-04-25 23:50:00 - Find: select count(*) from Page x
2026-04-25 23:50:00 - Named parameters: {}
2026-04-25 23:50:00 - select count(*) as col_0_0_ from page page0_
2026-04-25 23:50:00 - Registering last query statement [HikariProxyPreparedStatement@9619683 wrapping select count(*) as col_0_0_ from page page0_]
2026-04-25 23:50:00 - Starting after statement execution processing [ON_CLOSE]
2026-04-25 23:50:00 - Initializing non-lazy collections
2026-04-25 23:50:00 - committing
2026-04-25 23:50:00 - begin
2026-04-25 23:50:00 - Unable to locate HQL query plan in cache; generating (select count(*) from Lemma x)
2026-04-25 23:50:00 - Find: select count(*) from Lemma x
2026-04-25 23:50:00 - Named parameters: {}
2026-04-25 23:50:00 - select count(*) as col_0_0_ from lemma lemma0_
2026-04-25 23:50:00 - Registering last query statement [HikariProxyPreparedStatement@431251863 wrapping select count(*) as col_0_0_ from lemma lemma0_]
2026-04-25 23:50:00 - Starting after statement execution processing [ON_CLOSE]
2026-04-25 23:50:00 - Initializing non-lazy collections
2026-04-25 23:50:00 - committing
2026-04-25 23:50:00 - Unable to locate HQL query plan in cache; generating (select generatedAlias0 from Site as generatedAlias0 where generatedAlias0.status=:param0)
2026-04-25 23:50:00 - Find: select generatedAlias0 from Site as generatedAlias0 where generatedAlias0.status=:param0
2026-04-25 23:50:00 - Named parameters: {param0=INDEXED}
2026-04-25 23:50:00 - select site0_.id as id1_3_, site0_.last_error as last_err2_3_, site0_.name as name3_3_, site0_.status as status4_3_, site0_.status_time as status_t5_3_, site0_.url as url6_3_ from site site0_ where site0_.status=?
2026-04-25 23:50:00 - Registering last query statement [HikariProxyPreparedStatement@1251107619 wrapping select site0_.id as id1_3_, site0_.last_error as last_err2_3_, site0_.name as name3_3_, site0_.status as status4_3_, site0_.status_time as status_t5_3_, site0_.url as url6_3_ from site site0_ where site0_.status=?]
2026-04-25 23:50:00 - binding parameter [1] as [VARCHAR] - [INDEXED]
2026-04-25 23:50:00 - Starting after statement execution processing [ON_CLOSE]
2026-04-25 23:50:00 - Initializing non-lazy collections
2026-04-25 23:50:00 - begin
2026-04-25 23:50:00 - Unable to locate HQL query plan in cache; generating (select generatedAlias0 from Site as generatedAlias0)
2026-04-25 23:50:00 - Find: select generatedAlias0 from Site as generatedAlias0
2026-04-25 23:50:00 - Named parameters: {}
2026-04-25 23:50:00 - select site0_.id as id1_3_, site0_.last_error as last_err2_3_, site0_.name as name3_3_, site0_.status as status4_3_, site0_.status_time as status_t5_3_, site0_.url as url6_3_ from site site0_
2026-04-25 23:50:00 - Registering last query statement [HikariProxyPreparedStatement@1282122458 wrapping select site0_.id as id1_3_, site0_.last_error as last_err2_3_, site0_.name as name3_3_, site0_.status as status4_3_, site0_.status_time as status_t5_3_, site0_.url as url6_3_ from site site0_]
2026-04-25 23:50:00 - Resolving attributes for [searchengine.model.Site#128]
2026-04-25 23:50:00 - Processing attribute `lastError` : value = Индексация остановлена пользователем
2026-04-25 23:50:00 - Attribute (`lastError`)  - enhanced for lazy-loading? - false
2026-04-25 23:50:00 - Processing attribute `name` : value = КИБЕРЛЕНИНКА
2026-04-25 23:50:00 - Attribute (`name`)  - enhanced for lazy-loading? - false
2026-04-25 23:50:00 - Processing attribute `pages` : value = NOT NULL COLLECTION
2026-04-25 23:50:00 - Attribute (`pages`)  - enhanced for lazy-loading? - false
2026-04-25 23:50:00 - Processing attribute `status` : value = FAILED
2026-04-25 23:50:00 - Attribute (`status`)  - enhanced for lazy-loading? - false
2026-04-25 23:50:00 - Processing attribute `statusTime` : value = 2026-04-19T22:03:38.655614
2026-04-25 23:50:00 - Attribute (`statusTime`)  - enhanced for lazy-loading? - false
2026-04-25 23:50:00 - Processing attribute `url` : value = https://cyberleninka.ru/
2026-04-25 23:50:00 - Attribute (`url`)  - enhanced for lazy-loading? - false
2026-04-25 23:50:00 - Done materializing entity [searchengine.model.Site#128]
2026-04-25 23:50:00 - Resolving attributes for [searchengine.model.Site#129]
2026-04-25 23:50:00 - Processing attribute `lastError` : value = Индексация остановлена пользователем
2026-04-25 23:50:00 - Attribute (`lastError`)  - enhanced for lazy-loading? - false
2026-04-25 23:50:00 - Processing attribute `name` : value = Журнал: Аграрная наука
2026-04-25 23:50:00 - Attribute (`name`)  - enhanced for lazy-loading? - false
2026-04-25 23:50:00 - Processing attribute `pages` : value = NOT NULL COLLECTION
2026-04-25 23:50:00 - Attribute (`pages`)  - enhanced for lazy-loading? - false
2026-04-25 23:50:00 - Processing attribute `status` : value = FAILED
2026-04-25 23:50:00 - Attribute (`status`)  - enhanced for lazy-loading? - false
2026-04-25 23:50:00 - Processing attribute `statusTime` : value = 2026-04-19T22:03:38.620442
2026-04-25 23:50:00 - Attribute (`statusTime`)  - enhanced for lazy-loading? - false
2026-04-25 23:50:00 - Processing attribute `url` : value = https://www.vetpress.ru/jour
2026-04-25 23:50:00 - Attribute (`url`)  - enhanced for lazy-loading? - false
2026-04-25 23:50:00 - Done materializing entity [searchengine.model.Site#129]
2026-04-25 23:50:00 - Starting after statement execution processing [ON_CLOSE]
2026-04-25 23:50:00 - Initializing non-lazy collections
2026-04-25 23:50:00 - committing
2026-04-25 23:50:00 - Unable to locate HQL query plan in cache; generating (select count(generatedAlias0) from Page as generatedAlias0 where generatedAlias0.site=:param0)
2026-04-25 23:50:00 - Find: select count(generatedAlias0) from Page as generatedAlias0 where generatedAlias0.site=:param0
2026-04-25 23:50:00 - Named parameters: {param0=searchengine.model.Site#128}
2026-04-25 23:50:00 - select count(page0_.id) as col_0_0_ from page page0_ where page0_.site_id=?
2026-04-25 23:50:00 - Registering last query statement [HikariProxyPreparedStatement@575593928 wrapping select count(page0_.id) as col_0_0_ from page page0_ where page0_.site_id=?]
2026-04-25 23:50:00 - binding parameter [1] as [INTEGER] - [128]
2026-04-25 23:50:00 - Starting after statement execution processing [ON_CLOSE]
2026-04-25 23:50:00 - Initializing non-lazy collections
2026-04-25 23:50:00 - Unable to locate HQL query plan in cache; generating (select count(generatedAlias0) from Lemma as generatedAlias0 where generatedAlias0.site=:param0)
2026-04-25 23:50:00 - Find: select count(generatedAlias0) from Lemma as generatedAlias0 where generatedAlias0.site=:param0
2026-04-25 23:50:00 - Named parameters: {param0=searchengine.model.Site#128}
2026-04-25 23:50:00 - select count(lemma0_.id) as col_0_0_ from lemma lemma0_ where lemma0_.site_id=?
2026-04-25 23:50:00 - Registering last query statement [HikariProxyPreparedStatement@1127870399 wrapping select count(lemma0_.id) as col_0_0_ from lemma lemma0_ where lemma0_.site_id=?]
2026-04-25 23:50:00 - binding parameter [1] as [INTEGER] - [128]
2026-04-25 23:50:00 - Starting after statement execution processing [ON_CLOSE]
2026-04-25 23:50:00 - Initializing non-lazy collections
2026-04-25 23:50:00 - Unable to locate HQL query plan in cache; generating (select count(generatedAlias0) from Topic as generatedAlias0 left join generatedAlias0.site as generatedAlias1 where generatedAlias1.id=:param0)
2026-04-25 23:50:00 - Find: select count(generatedAlias0) from Topic as generatedAlias0 left join generatedAlias0.site as generatedAlias1 where generatedAlias1.id=:param0
2026-04-25 23:50:00 - Named parameters: {param0=128}
2026-04-25 23:50:00 - select count(topic0_.id) as col_0_0_ from topic topic0_ left outer join site site1_ on topic0_.site_id=site1_.id where site1_.id=?
2026-04-25 23:50:00 - Registering last query statement [HikariProxyPreparedStatement@1669425135 wrapping select count(topic0_.id) as col_0_0_ from topic topic0_ left outer join site site1_ on topic0_.site_id=site1_.id where site1_.id=?]
2026-04-25 23:50:00 - binding parameter [1] as [INTEGER] - [128]
2026-04-25 23:50:00 - Starting after statement execution processing [ON_CLOSE]
2026-04-25 23:50:00 - Initializing non-lazy collections
2026-04-25 23:50:00 - Located HQL query plan in cache (select count(generatedAlias0) from Page as generatedAlias0 where generatedAlias0.site=:param0)
2026-04-25 23:50:00 - Find: select count(generatedAlias0) from Page as generatedAlias0 where generatedAlias0.site=:param0
2026-04-25 23:50:00 - Named parameters: {param0=searchengine.model.Site#129}
2026-04-25 23:50:00 - select count(page0_.id) as col_0_0_ from page page0_ where page0_.site_id=?
2026-04-25 23:50:00 - Registering last query statement [HikariProxyPreparedStatement@994976149 wrapping select count(page0_.id) as col_0_0_ from page page0_ where page0_.site_id=?]
2026-04-25 23:50:00 - binding parameter [1] as [INTEGER] - [129]
2026-04-25 23:50:00 - Starting after statement execution processing [ON_CLOSE]
2026-04-25 23:50:00 - Initializing non-lazy collections
2026-04-25 23:50:00 - Located HQL query plan in cache (select count(generatedAlias0) from Lemma as generatedAlias0 where generatedAlias0.site=:param0)
2026-04-25 23:50:00 - Find: select count(generatedAlias0) from Lemma as generatedAlias0 where generatedAlias0.site=:param0
2026-04-25 23:50:00 - Named parameters: {param0=searchengine.model.Site#129}
2026-04-25 23:50:00 - select count(lemma0_.id) as col_0_0_ from lemma lemma0_ where lemma0_.site_id=?
2026-04-25 23:50:00 - Registering last query statement [HikariProxyPreparedStatement@1400721290 wrapping select count(lemma0_.id) as col_0_0_ from lemma lemma0_ where lemma0_.site_id=?]
2026-04-25 23:50:00 - binding parameter [1] as [INTEGER] - [129]
2026-04-25 23:50:00 - Starting after statement execution processing [ON_CLOSE]
2026-04-25 23:50:00 - Initializing non-lazy collections
2026-04-25 23:50:00 - Located HQL query plan in cache (select count(generatedAlias0) from Topic as generatedAlias0 left join generatedAlias0.site as generatedAlias1 where generatedAlias1.id=:param0)
2026-04-25 23:50:00 - Find: select count(generatedAlias0) from Topic as generatedAlias0 left join generatedAlias0.site as generatedAlias1 where generatedAlias1.id=:param0
2026-04-25 23:50:00 - Named parameters: {param0=129}
2026-04-25 23:50:00 - select count(topic0_.id) as col_0_0_ from topic topic0_ left outer join site site1_ on topic0_.site_id=site1_.id where site1_.id=?
2026-04-25 23:50:00 - Registering last query statement [HikariProxyPreparedStatement@980359579 wrapping select count(topic0_.id) as col_0_0_ from topic topic0_ left outer join site site1_ on topic0_.site_id=site1_.id where site1_.id=?]
2026-04-25 23:50:00 - binding parameter [1] as [INTEGER] - [129]
2026-04-25 23:50:00 - Starting after statement execution processing [ON_CLOSE]
2026-04-25 23:50:00 - Initializing non-lazy collections
2026-04-25 23:50:00 - Closing JDBC container [org.hibernate.engine.jdbc.internal.JdbcCoordinatorImpl@345c7c1f]
2026-04-25 23:50:01 - Closing JDBC container [org.hibernate.engine.jdbc.internal.JdbcCoordinatorImpl@748f40d1]
2026-04-25 23:50:01 - Closing JDBC container [org.hibernate.engine.jdbc.internal.JdbcCoordinatorImpl@1e23e0a4]
2026-04-25 23:50:01 - Closing JDBC container [org.hibernate.engine.jdbc.internal.JdbcCoordinatorImpl@2b81963b]
2026-04-25 23:50:01 - Closing JDBC container [org.hibernate.engine.jdbc.internal.JdbcCoordinatorImpl@c37eea5]
2026-04-25 23:50:01 - Closing JDBC container [org.hibernate.engine.jdbc.internal.JdbcCoordinatorImpl@485398e2]
2026-04-25 23:50:01 - Closing JDBC container [org.hibernate.engine.jdbc.internal.JdbcCoordinatorImpl@420d3b76]
2026-04-25 23:50:01 - Closing JDBC container [org.hibernate.engine.jdbc.internal.JdbcCoordinatorImpl@19680b8c]
2026-04-25 23:50:01 - Closing JDBC container [org.hibernate.engine.jdbc.internal.JdbcCoordinatorImpl@3ce6d8b1]
2026-04-25 23:50:01 - Closing JDBC container [org.hibernate.engine.jdbc.internal.JdbcCoordinatorImpl@5c6a96c5]
2026-04-25 23:50:01 - Closing JDBC container [org.hibernate.engine.jdbc.internal.JdbcCoordinatorImpl@25467d3b]
2026-04-25 23:50:01 - Closing JDBC container [org.hibernate.engine.jdbc.internal.JdbcCoordinatorImpl@c7cb5ea]
2026-04-25 23:50:01 - Closing JDBC container [org.hibernate.engine.jdbc.internal.JdbcCoordinatorImpl@4596fe7f]
2026-04-25 23:50:01 - Closing JDBC container [org.hibernate.engine.jdbc.internal.JdbcCoordinatorImpl@7a48a030]
2026-04-25 23:50:01 - Closing JDBC container [org.hibernate.engine.jdbc.internal.JdbcCoordinatorImpl@1a1c77b8]
2026-04-25 23:50:01 - On TransactionImpl creation, JpaCompliance#isJpaTransactionComplianceEnabled == false
2026-04-25 23:50:01 - begin
2026-04-25 23:50:01 - Located HQL query plan in cache (select count(*) from Site x)
2026-04-25 23:50:01 - Find: select count(*) from Site x
2026-04-25 23:50:01 - Named parameters: {}
2026-04-25 23:50:01 - select count(*) as col_0_0_ from site site0_
2026-04-25 23:50:01 - Registering last query statement [HikariProxyPreparedStatement@469271842 wrapping select count(*) as col_0_0_ from site site0_]
2026-04-25 23:50:01 - Starting after statement execution processing [ON_CLOSE]
2026-04-25 23:50:01 - Initializing non-lazy collections
2026-04-25 23:50:01 - committing
2026-04-25 23:50:01 - begin
2026-04-25 23:50:01 - Located HQL query plan in cache (select count(*) from Page x)
2026-04-25 23:50:01 - Find: select count(*) from Page x
2026-04-25 23:50:01 - Named parameters: {}
2026-04-25 23:50:01 - select count(*) as col_0_0_ from page page0_
2026-04-25 23:50:01 - Registering last query statement [HikariProxyPreparedStatement@133599729 wrapping select count(*) as col_0_0_ from page page0_]
2026-04-25 23:50:01 - Starting after statement execution processing [ON_CLOSE]
2026-04-25 23:50:01 - Initializing non-lazy collections
2026-04-25 23:50:01 - committing
2026-04-25 23:50:01 - begin
2026-04-25 23:50:01 - Located HQL query plan in cache (select count(*) from Lemma x)
2026-04-25 23:50:01 - Find: select count(*) from Lemma x
2026-04-25 23:50:01 - Named parameters: {}
2026-04-25 23:50:01 - select count(*) as col_0_0_ from lemma lemma0_
2026-04-25 23:50:01 - Registering last query statement [HikariProxyPreparedStatement@1529730084 wrapping select count(*) as col_0_0_ from lemma lemma0_]
2026-04-25 23:50:01 - Starting after statement execution processing [ON_CLOSE]
2026-04-25 23:50:01 - Initializing non-lazy collections
2026-04-25 23:50:01 - committing
2026-04-25 23:50:01 - Located HQL query plan in cache (select generatedAlias0 from Site as generatedAlias0 where generatedAlias0.status=:param0)
2026-04-25 23:50:01 - Find: select generatedAlias0 from Site as generatedAlias0 where generatedAlias0.status=:param0
2026-04-25 23:50:01 - Named parameters: {param0=INDEXED}
2026-04-25 23:50:01 - select site0_.id as id1_3_, site0_.last_error as last_err2_3_, site0_.name as name3_3_, site0_.status as status4_3_, site0_.status_time as status_t5_3_, site0_.url as url6_3_ from site site0_ where site0_.status=?
2026-04-25 23:50:01 - Registering last query statement [HikariProxyPreparedStatement@1987263297 wrapping select site0_.id as id1_3_, site0_.last_error as last_err2_3_, site0_.name as name3_3_, site0_.status as status4_3_, site0_.status_time as status_t5_3_, site0_.url as url6_3_ from site site0_ where site0_.status=?]
2026-04-25 23:50:01 - binding parameter [1] as [VARCHAR] - [INDEXED]
2026-04-25 23:50:01 - Starting after statement execution processing [ON_CLOSE]
2026-04-25 23:50:01 - Initializing non-lazy collections
2026-04-25 23:50:01 - begin
2026-04-25 23:50:01 - Located HQL query plan in cache (select generatedAlias0 from Site as generatedAlias0)
2026-04-25 23:50:01 - Find: select generatedAlias0 from Site as generatedAlias0
2026-04-25 23:50:01 - Named parameters: {}
2026-04-25 23:50:01 - select site0_.id as id1_3_, site0_.last_error as last_err2_3_, site0_.name as name3_3_, site0_.status as status4_3_, site0_.status_time as status_t5_3_, site0_.url as url6_3_ from site site0_
2026-04-25 23:50:01 - Registering last query statement [HikariProxyPreparedStatement@1080018189 wrapping select site0_.id as id1_3_, site0_.last_error as last_err2_3_, site0_.name as name3_3_, site0_.status as status4_3_, site0_.status_time as status_t5_3_, site0_.url as url6_3_ from site site0_]
2026-04-25 23:50:01 - Closing JDBC container [org.hibernate.engine.jdbc.internal.JdbcCoordinatorImpl@4ccadd47]
2026-04-25 23:50:01 - Resolving attributes for [searchengine.model.Site#128]
2026-04-25 23:50:01 - Processing attribute `lastError` : value = Индексация остановлена пользователем
2026-04-25 23:50:01 - Attribute (`lastError`)  - enhanced for lazy-loading? - false
2026-04-25 23:50:01 - Processing attribute `name` : value = КИБЕРЛЕНИНКА
2026-04-25 23:50:01 - Attribute (`name`)  - enhanced for lazy-loading? - false
2026-04-25 23:50:01 - Processing attribute `pages` : value = NOT NULL COLLECTION
2026-04-25 23:50:01 - Attribute (`pages`)  - enhanced for lazy-loading? - false
2026-04-25 23:50:01 - Processing attribute `status` : value = FAILED
2026-04-25 23:50:01 - Attribute (`status`)  - enhanced for lazy-loading? - false
2026-04-25 23:50:01 - Processing attribute `statusTime` : value = 2026-04-19T22:03:38.655614
2026-04-25 23:50:01 - Attribute (`statusTime`)  - enhanced for lazy-loading? - false
2026-04-25 23:50:01 - Processing attribute `url` : value = https://cyberleninka.ru/
2026-04-25 23:50:01 - Attribute (`url`)  - enhanced for lazy-loading? - false
2026-04-25 23:50:01 - Done materializing entity [searchengine.model.Site#128]
2026-04-25 23:50:01 - Resolving attributes for [searchengine.model.Site#129]
2026-04-25 23:50:01 - Processing attribute `lastError` : value = Индексация остановлена пользователем
2026-04-25 23:50:01 - Attribute (`lastError`)  - enhanced for lazy-loading? - false
2026-04-25 23:50:01 - Processing attribute `name` : value = Журнал: Аграрная наука
2026-04-25 23:50:01 - Attribute (`name`)  - enhanced for lazy-loading? - false
2026-04-25 23:50:01 - Processing attribute `pages` : value = NOT NULL COLLECTION
2026-04-25 23:50:01 - Attribute (`pages`)  - enhanced for lazy-loading? - false
2026-04-25 23:50:01 - Processing attribute `status` : value = FAILED
2026-04-25 23:50:01 - Attribute (`status`)  - enhanced for lazy-loading? - false
2026-04-25 23:50:01 - Processing attribute `statusTime` : value = 2026-04-19T22:03:38.620442
2026-04-25 23:50:01 - Attribute (`statusTime`)  - enhanced for lazy-loading? - false
2026-04-25 23:50:01 - Processing attribute `url` : value = https://www.vetpress.ru/jour
2026-04-25 23:50:01 - Attribute (`url`)  - enhanced for lazy-loading? - false
2026-04-25 23:50:01 - Done materializing entity [searchengine.model.Site#129]
2026-04-25 23:50:01 - Starting after statement execution processing [ON_CLOSE]
2026-04-25 23:50:01 - Initializing non-lazy collections
2026-04-25 23:50:01 - committing
2026-04-25 23:50:01 - Located HQL query plan in cache (select count(generatedAlias0) from Page as generatedAlias0 where generatedAlias0.site=:param0)
2026-04-25 23:50:01 - Find: select count(generatedAlias0) from Page as generatedAlias0 where generatedAlias0.site=:param0
2026-04-25 23:50:01 - Named parameters: {param0=searchengine.model.Site#128}
2026-04-25 23:50:01 - select count(page0_.id) as col_0_0_ from page page0_ where page0_.site_id=?
2026-04-25 23:50:01 - Registering last query statement [HikariProxyPreparedStatement@951823277 wrapping select count(page0_.id) as col_0_0_ from page page0_ where page0_.site_id=?]
2026-04-25 23:50:01 - binding parameter [1] as [INTEGER] - [128]
2026-04-25 23:50:01 - Starting after statement execution processing [ON_CLOSE]
2026-04-25 23:50:01 - Initializing non-lazy collections
2026-04-25 23:50:01 - Located HQL query plan in cache (select count(generatedAlias0) from Lemma as generatedAlias0 where generatedAlias0.site=:param0)
2026-04-25 23:50:01 - Find: select count(generatedAlias0) from Lemma as generatedAlias0 where generatedAlias0.site=:param0
2026-04-25 23:50:01 - Named parameters: {param0=searchengine.model.Site#128}
2026-04-25 23:50:01 - select count(lemma0_.id) as col_0_0_ from lemma lemma0_ where lemma0_.site_id=?
2026-04-25 23:50:01 - Registering last query statement [HikariProxyPreparedStatement@1221618726 wrapping select count(lemma0_.id) as col_0_0_ from lemma lemma0_ where lemma0_.site_id=?]
2026-04-25 23:50:01 - binding parameter [1] as [INTEGER] - [128]
2026-04-25 23:50:01 - Starting after statement execution processing [ON_CLOSE]
2026-04-25 23:50:01 - Initializing non-lazy collections
2026-04-25 23:50:01 - Located HQL query plan in cache (select count(generatedAlias0) from Topic as generatedAlias0 left join generatedAlias0.site as generatedAlias1 where generatedAlias1.id=:param0)
2026-04-25 23:50:01 - Find: select count(generatedAlias0) from Topic as generatedAlias0 left join generatedAlias0.site as generatedAlias1 where generatedAlias1.id=:param0
2026-04-25 23:50:01 - Named parameters: {param0=128}
2026-04-25 23:50:01 - select count(topic0_.id) as col_0_0_ from topic topic0_ left outer join site site1_ on topic0_.site_id=site1_.id where site1_.id=?
2026-04-25 23:50:01 - Registering last query statement [HikariProxyPreparedStatement@407837772 wrapping select count(topic0_.id) as col_0_0_ from topic topic0_ left outer join site site1_ on topic0_.site_id=site1_.id where site1_.id=?]
2026-04-25 23:50:01 - binding parameter [1] as [INTEGER] - [128]
2026-04-25 23:50:01 - Starting after statement execution processing [ON_CLOSE]
2026-04-25 23:50:01 - Initializing non-lazy collections
2026-04-25 23:50:01 - Located HQL query plan in cache (select count(generatedAlias0) from Page as generatedAlias0 where generatedAlias0.site=:param0)
2026-04-25 23:50:01 - Find: select count(generatedAlias0) from Page as generatedAlias0 where generatedAlias0.site=:param0
2026-04-25 23:50:01 - Named parameters: {param0=searchengine.model.Site#129}
2026-04-25 23:50:01 - select count(page0_.id) as col_0_0_ from page page0_ where page0_.site_id=?
2026-04-25 23:50:01 - Registering last query statement [HikariProxyPreparedStatement@2052975081 wrapping select count(page0_.id) as col_0_0_ from page page0_ where page0_.site_id=?]
2026-04-25 23:50:01 - binding parameter [1] as [INTEGER] - [129]
2026-04-25 23:50:01 - Starting after statement execution processing [ON_CLOSE]
2026-04-25 23:50:01 - Initializing non-lazy collections
2026-04-25 23:50:01 - Located HQL query plan in cache (select count(generatedAlias0) from Lemma as generatedAlias0 where generatedAlias0.site=:param0)
2026-04-25 23:50:01 - Find: select count(generatedAlias0) from Lemma as generatedAlias0 where generatedAlias0.site=:param0
2026-04-25 23:50:01 - Named parameters: {param0=searchengine.model.Site#129}
2026-04-25 23:50:01 - select count(lemma0_.id) as col_0_0_ from lemma lemma0_ where lemma0_.site_id=?
2026-04-25 23:50:01 - Registering last query statement [HikariProxyPreparedStatement@108277168 wrapping select count(lemma0_.id) as col_0_0_ from lemma lemma0_ where lemma0_.site_id=?]
2026-04-25 23:50:01 - binding parameter [1] as [INTEGER] - [129]
2026-04-25 23:50:01 - Starting after statement execution processing [ON_CLOSE]
2026-04-25 23:50:01 - Initializing non-lazy collections
2026-04-25 23:50:01 - Located HQL query plan in cache (select count(generatedAlias0) from Topic as generatedAlias0 left join generatedAlias0.site as generatedAlias1 where generatedAlias1.id=:param0)
2026-04-25 23:50:01 - Find: select count(generatedAlias0) from Topic as generatedAlias0 left join generatedAlias0.site as generatedAlias1 where generatedAlias1.id=:param0
2026-04-25 23:50:01 - Named parameters: {param0=129}
2026-04-25 23:50:01 - select count(topic0_.id) as col_0_0_ from topic topic0_ left outer join site site1_ on topic0_.site_id=site1_.id where site1_.id=?
2026-04-25 23:50:01 - Registering last query statement [HikariProxyPreparedStatement@440932306 wrapping select count(topic0_.id) as col_0_0_ from topic topic0_ left outer join site site1_ on topic0_.site_id=site1_.id where site1_.id=?]
2026-04-25 23:50:01 - binding parameter [1] as [INTEGER] - [129]
2026-04-25 23:50:01 - Starting after statement execution processing [ON_CLOSE]
2026-04-25 23:50:01 - Initializing non-lazy collections
2026-04-25 23:50:01 - Closing JDBC container [org.hibernate.engine.jdbc.internal.JdbcCoordinatorImpl@1464c5e2]
2026-04-25 23:50:01 - Closing JDBC container [org.hibernate.engine.jdbc.internal.JdbcCoordinatorImpl@560574c6]
2026-04-25 23:50:01 - Closing JDBC container [org.hibernate.engine.jdbc.internal.JdbcCoordinatorImpl@6e084825]
2026-04-25 23:50:01 - Closing JDBC container [org.hibernate.engine.jdbc.internal.JdbcCoordinatorImpl@10275947]
2026-04-25 23:50:03 - Closing JDBC container [org.hibernate.engine.jdbc.internal.JdbcCoordinatorImpl@5cf633a8]
2026-04-25 23:50:03 - On TransactionImpl creation, JpaCompliance#isJpaTransactionComplianceEnabled == false
2026-04-25 23:50:03 - begin
2026-04-25 23:50:03 - Located HQL query plan in cache (select count(*) from Site x)
2026-04-25 23:50:03 - Find: select count(*) from Site x
2026-04-25 23:50:03 - Named parameters: {}
2026-04-25 23:50:03 - select count(*) as col_0_0_ from site site0_
2026-04-25 23:50:03 - Registering last query statement [HikariProxyPreparedStatement@1845251883 wrapping select count(*) as col_0_0_ from site site0_]
2026-04-25 23:50:03 - Starting after statement execution processing [ON_CLOSE]
2026-04-25 23:50:03 - Initializing non-lazy collections
2026-04-25 23:50:03 - committing
2026-04-25 23:50:03 - begin
2026-04-25 23:50:03 - Located HQL query plan in cache (select count(*) from Page x)
2026-04-25 23:50:03 - Find: select count(*) from Page x
2026-04-25 23:50:03 - Named parameters: {}
2026-04-25 23:50:03 - select count(*) as col_0_0_ from page page0_
2026-04-25 23:50:03 - Registering last query statement [HikariProxyPreparedStatement@332626347 wrapping select count(*) as col_0_0_ from page page0_]
2026-04-25 23:50:03 - Starting after statement execution processing [ON_CLOSE]
2026-04-25 23:50:03 - Initializing non-lazy collections
2026-04-25 23:50:03 - committing
2026-04-25 23:50:03 - begin
2026-04-25 23:50:03 - Located HQL query plan in cache (select count(*) from Lemma x)
2026-04-25 23:50:03 - Find: select count(*) from Lemma x
2026-04-25 23:50:03 - Named parameters: {}
2026-04-25 23:50:03 - select count(*) as col_0_0_ from lemma lemma0_
2026-04-25 23:50:03 - Registering last query statement [HikariProxyPreparedStatement@940257654 wrapping select count(*) as col_0_0_ from lemma lemma0_]
2026-04-25 23:50:03 - Starting after statement execution processing [ON_CLOSE]
2026-04-25 23:50:03 - Initializing non-lazy collections
2026-04-25 23:50:03 - committing
2026-04-25 23:50:03 - Located HQL query plan in cache (select generatedAlias0 from Site as generatedAlias0 where generatedAlias0.status=:param0)
2026-04-25 23:50:03 - Find: select generatedAlias0 from Site as generatedAlias0 where generatedAlias0.status=:param0
2026-04-25 23:50:03 - Named parameters: {param0=INDEXED}
2026-04-25 23:50:03 - select site0_.id as id1_3_, site0_.last_error as last_err2_3_, site0_.name as name3_3_, site0_.status as status4_3_, site0_.status_time as status_t5_3_, site0_.url as url6_3_ from site site0_ where site0_.status=?
2026-04-25 23:50:03 - Registering last query statement [HikariProxyPreparedStatement@1666647313 wrapping select site0_.id as id1_3_, site0_.last_error as last_err2_3_, site0_.name as name3_3_, site0_.status as status4_3_, site0_.status_time as status_t5_3_, site0_.url as url6_3_ from site site0_ where site0_.status=?]
2026-04-25 23:50:03 - binding parameter [1] as [VARCHAR] - [INDEXED]
2026-04-25 23:50:03 - Starting after statement execution processing [ON_CLOSE]
2026-04-25 23:50:03 - Initializing non-lazy collections
2026-04-25 23:50:03 - begin
2026-04-25 23:50:03 - Located HQL query plan in cache (select generatedAlias0 from Site as generatedAlias0)
2026-04-25 23:50:03 - Find: select generatedAlias0 from Site as generatedAlias0
2026-04-25 23:50:03 - Named parameters: {}
2026-04-25 23:50:03 - select site0_.id as id1_3_, site0_.last_error as last_err2_3_, site0_.name as name3_3_, site0_.status as status4_3_, site0_.status_time as status_t5_3_, site0_.url as url6_3_ from site site0_
2026-04-25 23:50:03 - Registering last query statement [HikariProxyPreparedStatement@1729748471 wrapping select site0_.id as id1_3_, site0_.last_error as last_err2_3_, site0_.name as name3_3_, site0_.status as status4_3_, site0_.status_time as status_t5_3_, site0_.url as url6_3_ from site site0_]
2026-04-25 23:50:03 - Resolving attributes for [searchengine.model.Site#128]
2026-04-25 23:50:03 - Processing attribute `lastError` : value = Индексация остановлена пользователем
2026-04-25 23:50:03 - Attribute (`lastError`)  - enhanced for lazy-loading? - false
2026-04-25 23:50:03 - Processing attribute `name` : value = КИБЕРЛЕНИНКА
2026-04-25 23:50:03 - Attribute (`name`)  - enhanced for lazy-loading? - false
2026-04-25 23:50:03 - Processing attribute `pages` : value = NOT NULL COLLECTION
2026-04-25 23:50:03 - Attribute (`pages`)  - enhanced for lazy-loading? - false
2026-04-25 23:50:03 - Processing attribute `status` : value = FAILED
2026-04-25 23:50:03 - Attribute (`status`)  - enhanced for lazy-loading? - false
2026-04-25 23:50:03 - Processing attribute `statusTime` : value = 2026-04-19T22:03:38.655614
2026-04-25 23:50:03 - Attribute (`statusTime`)  - enhanced for lazy-loading? - false
2026-04-25 23:50:03 - Processing attribute `url` : value = https://cyberleninka.ru/
2026-04-25 23:50:03 - Attribute (`url`)  - enhanced for lazy-loading? - false
2026-04-25 23:50:03 - Done materializing entity [searchengine.model.Site#128]
2026-04-25 23:50:03 - Resolving attributes for [searchengine.model.Site#129]
2026-04-25 23:50:03 - Processing attribute `lastError` : value = Индексация остановлена пользователем
2026-04-25 23:50:03 - Attribute (`lastError`)  - enhanced for lazy-loading? - false
2026-04-25 23:50:03 - Processing attribute `name` : value = Журнал: Аграрная наука
2026-04-25 23:50:03 - Attribute (`name`)  - enhanced for lazy-loading? - false
2026-04-25 23:50:03 - Processing attribute `pages` : value = NOT NULL COLLECTION
2026-04-25 23:50:03 - Attribute (`pages`)  - enhanced for lazy-loading? - false
2026-04-25 23:50:03 - Processing attribute `status` : value = FAILED
2026-04-25 23:50:03 - Attribute (`status`)  - enhanced for lazy-loading? - false
2026-04-25 23:50:03 - Processing attribute `statusTime` : value = 2026-04-19T22:03:38.620442
2026-04-25 23:50:03 - Attribute (`statusTime`)  - enhanced for lazy-loading? - false
2026-04-25 23:50:03 - Processing attribute `url` : value = https://www.vetpress.ru/jour
2026-04-25 23:50:03 - Attribute (`url`)  - enhanced for lazy-loading? - false
2026-04-25 23:50:03 - Done materializing entity [searchengine.model.Site#129]
2026-04-25 23:50:03 - Starting after statement execution processing [ON_CLOSE]
2026-04-25 23:50:03 - Initializing non-lazy collections
2026-04-25 23:50:03 - committing
2026-04-25 23:50:03 - Located HQL query plan in cache (select count(generatedAlias0) from Page as generatedAlias0 where generatedAlias0.site=:param0)
2026-04-25 23:50:03 - Find: select count(generatedAlias0) from Page as generatedAlias0 where generatedAlias0.site=:param0
2026-04-25 23:50:03 - Named parameters: {param0=searchengine.model.Site#128}
2026-04-25 23:50:03 - select count(page0_.id) as col_0_0_ from page page0_ where page0_.site_id=?
2026-04-25 23:50:03 - Registering last query statement [HikariProxyPreparedStatement@303631800 wrapping select count(page0_.id) as col_0_0_ from page page0_ where page0_.site_id=?]
2026-04-25 23:50:03 - binding parameter [1] as [INTEGER] - [128]
2026-04-25 23:50:03 - Starting after statement execution processing [ON_CLOSE]
2026-04-25 23:50:03 - Initializing non-lazy collections
2026-04-25 23:50:03 - Located HQL query plan in cache (select count(generatedAlias0) from Lemma as generatedAlias0 where generatedAlias0.site=:param0)
2026-04-25 23:50:03 - Find: select count(generatedAlias0) from Lemma as generatedAlias0 where generatedAlias0.site=:param0
2026-04-25 23:50:03 - Named parameters: {param0=searchengine.model.Site#128}
2026-04-25 23:50:03 - select count(lemma0_.id) as col_0_0_ from lemma lemma0_ where lemma0_.site_id=?
2026-04-25 23:50:03 - Registering last query statement [HikariProxyPreparedStatement@1552271518 wrapping select count(lemma0_.id) as col_0_0_ from lemma lemma0_ where lemma0_.site_id=?]
2026-04-25 23:50:03 - binding parameter [1] as [INTEGER] - [128]
2026-04-25 23:50:03 - Starting after statement execution processing [ON_CLOSE]
2026-04-25 23:50:03 - Initializing non-lazy collections
2026-04-25 23:50:03 - Located HQL query plan in cache (select count(generatedAlias0) from Topic as generatedAlias0 left join generatedAlias0.site as generatedAlias1 where generatedAlias1.id=:param0)
2026-04-25 23:50:03 - Find: select count(generatedAlias0) from Topic as generatedAlias0 left join generatedAlias0.site as generatedAlias1 where generatedAlias1.id=:param0
2026-04-25 23:50:03 - Named parameters: {param0=128}
2026-04-25 23:50:03 - select count(topic0_.id) as col_0_0_ from topic topic0_ left outer join site site1_ on topic0_.site_id=site1_.id where site1_.id=?
2026-04-25 23:50:03 - Registering last query statement [HikariProxyPreparedStatement@1319800960 wrapping select count(topic0_.id) as col_0_0_ from topic topic0_ left outer join site site1_ on topic0_.site_id=site1_.id where site1_.id=?]
2026-04-25 23:50:03 - binding parameter [1] as [INTEGER] - [128]
2026-04-25 23:50:03 - Starting after statement execution processing [ON_CLOSE]
2026-04-25 23:50:03 - Initializing non-lazy collections
2026-04-25 23:50:03 - Located HQL query plan in cache (select count(generatedAlias0) from Page as generatedAlias0 where generatedAlias0.site=:param0)
2026-04-25 23:50:03 - Find: select count(generatedAlias0) from Page as generatedAlias0 where generatedAlias0.site=:param0
2026-04-25 23:50:03 - Named parameters: {param0=searchengine.model.Site#129}
2026-04-25 23:50:03 - select count(page0_.id) as col_0_0_ from page page0_ where page0_.site_id=?
2026-04-25 23:50:03 - Registering last query statement [HikariProxyPreparedStatement@78835682 wrapping select count(page0_.id) as col_0_0_ from page page0_ where page0_.site_id=?]
2026-04-25 23:50:03 - binding parameter [1] as [INTEGER] - [129]
2026-04-25 23:50:03 - Starting after statement execution processing [ON_CLOSE]
2026-04-25 23:50:03 - Initializing non-lazy collections
2026-04-25 23:50:03 - Located HQL query plan in cache (select count(generatedAlias0) from Lemma as generatedAlias0 where generatedAlias0.site=:param0)
2026-04-25 23:50:03 - Find: select count(generatedAlias0) from Lemma as generatedAlias0 where generatedAlias0.site=:param0
2026-04-25 23:50:03 - Named parameters: {param0=searchengine.model.Site#129}
2026-04-25 23:50:03 - select count(lemma0_.id) as col_0_0_ from lemma lemma0_ where lemma0_.site_id=?
2026-04-25 23:50:03 - Registering last query statement [HikariProxyPreparedStatement@1768928447 wrapping select count(lemma0_.id) as col_0_0_ from lemma lemma0_ where lemma0_.site_id=?]
2026-04-25 23:50:03 - binding parameter [1] as [INTEGER] - [129]
2026-04-25 23:50:03 - Starting after statement execution processing [ON_CLOSE]
2026-04-25 23:50:03 - Initializing non-lazy collections
2026-04-25 23:50:03 - Located HQL query plan in cache (select count(generatedAlias0) from Topic as generatedAlias0 left join generatedAlias0.site as generatedAlias1 where generatedAlias1.id=:param0)
2026-04-25 23:50:03 - Find: select count(generatedAlias0) from Topic as generatedAlias0 left join generatedAlias0.site as generatedAlias1 where generatedAlias1.id=:param0
2026-04-25 23:50:03 - Named parameters: {param0=129}
2026-04-25 23:50:03 - select count(topic0_.id) as col_0_0_ from topic topic0_ left outer join site site1_ on topic0_.site_id=site1_.id where site1_.id=?
2026-04-25 23:50:03 - Registering last query statement [HikariProxyPreparedStatement@2053120612 wrapping select count(topic0_.id) as col_0_0_ from topic topic0_ left outer join site site1_ on topic0_.site_id=site1_.id where site1_.id=?]
2026-04-25 23:50:03 - binding parameter [1] as [INTEGER] - [129]
2026-04-25 23:50:03 - Starting after statement execution processing [ON_CLOSE]
2026-04-25 23:50:03 - Initializing non-lazy collections
2026-04-25 23:50:03 - Closing JDBC container [org.hibernate.engine.jdbc.internal.JdbcCoordinatorImpl@429f5d16]
2026-04-25 23:50:04 - Closing JDBC container [org.hibernate.engine.jdbc.internal.JdbcCoordinatorImpl@2179fd4b]
2026-04-25 23:50:04 - Closing JDBC container [org.hibernate.engine.jdbc.internal.JdbcCoordinatorImpl@532ccba9]
2026-04-25 23:50:04 - Closing JDBC container [org.hibernate.engine.jdbc.internal.JdbcCoordinatorImpl@5a58cc7d]
2026-04-25 23:50:04 - Closing JDBC container [org.hibernate.engine.jdbc.internal.JdbcCoordinatorImpl@b2cc245]
2026-04-25 23:50:04 - Closing JDBC container [org.hibernate.engine.jdbc.internal.JdbcCoordinatorImpl@5f1eea9f]
2026-04-25 23:50:04 - Closing JDBC container [org.hibernate.engine.jdbc.internal.JdbcCoordinatorImpl@2f01153]
2026-04-25 23:50:04 - Closing JDBC container [org.hibernate.engine.jdbc.internal.JdbcCoordinatorImpl@3cdee3bb]
2026-04-25 23:50:04 - Closing JDBC container [org.hibernate.engine.jdbc.internal.JdbcCoordinatorImpl@7e772ba1]
2026-04-25 23:50:04 - Closing JDBC container [org.hibernate.engine.jdbc.internal.JdbcCoordinatorImpl@74413f40]
2026-04-25 23:50:04 - Closing JDBC container [org.hibernate.engine.jdbc.internal.JdbcCoordinatorImpl@76f234a2]
2026-04-25 23:50:04 - Closing JDBC container [org.hibernate.engine.jdbc.internal.JdbcCoordinatorImpl@5b527c66]
2026-04-25 23:50:04 - Closing JDBC container [org.hibernate.engine.jdbc.internal.JdbcCoordinatorImpl@647b7700]
2026-04-25 23:50:04 - Closing JDBC container [org.hibernate.engine.jdbc.internal.JdbcCoordinatorImpl@43ec05fa]
2026-04-25 23:50:04 - Closing JDBC container [org.hibernate.engine.jdbc.internal.JdbcCoordinatorImpl@77f44f82]
2026-04-25 23:50:04 - On TransactionImpl creation, JpaCompliance#isJpaTransactionComplianceEnabled == false
2026-04-25 23:50:04 - begin
2026-04-25 23:50:04 - Located HQL query plan in cache (select count(*) from Site x)
2026-04-25 23:50:04 - Find: select count(*) from Site x
2026-04-25 23:50:04 - Named parameters: {}
2026-04-25 23:50:04 - select count(*) as col_0_0_ from site site0_
2026-04-25 23:50:04 - Registering last query statement [HikariProxyPreparedStatement@1549288931 wrapping select count(*) as col_0_0_ from site site0_]
2026-04-25 23:50:04 - Starting after statement execution processing [ON_CLOSE]
2026-04-25 23:50:04 - Initializing non-lazy collections
2026-04-25 23:50:04 - committing
2026-04-25 23:50:04 - begin
2026-04-25 23:50:04 - Located HQL query plan in cache (select count(*) from Page x)
2026-04-25 23:50:04 - Find: select count(*) from Page x
2026-04-25 23:50:04 - Named parameters: {}
2026-04-25 23:50:04 - select count(*) as col_0_0_ from page page0_
2026-04-25 23:50:04 - Registering last query statement [HikariProxyPreparedStatement@475054117 wrapping select count(*) as col_0_0_ from page page0_]
2026-04-25 23:50:04 - Starting after statement execution processing [ON_CLOSE]
2026-04-25 23:50:04 - Initializing non-lazy collections
2026-04-25 23:50:04 - committing
2026-04-25 23:50:04 - begin
2026-04-25 23:50:04 - Located HQL query plan in cache (select count(*) from Lemma x)
2026-04-25 23:50:04 - Find: select count(*) from Lemma x
2026-04-25 23:50:04 - Named parameters: {}
2026-04-25 23:50:04 - select count(*) as col_0_0_ from lemma lemma0_
2026-04-25 23:50:04 - Registering last query statement [HikariProxyPreparedStatement@1236339578 wrapping select count(*) as col_0_0_ from lemma lemma0_]
2026-04-25 23:50:04 - Starting after statement execution processing [ON_CLOSE]
2026-04-25 23:50:04 - Initializing non-lazy collections
2026-04-25 23:50:04 - committing
2026-04-25 23:50:04 - Located HQL query plan in cache (select generatedAlias0 from Site as generatedAlias0 where generatedAlias0.status=:param0)
2026-04-25 23:50:04 - Find: select generatedAlias0 from Site as generatedAlias0 where generatedAlias0.status=:param0
2026-04-25 23:50:04 - Named parameters: {param0=INDEXED}
2026-04-25 23:50:04 - select site0_.id as id1_3_, site0_.last_error as last_err2_3_, site0_.name as name3_3_, site0_.status as status4_3_, site0_.status_time as status_t5_3_, site0_.url as url6_3_ from site site0_ where site0_.status=?
2026-04-25 23:50:04 - Registering last query statement [HikariProxyPreparedStatement@859387352 wrapping select site0_.id as id1_3_, site0_.last_error as last_err2_3_, site0_.name as name3_3_, site0_.status as status4_3_, site0_.status_time as status_t5_3_, site0_.url as url6_3_ from site site0_ where site0_.status=?]
2026-04-25 23:50:04 - binding parameter [1] as [VARCHAR] - [INDEXED]
2026-04-25 23:50:04 - Starting after statement execution processing [ON_CLOSE]
2026-04-25 23:50:04 - Initializing non-lazy collections
2026-04-25 23:50:04 - begin
2026-04-25 23:50:04 - Located HQL query plan in cache (select generatedAlias0 from Site as generatedAlias0)
2026-04-25 23:50:04 - Find: select generatedAlias0 from Site as generatedAlias0
2026-04-25 23:50:04 - Named parameters: {}
2026-04-25 23:50:04 - select site0_.id as id1_3_, site0_.last_error as last_err2_3_, site0_.name as name3_3_, site0_.status as status4_3_, site0_.status_time as status_t5_3_, site0_.url as url6_3_ from site site0_
2026-04-25 23:50:04 - Registering last query statement [HikariProxyPreparedStatement@1501803053 wrapping select site0_.id as id1_3_, site0_.last_error as last_err2_3_, site0_.name as name3_3_, site0_.status as status4_3_, site0_.status_time as status_t5_3_, site0_.url as url6_3_ from site site0_]
2026-04-25 23:50:04 - Closing JDBC container [org.hibernate.engine.jdbc.internal.JdbcCoordinatorImpl@3b75aa0b]
2026-04-25 23:50:04 - Resolving attributes for [searchengine.model.Site#128]
2026-04-25 23:50:04 - Processing attribute `lastError` : value = Индексация остановлена пользователем
2026-04-25 23:50:04 - Attribute (`lastError`)  - enhanced for lazy-loading? - false
2026-04-25 23:50:04 - Processing attribute `name` : value = КИБЕРЛЕНИНКА
2026-04-25 23:50:04 - Attribute (`name`)  - enhanced for lazy-loading? - false
2026-04-25 23:50:04 - Processing attribute `pages` : value = NOT NULL COLLECTION
2026-04-25 23:50:04 - Attribute (`pages`)  - enhanced for lazy-loading? - false
2026-04-25 23:50:04 - Processing attribute `status` : value = FAILED
2026-04-25 23:50:04 - Attribute (`status`)  - enhanced for lazy-loading? - false
2026-04-25 23:50:04 - Processing attribute `statusTime` : value = 2026-04-19T22:03:38.655614
2026-04-25 23:50:04 - Attribute (`statusTime`)  - enhanced for lazy-loading? - false
2026-04-25 23:50:04 - Processing attribute `url` : value = https://cyberleninka.ru/
2026-04-25 23:50:04 - Attribute (`url`)  - enhanced for lazy-loading? - false
2026-04-25 23:50:04 - Done materializing entity [searchengine.model.Site#128]
2026-04-25 23:50:04 - Resolving attributes for [searchengine.model.Site#129]
2026-04-25 23:50:04 - Processing attribute `lastError` : value = Индексация остановлена пользователем
2026-04-25 23:50:04 - Attribute (`lastError`)  - enhanced for lazy-loading? - false
2026-04-25 23:50:04 - Processing attribute `name` : value = Журнал: Аграрная наука
2026-04-25 23:50:04 - Attribute (`name`)  - enhanced for lazy-loading? - false
2026-04-25 23:50:04 - Processing attribute `pages` : value = NOT NULL COLLECTION
2026-04-25 23:50:04 - Attribute (`pages`)  - enhanced for lazy-loading? - false
2026-04-25 23:50:04 - Processing attribute `status` : value = FAILED
2026-04-25 23:50:04 - Attribute (`status`)  - enhanced for lazy-loading? - false
2026-04-25 23:50:04 - Processing attribute `statusTime` : value = 2026-04-19T22:03:38.620442
2026-04-25 23:50:04 - Attribute (`statusTime`)  - enhanced for lazy-loading? - false
2026-04-25 23:50:04 - Processing attribute `url` : value = https://www.vetpress.ru/jour
2026-04-25 23:50:04 - Attribute (`url`)  - enhanced for lazy-loading? - false
2026-04-25 23:50:04 - Done materializing entity [searchengine.model.Site#129]
2026-04-25 23:50:04 - Starting after statement execution processing [ON_CLOSE]
2026-04-25 23:50:04 - Initializing non-lazy collections
2026-04-25 23:50:04 - committing
2026-04-25 23:50:04 - Located HQL query plan in cache (select count(generatedAlias0) from Page as generatedAlias0 where generatedAlias0.site=:param0)
2026-04-25 23:50:04 - Find: select count(generatedAlias0) from Page as generatedAlias0 where generatedAlias0.site=:param0
2026-04-25 23:50:04 - Named parameters: {param0=searchengine.model.Site#128}
2026-04-25 23:50:04 - select count(page0_.id) as col_0_0_ from page page0_ where page0_.site_id=?
2026-04-25 23:50:04 - Registering last query statement [HikariProxyPreparedStatement@467660776 wrapping select count(page0_.id) as col_0_0_ from page page0_ where page0_.site_id=?]
2026-04-25 23:50:04 - binding parameter [1] as [INTEGER] - [128]
2026-04-25 23:50:04 - Closing JDBC container [org.hibernate.engine.jdbc.internal.JdbcCoordinatorImpl@3572ec7c]
2026-04-25 23:50:04 - Starting after statement execution processing [ON_CLOSE]
2026-04-25 23:50:04 - Initializing non-lazy collections
2026-04-25 23:50:04 - Located HQL query plan in cache (select count(generatedAlias0) from Lemma as generatedAlias0 where generatedAlias0.site=:param0)
2026-04-25 23:50:04 - Find: select count(generatedAlias0) from Lemma as generatedAlias0 where generatedAlias0.site=:param0
2026-04-25 23:50:04 - Named parameters: {param0=searchengine.model.Site#128}
2026-04-25 23:50:04 - select count(lemma0_.id) as col_0_0_ from lemma lemma0_ where lemma0_.site_id=?
2026-04-25 23:50:04 - Registering last query statement [HikariProxyPreparedStatement@1762119757 wrapping select count(lemma0_.id) as col_0_0_ from lemma lemma0_ where lemma0_.site_id=?]
2026-04-25 23:50:04 - binding parameter [1] as [INTEGER] - [128]
2026-04-25 23:50:04 - Closing JDBC container [org.hibernate.engine.jdbc.internal.JdbcCoordinatorImpl@a0493c2]
2026-04-25 23:50:04 - Closing JDBC container [org.hibernate.engine.jdbc.internal.JdbcCoordinatorImpl@4de98b00]
2026-04-25 23:50:04 - Starting after statement execution processing [ON_CLOSE]
2026-04-25 23:50:04 - Initializing non-lazy collections
2026-04-25 23:50:04 - Located HQL query plan in cache (select count(generatedAlias0) from Topic as generatedAlias0 left join generatedAlias0.site as generatedAlias1 where generatedAlias1.id=:param0)
2026-04-25 23:50:04 - Find: select count(generatedAlias0) from Topic as generatedAlias0 left join generatedAlias0.site as generatedAlias1 where generatedAlias1.id=:param0
2026-04-25 23:50:04 - Named parameters: {param0=128}
2026-04-25 23:50:04 - select count(topic0_.id) as col_0_0_ from topic topic0_ left outer join site site1_ on topic0_.site_id=site1_.id where site1_.id=?
2026-04-25 23:50:04 - Registering last query statement [HikariProxyPreparedStatement@746087031 wrapping select count(topic0_.id) as col_0_0_ from topic topic0_ left outer join site site1_ on topic0_.site_id=site1_.id where site1_.id=?]
2026-04-25 23:50:04 - binding parameter [1] as [INTEGER] - [128]
2026-04-25 23:50:04 - Starting after statement execution processing [ON_CLOSE]
2026-04-25 23:50:04 - Initializing non-lazy collections
2026-04-25 23:50:04 - Located HQL query plan in cache (select count(generatedAlias0) from Page as generatedAlias0 where generatedAlias0.site=:param0)
2026-04-25 23:50:04 - Find: select count(generatedAlias0) from Page as generatedAlias0 where generatedAlias0.site=:param0
2026-04-25 23:50:04 - Named parameters: {param0=searchengine.model.Site#129}
2026-04-25 23:50:04 - select count(page0_.id) as col_0_0_ from page page0_ where page0_.site_id=?
2026-04-25 23:50:04 - Registering last query statement [HikariProxyPreparedStatement@1909104904 wrapping select count(page0_.id) as col_0_0_ from page page0_ where page0_.site_id=?]
2026-04-25 23:50:04 - binding parameter [1] as [INTEGER] - [129]
2026-04-25 23:50:04 - Starting after statement execution processing [ON_CLOSE]
2026-04-25 23:50:04 - Initializing non-lazy collections
2026-04-25 23:50:04 - Located HQL query plan in cache (select count(generatedAlias0) from Lemma as generatedAlias0 where generatedAlias0.site=:param0)
2026-04-25 23:50:04 - Find: select count(generatedAlias0) from Lemma as generatedAlias0 where generatedAlias0.site=:param0
2026-04-25 23:50:04 - Named parameters: {param0=searchengine.model.Site#129}
2026-04-25 23:50:04 - select count(lemma0_.id) as col_0_0_ from lemma lemma0_ where lemma0_.site_id=?
2026-04-25 23:50:04 - Registering last query statement [HikariProxyPreparedStatement@897107128 wrapping select count(lemma0_.id) as col_0_0_ from lemma lemma0_ where lemma0_.site_id=?]
2026-04-25 23:50:04 - binding parameter [1] as [INTEGER] - [129]
2026-04-25 23:50:04 - Starting after statement execution processing [ON_CLOSE]
2026-04-25 23:50:04 - Initializing non-lazy collections
2026-04-25 23:50:04 - Located HQL query plan in cache (select count(generatedAlias0) from Topic as generatedAlias0 left join generatedAlias0.site as generatedAlias1 where generatedAlias1.id=:param0)
2026-04-25 23:50:04 - Find: select count(generatedAlias0) from Topic as generatedAlias0 left join generatedAlias0.site as generatedAlias1 where generatedAlias1.id=:param0
2026-04-25 23:50:04 - Named parameters: {param0=129}
2026-04-25 23:50:04 - select count(topic0_.id) as col_0_0_ from topic topic0_ left outer join site site1_ on topic0_.site_id=site1_.id where site1_.id=?
2026-04-25 23:50:04 - Registering last query statement [HikariProxyPreparedStatement@1940212288 wrapping select count(topic0_.id) as col_0_0_ from topic topic0_ left outer join site site1_ on topic0_.site_id=site1_.id where site1_.id=?]
2026-04-25 23:50:04 - binding parameter [1] as [INTEGER] - [129]
2026-04-25 23:50:04 - Starting after statement execution processing [ON_CLOSE]
2026-04-25 23:50:04 - Initializing non-lazy collections
2026-04-25 23:50:04 - Closing JDBC container [org.hibernate.engine.jdbc.internal.JdbcCoordinatorImpl@39bca4be]
2026-04-25 23:50:19 - HikariPool-1 - Pool stats (total=10, active=0, idle=10, waiting=0)
2026-04-25 23:50:19 - HikariPool-1 - Fill pool skipped, pool is at sufficient level.
2026-04-25 23:50:49 - HikariPool-1 - Pool stats (total=10, active=0, idle=10, waiting=0)
2026-04-25 23:50:49 - HikariPool-1 - Fill pool skipped, pool is at sufficient level.
2026-04-25 23:51:19 - HikariPool-1 - Pool stats (total=10, active=0, idle=10, waiting=0)
2026-04-25 23:51:19 - HikariPool-1 - Fill pool skipped, pool is at sufficient level.
2026-04-25 23:51:48 - Closing JPA EntityManagerFactory for persistence unit 'default'
2026-04-25 23:51:48 - Cleaning QueryPlan Cache
2026-04-25 23:51:48 - HikariPool-1 - Shutdown initiated...
2026-04-25 23:51:48 - HikariPool-1 - Before shutdown stats (total=10, active=0, idle=10, waiting=0)
2026-04-25 23:51:48 - HikariPool-1 - Closing connection org.postgresql.jdbc.PgConnection@75eaba95: (connection evicted)
2026-04-25 23:51:48 - HikariPool-1 - Closing connection org.postgresql.jdbc.PgConnection@7ede0a22: (connection evicted)
2026-04-25 23:51:48 - HikariPool-1 - Closing connection org.postgresql.jdbc.PgConnection@3bdc8b9d: (connection evicted)
2026-04-25 23:51:48 - HikariPool-1 - Closing connection org.postgresql.jdbc.PgConnection@4ac97b9: (connection evicted)
2026-04-25 23:51:48 - HikariPool-1 - Closing connection org.postgresql.jdbc.PgConnection@5bf374d2: (connection evicted)
2026-04-25 23:51:48 - HikariPool-1 - Closing connection org.postgresql.jdbc.PgConnection@1d08ab90: (connection evicted)
2026-04-25 23:51:48 - HikariPool-1 - Closing connection org.postgresql.jdbc.PgConnection@7fd93856: (connection evicted)
2026-04-25 23:51:48 - HikariPool-1 - Closing connection org.postgresql.jdbc.PgConnection@1fa8794b: (connection evicted)
2026-04-25 23:51:48 - HikariPool-1 - Closing connection org.postgresql.jdbc.PgConnection@5fbdcb88: (connection evicted)
2026-04-25 23:51:48 - HikariPool-1 - Closing connection org.postgresql.jdbc.PgConnection@731bfc4: (connection evicted)
2026-04-25 23:51:48 - HikariPool-1 - After shutdown stats (total=0, active=0, idle=0, waiting=0)
2026-04-25 23:51:48 - HikariPool-1 - Shutdown completed.
2026-04-25 23:51:51 - Starting Application using Java 17.0.17 on DESKTOP-STM7KQV with PID 3464 (C:\Users\User\IdeaProjects\themes\Searchengine_1\target\classes started by User in C:\Users\User\IdeaProjects\themes)
2026-04-25 23:51:51 - No active profile set, falling back to 1 default profile: "default"
2026-04-25 23:51:52 - Bootstrapping Spring Data JPA repositories in DEFAULT mode.
2026-04-25 23:51:52 - Finished Spring Data repository scanning in 181 ms. Found 7 JPA repository interfaces.
2026-04-25 23:51:53 - Tomcat initialized with port(s): 8080 (http)
2026-04-25 23:51:53 - Starting service [Tomcat]
2026-04-25 23:51:53 - Starting Servlet engine: [Apache Tomcat/9.0.64]
2026-04-25 23:51:54 - Initializing Spring embedded WebApplicationContext
2026-04-25 23:51:54 - Root WebApplicationContext: initialization completed in 2463 ms
2026-04-25 23:51:54 - Driver class org.postgresql.Driver found in Thread context class loader jdk.internal.loader.ClassLoaders$AppClassLoader@1d44bcfa
2026-04-25 23:51:55 - HikariPool-1 - configuration:
2026-04-25 23:51:55 - allowPoolSuspension................................false
2026-04-25 23:51:55 - autoCommit................................true
2026-04-25 23:51:55 - catalog................................none
2026-04-25 23:51:55 - connectionInitSql................................none
2026-04-25 23:51:55 - connectionTestQuery................................none
2026-04-25 23:51:55 - connectionTimeout................................30000
2026-04-25 23:51:55 - dataSource................................none
2026-04-25 23:51:55 - dataSourceClassName................................none
2026-04-25 23:51:55 - dataSourceJNDI................................none
2026-04-25 23:51:55 - dataSourceProperties................................{password=<masked>}
2026-04-25 23:51:55 - driverClassName................................"org.postgresql.Driver"
2026-04-25 23:51:55 - exceptionOverrideClassName................................none
2026-04-25 23:51:55 - healthCheckProperties................................{}
2026-04-25 23:51:55 - healthCheckRegistry................................none
2026-04-25 23:51:55 - idleTimeout................................600000
2026-04-25 23:51:55 - initializationFailTimeout................................1
2026-04-25 23:51:55 - isolateInternalQueries................................false
2026-04-25 23:51:55 - jdbcUrl................................jdbc:postgresql://localhost:5432/postgres
2026-04-25 23:51:55 - keepaliveTime................................0
2026-04-25 23:51:55 - leakDetectionThreshold................................0
2026-04-25 23:51:55 - maxLifetime................................1800000
2026-04-25 23:51:55 - maximumPoolSize................................10
2026-04-25 23:51:55 - metricRegistry................................none
2026-04-25 23:51:55 - metricsTrackerFactory................................none
2026-04-25 23:51:55 - minimumIdle................................10
2026-04-25 23:51:55 - password................................<masked>
2026-04-25 23:51:55 - poolName................................"HikariPool-1"
2026-04-25 23:51:55 - readOnly................................false
2026-04-25 23:51:55 - registerMbeans................................false
2026-04-25 23:51:55 - scheduledExecutor................................none
2026-04-25 23:51:55 - schema................................none
2026-04-25 23:51:55 - threadFactory................................internal
2026-04-25 23:51:55 - transactionIsolation................................default
2026-04-25 23:51:55 - username................................"postgres"
2026-04-25 23:51:55 - validationTimeout................................5000
2026-04-25 23:51:55 - HikariPool-1 - Starting...
2026-04-25 23:51:56 - HikariPool-1 - Added connection org.postgresql.jdbc.PgConnection@3af2f846
2026-04-25 23:51:56 - HikariPool-1 - Start completed.
2026-04-25 23:51:56 - HikariPool-1 - Pool stats (total=1, active=1, idle=0, waiting=0)
2026-04-25 23:51:56 - HikariPool-1 - Added connection org.postgresql.jdbc.PgConnection@86b18f0
2026-04-25 23:51:56 - HikariPool-1 - Added connection org.postgresql.jdbc.PgConnection@4d699799
2026-04-25 23:51:57 - HikariPool-1 - Added connection org.postgresql.jdbc.PgConnection@2c92f782
2026-04-25 23:51:57 - HikariPool-1 - Added connection org.postgresql.jdbc.PgConnection@2d4668d6
2026-04-25 23:51:57 - HikariPool-1 - Added connection org.postgresql.jdbc.PgConnection@684ce63
2026-04-25 23:51:57 - HikariPool-1 - Added connection org.postgresql.jdbc.PgConnection@c83a730
2026-04-25 23:51:57 - Set default schema name to public
2026-04-25 23:51:57 - HikariPool-1 - Added connection org.postgresql.jdbc.PgConnection@37967fc5
2026-04-25 23:51:57 - HikariPool-1 - Added connection org.postgresql.jdbc.PgConnection@2908b139
2026-04-25 23:51:57 - HikariPool-1 - Added connection org.postgresql.jdbc.PgConnection@9df95ad
2026-04-25 23:51:57 - HikariPool-1 - After adding stats (total=10, active=1, idle=9, waiting=0)
2026-04-25 23:51:57 - Successfully acquired change log lock
2026-04-25 23:51:58 - Reading from public.databasechangelog
2026-04-25 23:51:58 - Successfully released change log lock
2026-04-25 23:51:59 - HHH000204: Processing PersistenceUnitInfo [name: default]
2026-04-25 23:51:59 - HHH000412: Hibernate ORM core version 5.6.9.Final
2026-04-25 23:51:59 - HCANN000001: Hibernate Commons Annotations {5.1.2.Final}
2026-04-25 23:51:59 - Database ->
       name : PostgreSQL
    version : 18.1
      major : 18
      minor : 1
2026-04-25 23:51:59 - Driver ->
       name : PostgreSQL JDBC Driver
    version : 42.3.6
      major : 42
      minor : 3
2026-04-25 23:51:59 - JDBC version : 4.2
2026-04-25 23:52:00 - HHH000400: Using dialect: org.hibernate.dialect.PostgreSQLDialect
2026-04-25 23:52:00 - JDBC driver metadata reported database stores quoted identifiers in neither upper, lower nor mixed case
2026-04-25 23:52:00 - Normalizing identifier quoting [postgres]
2026-04-25 23:52:00 - Normalizing identifier quoting [public]
2026-04-25 23:52:00 - Normalizing identifier quoting [DTYPE]
2026-04-25 23:52:00 - Normalizing identifier quoting [lemma]
2026-04-25 23:52:00 - Normalizing identifier quoting [lemma]
2026-04-25 23:52:00 - Normalizing identifier quoting [id]
2026-04-25 23:52:00 - Normalizing identifier quoting [id]
2026-04-25 23:52:00 - Normalizing identifier quoting [id]
2026-04-25 23:52:00 - Normalizing identifier quoting [id]
2026-04-25 23:52:00 - Normalizing identifier quoting [id]
2026-04-25 23:52:00 - Normalizing identifier quoting [frequency]
2026-04-25 23:52:00 - Normalizing identifier quoting [frequency]
2026-04-25 23:52:00 - Normalizing identifier quoting [frequency]
2026-04-25 23:52:00 - Normalizing identifier quoting [frequency]
2026-04-25 23:52:00 - Normalizing identifier quoting [frequency]
2026-04-25 23:52:00 - Normalizing identifier quoting [lemma]
2026-04-25 23:52:00 - Normalizing identifier quoting [lemma]
2026-04-25 23:52:00 - Normalizing identifier quoting [lemma]
2026-04-25 23:52:00 - Normalizing identifier quoting [lemma]
2026-04-25 23:52:00 - Normalizing identifier quoting [lemma]
2026-04-25 23:52:00 - Normalizing identifier quoting [searchIndexes]
2026-04-25 23:52:00 - Normalizing identifier quoting [searchIndexes]
2026-04-25 23:52:00 - Normalizing identifier quoting [element]
2026-04-25 23:52:00 - Normalizing identifier quoting [element]
2026-04-25 23:52:00 - Normalizing identifier quoting [searchIndexes_KEY]
2026-04-25 23:52:00 - Normalizing identifier quoting [searchIndexes_KEY]
2026-04-25 23:52:00 - Normalizing identifier quoting [site_id]
2026-04-25 23:52:00 - Normalizing identifier quoting [site]
2026-04-25 23:52:00 - Normalizing identifier quoting [site]
2026-04-25 23:52:00 - Normalizing identifier quoting [DTYPE]
2026-04-25 23:52:00 - Normalizing identifier quoting [page]
2026-04-25 23:52:00 - Normalizing identifier quoting [page]
2026-04-25 23:52:00 - Normalizing identifier quoting [id]
2026-04-25 23:52:00 - Normalizing identifier quoting [id]
2026-04-25 23:52:00 - Normalizing identifier quoting [id]
2026-04-25 23:52:00 - Normalizing identifier quoting [id]
2026-04-25 23:52:00 - Normalizing identifier quoting [id]
2026-04-25 23:52:00 - Normalizing identifier quoting [code]
2026-04-25 23:52:00 - Normalizing identifier quoting [code]
2026-04-25 23:52:00 - Normalizing identifier quoting [code]
2026-04-25 23:52:00 - Normalizing identifier quoting [code]
2026-04-25 23:52:00 - Normalizing identifier quoting [code]
2026-04-25 23:52:00 - Normalizing identifier quoting [content]
2026-04-25 23:52:00 - Normalizing identifier quoting [content]
2026-04-25 23:52:00 - Normalizing identifier quoting [content]
2026-04-25 23:52:00 - Normalizing identifier quoting [content]
2026-04-25 23:52:00 - Normalizing identifier quoting [content]
2026-04-25 23:52:00 - Normalizing identifier quoting [path]
2026-04-25 23:52:00 - Normalizing identifier quoting [path]
2026-04-25 23:52:00 - Normalizing identifier quoting [path]
2026-04-25 23:52:00 - Normalizing identifier quoting [path]
2026-04-25 23:52:00 - Normalizing identifier quoting [path]
2026-04-25 23:52:00 - Normalizing identifier quoting [site_id]
2026-04-25 23:52:00 - Normalizing identifier quoting [site]
2026-04-25 23:52:00 - Normalizing identifier quoting [site]
2026-04-25 23:52:00 - Normalizing identifier quoting [topic_count]
2026-04-25 23:52:00 - Normalizing identifier quoting [topic_count]
2026-04-25 23:52:00 - Normalizing identifier quoting [topic_count]
2026-04-25 23:52:00 - Normalizing identifier quoting [topics]
2026-04-25 23:52:00 - Normalizing identifier quoting [topics]
2026-04-25 23:52:00 - Normalizing identifier quoting [element]
2026-04-25 23:52:00 - Normalizing identifier quoting [element]
2026-04-25 23:52:00 - Normalizing identifier quoting [topics_KEY]
2026-04-25 23:52:00 - Normalizing identifier quoting [topics_KEY]
2026-04-25 23:52:00 - Normalizing identifier quoting [DTYPE]
2026-04-25 23:52:00 - Normalizing identifier quoting [search_index]
2026-04-25 23:52:00 - Normalizing identifier quoting [search_index]
2026-04-25 23:52:00 - Normalizing identifier quoting [id]
2026-04-25 23:52:00 - Normalizing identifier quoting [id]
2026-04-25 23:52:00 - Normalizing identifier quoting [id]
2026-04-25 23:52:00 - Normalizing identifier quoting [id]
2026-04-25 23:52:00 - Normalizing identifier quoting [id]
2026-04-25 23:52:00 - Normalizing identifier quoting [lemma_id]
2026-04-25 23:52:00 - Normalizing identifier quoting [lemma]
2026-04-25 23:52:00 - Normalizing identifier quoting [lemma]
2026-04-25 23:52:00 - Normalizing identifier quoting [page_id]
2026-04-25 23:52:00 - Normalizing identifier quoting [page]
2026-04-25 23:52:00 - Normalizing identifier quoting [page]
2026-04-25 23:52:00 - Normalizing identifier quoting [ranking]
2026-04-25 23:52:00 - Normalizing identifier quoting [ranking]
2026-04-25 23:52:00 - Normalizing identifier quoting [ranking]
2026-04-25 23:52:00 - Normalizing identifier quoting [ranking]
2026-04-25 23:52:00 - Normalizing identifier quoting [ranking]
2026-04-25 23:52:00 - Normalizing identifier quoting [DTYPE]
2026-04-25 23:52:00 - Normalizing identifier quoting [Site]
2026-04-25 23:52:00 - Normalizing identifier quoting [Site]
2026-04-25 23:52:00 - Normalizing identifier quoting [id]
2026-04-25 23:52:00 - Normalizing identifier quoting [id]
2026-04-25 23:52:00 - Normalizing identifier quoting [id]
2026-04-25 23:52:00 - Normalizing identifier quoting [id]
2026-04-25 23:52:00 - Normalizing identifier quoting [id]
2026-04-25 23:52:00 - Normalizing identifier quoting [lastError]
2026-04-25 23:52:00 - Normalizing identifier quoting [lastError]
2026-04-25 23:52:00 - Normalizing identifier quoting [lastError]
2026-04-25 23:52:00 - Normalizing identifier quoting [lastError]
2026-04-25 23:52:00 - Normalizing identifier quoting [lastError]
2026-04-25 23:52:00 - Normalizing identifier quoting [name]
2026-04-25 23:52:00 - Normalizing identifier quoting [name]
2026-04-25 23:52:00 - Normalizing identifier quoting [name]
2026-04-25 23:52:00 - Normalizing identifier quoting [name]
2026-04-25 23:52:00 - Normalizing identifier quoting [name]
2026-04-25 23:52:00 - Normalizing identifier quoting [pages]
2026-04-25 23:52:00 - Normalizing identifier quoting [pages]
2026-04-25 23:52:00 - Normalizing identifier quoting [element]
2026-04-25 23:52:00 - Normalizing identifier quoting [element]
2026-04-25 23:52:00 - Normalizing identifier quoting [pages_KEY]
2026-04-25 23:52:00 - Normalizing identifier quoting [pages_KEY]
2026-04-25 23:52:00 - Normalizing identifier quoting [status]
2026-04-25 23:52:00 - Normalizing identifier quoting [status]
2026-04-25 23:52:00 - Normalizing identifier quoting [status]
2026-04-25 23:52:00 - Normalizing identifier quoting [status]
2026-04-25 23:52:00 - Normalizing identifier quoting [status]
2026-04-25 23:52:00 - Normalizing identifier quoting [statusTime]
2026-04-25 23:52:00 - Normalizing identifier quoting [statusTime]
2026-04-25 23:52:00 - Normalizing identifier quoting [statusTime]
2026-04-25 23:52:00 - Normalizing identifier quoting [statusTime]
2026-04-25 23:52:00 - Normalizing identifier quoting [statusTime]
2026-04-25 23:52:00 - Normalizing identifier quoting [url]
2026-04-25 23:52:00 - Normalizing identifier quoting [url]
2026-04-25 23:52:00 - Normalizing identifier quoting [url]
2026-04-25 23:52:00 - Normalizing identifier quoting [url]
2026-04-25 23:52:00 - Normalizing identifier quoting [url]
2026-04-25 23:52:00 - Normalizing identifier quoting [DTYPE]
2026-04-25 23:52:00 - Normalizing identifier quoting [topic]
2026-04-25 23:52:00 - Normalizing identifier quoting [topic]
2026-04-25 23:52:00 - Normalizing identifier quoting [id]
2026-04-25 23:52:00 - Normalizing identifier quoting [id]
2026-04-25 23:52:00 - Normalizing identifier quoting [id]
2026-04-25 23:52:00 - Normalizing identifier quoting [id]
2026-04-25 23:52:00 - Normalizing identifier quoting [id]
2026-04-25 23:52:00 - Normalizing identifier quoting [content]
2026-04-25 23:52:00 - Normalizing identifier quoting [content]
2026-04-25 23:52:00 - Normalizing identifier quoting [content]
2026-04-25 23:52:00 - Normalizing identifier quoting [created_at]
2026-04-25 23:52:00 - Normalizing identifier quoting [created_at]
2026-04-25 23:52:00 - Normalizing identifier quoting [created_at]
2026-04-25 23:52:00 - Normalizing identifier quoting [lemma_count]
2026-04-25 23:52:00 - Normalizing identifier quoting [lemma_count]
2026-04-25 23:52:00 - Normalizing identifier quoting [lemma_count]
2026-04-25 23:52:00 - Normalizing identifier quoting [order_num]
2026-04-25 23:52:00 - Normalizing identifier quoting [order_num]
2026-04-25 23:52:00 - Normalizing identifier quoting [order_num]
2026-04-25 23:52:00 - Normalizing identifier quoting [page_id]
2026-04-25 23:52:00 - Normalizing identifier quoting [page]
2026-04-25 23:52:00 - Normalizing identifier quoting [page]
2026-04-25 23:52:00 - Normalizing identifier quoting [site_id]
2026-04-25 23:52:00 - Normalizing identifier quoting [site]
2026-04-25 23:52:00 - Normalizing identifier quoting [site]
2026-04-25 23:52:00 - Normalizing identifier quoting [title]
2026-04-25 23:52:00 - Normalizing identifier quoting [title]
2026-04-25 23:52:00 - Normalizing identifier quoting [title]
2026-04-25 23:52:00 - Normalizing identifier quoting [topic_group_id]
2026-04-25 23:52:00 - Normalizing identifier quoting [topicGroup]
2026-04-25 23:52:00 - Normalizing identifier quoting [topicGroup]
2026-04-25 23:52:00 - Normalizing identifier quoting [DTYPE]
2026-04-25 23:52:00 - Normalizing identifier quoting [topic_group]
2026-04-25 23:52:00 - Normalizing identifier quoting [topic_group]
2026-04-25 23:52:00 - Normalizing identifier quoting [id]
2026-04-25 23:52:00 - Normalizing identifier quoting [id]
2026-04-25 23:52:00 - Normalizing identifier quoting [id]
2026-04-25 23:52:00 - Normalizing identifier quoting [id]
2026-04-25 23:52:00 - Normalizing identifier quoting [id]
2026-04-25 23:52:00 - Normalizing identifier quoting [content_summary]
2026-04-25 23:52:00 - Normalizing identifier quoting [content_summary]
2026-04-25 23:52:00 - Normalizing identifier quoting [content_summary]
2026-04-25 23:52:00 - Normalizing identifier quoting [frequency]
2026-04-25 23:52:00 - Normalizing identifier quoting [frequency]
2026-04-25 23:52:00 - Normalizing identifier quoting [frequency]
2026-04-25 23:52:00 - Normalizing identifier quoting [lemma]
2026-04-25 23:52:00 - Normalizing identifier quoting [lemma]
2026-04-25 23:52:00 - Normalizing identifier quoting [lemma]
2026-04-25 23:52:00 - Normalizing identifier quoting [lemma]
2026-04-25 23:52:00 - Normalizing identifier quoting [keyLemmas_KEY]
2026-04-25 23:52:00 - Normalizing identifier quoting [keyLemmas_KEY]
2026-04-25 23:52:00 - Normalizing identifier quoting [topic_group_id]
2026-04-25 23:52:00 - Normalizing identifier quoting [site_count]
2026-04-25 23:52:00 - Normalizing identifier quoting [site_count]
2026-04-25 23:52:00 - Normalizing identifier quoting [site_count]
2026-04-25 23:52:00 - Normalizing identifier quoting [title]
2026-04-25 23:52:00 - Normalizing identifier quoting [title]
2026-04-25 23:52:00 - Normalizing identifier quoting [title]
2026-04-25 23:52:00 - Normalizing identifier quoting [topics]
2026-04-25 23:52:00 - Normalizing identifier quoting [topics]
2026-04-25 23:52:00 - Normalizing identifier quoting [element]
2026-04-25 23:52:00 - Normalizing identifier quoting [element]
2026-04-25 23:52:00 - Normalizing identifier quoting [topics_KEY]
2026-04-25 23:52:00 - Normalizing identifier quoting [topics_KEY]
2026-04-25 23:52:00 - Normalizing identifier quoting [site_id]
2026-04-25 23:52:00 - Normalizing identifier quoting [null]
2026-04-25 23:52:00 - Normalizing identifier quoting [site_id]
2026-04-25 23:52:00 - Normalizing identifier quoting [site_id]
2026-04-25 23:52:00 - Normalizing identifier quoting [site_id]
2026-04-25 23:52:00 - Normalizing identifier quoting [null]
2026-04-25 23:52:00 - Normalizing identifier quoting [site_id]
2026-04-25 23:52:00 - Normalizing identifier quoting [site_id]
2026-04-25 23:52:00 - Normalizing identifier quoting [lemma_id]
2026-04-25 23:52:00 - Normalizing identifier quoting [null]
2026-04-25 23:52:00 - Normalizing identifier quoting [lemma_id]
2026-04-25 23:52:00 - Normalizing identifier quoting [lemma_id]
2026-04-25 23:52:00 - Normalizing identifier quoting [page_id]
2026-04-25 23:52:00 - Normalizing identifier quoting [null]
2026-04-25 23:52:00 - Normalizing identifier quoting [page_id]
2026-04-25 23:52:00 - Normalizing identifier quoting [page_id]
2026-04-25 23:52:00 - Normalizing identifier quoting [page_id]
2026-04-25 23:52:00 - Normalizing identifier quoting [null]
2026-04-25 23:52:00 - Normalizing identifier quoting [page_id]
2026-04-25 23:52:00 - Normalizing identifier quoting [page_id]
2026-04-25 23:52:00 - Normalizing identifier quoting [site_id]
2026-04-25 23:52:00 - Normalizing identifier quoting [null]
2026-04-25 23:52:00 - Normalizing identifier quoting [site_id]
2026-04-25 23:52:00 - Normalizing identifier quoting [site_id]
2026-04-25 23:52:00 - Normalizing identifier quoting [topic_group_id]
2026-04-25 23:52:00 - Normalizing identifier quoting [null]
2026-04-25 23:52:00 - Normalizing identifier quoting [topic_group_id]
2026-04-25 23:52:00 - Normalizing identifier quoting [topic_group_id]
2026-04-25 23:52:00 - Normalizing identifier quoting [null]
2026-04-25 23:52:00 - Normalizing identifier quoting [topic_group_key_lemmas]
2026-04-25 23:52:00 - Normalizing identifier quoting [topic_group_key_lemmas]
2026-04-25 23:52:00 - Normalizing identifier quoting [topic_group_id]
2026-04-25 23:52:00 - Normalizing identifier quoting [null]
2026-04-25 23:52:00 - Normalizing identifier quoting [topic_group_id]
2026-04-25 23:52:00 - Normalizing identifier quoting [topic_group_id]
2026-04-25 23:52:00 - Normalizing identifier quoting [lemma]
2026-04-25 23:52:00 - Normalizing identifier quoting [site_id]
2026-04-25 23:52:00 - Normalizing identifier quoting [site_id]
2026-04-25 23:52:00 - Normalizing identifier quoting [FKj2jx0gqa4h7wg8ls0k3y221h2]
2026-04-25 23:52:00 - Normalizing identifier quoting [lemma_id]
2026-04-25 23:52:00 - Normalizing identifier quoting [FKn7ndggxsrpg4j41c1ak3qaemc]
2026-04-25 23:52:00 - Normalizing identifier quoting [page_id]
2026-04-25 23:52:00 - Normalizing identifier quoting [FKiqwaooudm7lmmj97li1y42l5r]
2026-04-25 23:52:00 - Normalizing identifier quoting [page_id]
2026-04-25 23:52:00 - Normalizing identifier quoting [site_id]
2026-04-25 23:52:00 - Normalizing identifier quoting [topic_group_id]
2026-04-25 23:52:00 - Normalizing identifier quoting [topic_group_id]
2026-04-25 23:52:00 - Normalizing identifier quoting [FKm7pwxka586fwpcpn6jv7ajp92]
2026-04-25 23:52:00 - Normalizing identifier quoting [lemma]
2026-04-25 23:52:00 - Normalizing identifier quoting [site_id]
2026-04-25 23:52:00 - Normalizing identifier quoting [lemma]
2026-04-25 23:52:00 - Normalizing identifier quoting [site_id]
2026-04-25 23:52:00 - Normalizing identifier quoting [UK7ogalxpu2t6pogbj8sbbpk0of]
2026-04-25 23:52:00 - Normalizing identifier quoting [path]
2026-04-25 23:52:00 - Normalizing identifier quoting [site_id]
2026-04-25 23:52:00 - Normalizing identifier quoting [site_id]
2026-04-25 23:52:00 - Normalizing identifier quoting [lemma_id]
2026-04-25 23:52:00 - Normalizing identifier quoting [page_id]
2026-04-25 23:52:00 - Normalizing identifier quoting [page_id]
2026-04-25 23:52:00 - Normalizing identifier quoting [site_id]
2026-04-25 23:52:00 - Normalizing identifier quoting [topic_group_id]
2026-04-25 23:52:00 - Normalizing identifier quoting [topic_group_id]
2026-04-25 23:52:00 - Normalizing identifier quoting [path]
2026-04-25 23:52:00 - Normalizing identifier quoting [null]
2026-04-25 23:52:01 - HHH000490: Using JtaPlatform implementation: [org.hibernate.engine.transaction.jta.platform.internal.NoJtaPlatform]
2026-04-25 23:52:01 - Initialized JPA EntityManagerFactory for persistence unit 'default'
2026-04-25 23:52:02 - Closing JDBC container [org.hibernate.engine.jdbc.internal.JdbcCoordinatorImpl@6eeeb9da]
2026-04-25 23:52:02 - Closing JDBC container [org.hibernate.engine.jdbc.internal.JdbcCoordinatorImpl@396519b]
2026-04-25 23:52:02 - Closing JDBC container [org.hibernate.engine.jdbc.internal.JdbcCoordinatorImpl@11267e87]
2026-04-25 23:52:03 - On TransactionImpl creation, JpaCompliance#isJpaTransactionComplianceEnabled == false
2026-04-25 23:52:03 - Closing JDBC container [org.hibernate.engine.jdbc.internal.JdbcCoordinatorImpl@5a08d301]
2026-04-25 23:52:03 - Closing JDBC container [org.hibernate.engine.jdbc.internal.JdbcCoordinatorImpl@3f919230]
2026-04-25 23:52:03 - Unable to locate HQL query plan in cache; generating (SELECT t FROM Topic t WHERE t.topicGroup IS NULL)
2026-04-25 23:52:04 - Closing JDBC container [org.hibernate.engine.jdbc.internal.JdbcCoordinatorImpl@520eb9f8]
2026-04-25 23:52:04 - On TransactionImpl creation, JpaCompliance#isJpaTransactionComplianceEnabled == false
2026-04-25 23:52:04 - Closing JDBC container [org.hibernate.engine.jdbc.internal.JdbcCoordinatorImpl@d62feaf]
2026-04-25 23:52:04 - Closing JDBC container [org.hibernate.engine.jdbc.internal.JdbcCoordinatorImpl@108fd5d5]
2026-04-25 23:52:04 - On TransactionImpl creation, JpaCompliance#isJpaTransactionComplianceEnabled == false
2026-04-25 23:52:04 - Closing JDBC container [org.hibernate.engine.jdbc.internal.JdbcCoordinatorImpl@7e484bd]
2026-04-25 23:52:04 - Closing JDBC container [org.hibernate.engine.jdbc.internal.JdbcCoordinatorImpl@7e1ae693]
2026-04-25 23:52:04 - On TransactionImpl creation, JpaCompliance#isJpaTransactionComplianceEnabled == false
2026-04-25 23:52:04 - Closing JDBC container [org.hibernate.engine.jdbc.internal.JdbcCoordinatorImpl@1773faf8]
2026-04-25 23:52:04 - Closing JDBC container [org.hibernate.engine.jdbc.internal.JdbcCoordinatorImpl@3ef4a8fb]
2026-04-25 23:52:04 - On TransactionImpl creation, JpaCompliance#isJpaTransactionComplianceEnabled == false
2026-04-25 23:52:04 - Closing JDBC container [org.hibernate.engine.jdbc.internal.JdbcCoordinatorImpl@6f70015]
2026-04-25 23:52:04 - Closing JDBC container [org.hibernate.engine.jdbc.internal.JdbcCoordinatorImpl@33ce081a]
2026-04-25 23:52:04 - On TransactionImpl creation, JpaCompliance#isJpaTransactionComplianceEnabled == false
2026-04-25 23:52:04 - Closing JDBC container [org.hibernate.engine.jdbc.internal.JdbcCoordinatorImpl@cbaabfb]
2026-04-25 23:52:04 - Closing JDBC container [org.hibernate.engine.jdbc.internal.JdbcCoordinatorImpl@6e3acd7]
2026-04-25 23:52:04 - On TransactionImpl creation, JpaCompliance#isJpaTransactionComplianceEnabled == false
2026-04-25 23:52:04 - Closing JDBC container [org.hibernate.engine.jdbc.internal.JdbcCoordinatorImpl@1a3272e0]
2026-04-25 23:52:04 - Closing JDBC container [org.hibernate.engine.jdbc.internal.JdbcCoordinatorImpl@7bc3c59f]
2026-04-25 23:52:04 - Unable to locate HQL query plan in cache; generating (SELECT t FROM Topic t ORDER BY t.lemmaCount DESC)
2026-04-25 23:52:04 - Closing JDBC container [org.hibernate.engine.jdbc.internal.JdbcCoordinatorImpl@6e70861]
2026-04-25 23:52:04 - On TransactionImpl creation, JpaCompliance#isJpaTransactionComplianceEnabled == false
2026-04-25 23:52:04 - Closing JDBC container [org.hibernate.engine.jdbc.internal.JdbcCoordinatorImpl@56b66cc6]
2026-04-25 23:52:04 - Closing JDBC container [org.hibernate.engine.jdbc.internal.JdbcCoordinatorImpl@6f076c53]
2026-04-25 23:52:04 - Unable to locate HQL query plan in cache; generating (SELECT t FROM Topic t WHERE t.topicGroup.id = :groupId)
2026-04-25 23:52:04 - Closing JDBC container [org.hibernate.engine.jdbc.internal.JdbcCoordinatorImpl@3284de45]
2026-04-25 23:52:04 - On TransactionImpl creation, JpaCompliance#isJpaTransactionComplianceEnabled == false
2026-04-25 23:52:04 - Closing JDBC container [org.hibernate.engine.jdbc.internal.JdbcCoordinatorImpl@5390862e]
2026-04-25 23:52:04 - Closing JDBC container [org.hibernate.engine.jdbc.internal.JdbcCoordinatorImpl@4fccdd1d]
2026-04-25 23:52:04 - Unable to locate HQL query plan in cache; generating (SELECT t FROM Topic t JOIN t.topicGroup g WHERE g.id = :groupId)
2026-04-25 23:52:04 - Closing JDBC container [org.hibernate.engine.jdbc.internal.JdbcCoordinatorImpl@938e54a]
2026-04-25 23:52:04 - On TransactionImpl creation, JpaCompliance#isJpaTransactionComplianceEnabled == false
2026-04-25 23:52:04 - Closing JDBC container [org.hibernate.engine.jdbc.internal.JdbcCoordinatorImpl@1eda12b3]
2026-04-25 23:52:04 - Closing JDBC container [org.hibernate.engine.jdbc.internal.JdbcCoordinatorImpl@5006a697]
2026-04-25 23:52:04 - Unable to locate HQL query plan in cache; generating (SELECT t.title, COUNT(t) as frequency, COUNT(DISTINCT t.site.id) as siteCount FROM Topic t GROUP BY t.title HAVING COUNT(t) > 1 ORDER BY frequency DESC)
2026-04-25 23:52:04 - Closing JDBC container [org.hibernate.engine.jdbc.internal.JdbcCoordinatorImpl@4ac26092]
2026-04-25 23:52:04 - On TransactionImpl creation, JpaCompliance#isJpaTransactionComplianceEnabled == false
2026-04-25 23:52:04 - Closing JDBC container [org.hibernate.engine.jdbc.internal.JdbcCoordinatorImpl@2b0d818d]
2026-04-25 23:52:04 - Closing JDBC container [org.hibernate.engine.jdbc.internal.JdbcCoordinatorImpl@7212b28e]
2026-04-25 23:52:04 - Unable to locate HQL query plan in cache; generating (SELECT COUNT(t) as topicCount, COALESCE(SUM(t.lemmaCount), 0) as totalLemmas FROM Topic t WHERE t.site.id = :siteId)
2026-04-25 23:52:04 - Closing JDBC container [org.hibernate.engine.jdbc.internal.JdbcCoordinatorImpl@48619f15]
2026-04-25 23:52:04 - On TransactionImpl creation, JpaCompliance#isJpaTransactionComplianceEnabled == false
2026-04-25 23:52:04 - Closing JDBC container [org.hibernate.engine.jdbc.internal.JdbcCoordinatorImpl@790ea58f]
2026-04-25 23:52:04 - Closing JDBC container [org.hibernate.engine.jdbc.internal.JdbcCoordinatorImpl@78a7fccd]
2026-04-25 23:52:04 - On TransactionImpl creation, JpaCompliance#isJpaTransactionComplianceEnabled == false
2026-04-25 23:52:04 - Closing JDBC container [org.hibernate.engine.jdbc.internal.JdbcCoordinatorImpl@1c149539]
2026-04-25 23:52:04 - Closing JDBC container [org.hibernate.engine.jdbc.internal.JdbcCoordinatorImpl@5ee76cf2]
2026-04-25 23:52:04 - Unable to locate HQL query plan in cache; generating (SELECT t FROM Topic t WHERE t.site.id = :siteId AND LOWER(t.title) LIKE LOWER(CONCAT('%', :query, '%')))
2026-04-25 23:52:04 - Closing JDBC container [org.hibernate.engine.jdbc.internal.JdbcCoordinatorImpl@4fce655d]
2026-04-25 23:52:04 - On TransactionImpl creation, JpaCompliance#isJpaTransactionComplianceEnabled == false
2026-04-25 23:52:04 - Closing JDBC container [org.hibernate.engine.jdbc.internal.JdbcCoordinatorImpl@df5f657]
2026-04-25 23:52:04 - Closing JDBC container [org.hibernate.engine.jdbc.internal.JdbcCoordinatorImpl@2662e3ff]
2026-04-25 23:52:04 - On TransactionImpl creation, JpaCompliance#isJpaTransactionComplianceEnabled == false
2026-04-25 23:52:04 - Closing JDBC container [org.hibernate.engine.jdbc.internal.JdbcCoordinatorImpl@1f3f0d25]
2026-04-25 23:52:04 - Closing JDBC container [org.hibernate.engine.jdbc.internal.JdbcCoordinatorImpl@83bbab]
2026-04-25 23:52:04 - Unable to locate HQL query plan in cache; generating (SELECT t FROM Topic t WHERE t.site.id = :siteId ORDER BY t.lemmaCount DESC)
2026-04-25 23:52:04 - Closing JDBC container [org.hibernate.engine.jdbc.internal.JdbcCoordinatorImpl@32029cd]
2026-04-25 23:52:04 - Closing JDBC container [org.hibernate.engine.jdbc.internal.JdbcCoordinatorImpl@134ec0f3]
2026-04-25 23:52:04 - Closing JDBC container [org.hibernate.engine.jdbc.internal.JdbcCoordinatorImpl@258ac1e6]
2026-04-25 23:52:04 - On TransactionImpl creation, JpaCompliance#isJpaTransactionComplianceEnabled == false
2026-04-25 23:52:04 - Closing JDBC container [org.hibernate.engine.jdbc.internal.JdbcCoordinatorImpl@2b569858]
2026-04-25 23:52:04 - Closing JDBC container [org.hibernate.engine.jdbc.internal.JdbcCoordinatorImpl@1b84d03d]
2026-04-25 23:52:04 - Unable to locate HQL query plan in cache; generating (SELECT tg FROM TopicGroup tg ORDER BY tg.frequency DESC, tg.siteCount DESC)
2026-04-25 23:52:04 - Closing JDBC container [org.hibernate.engine.jdbc.internal.JdbcCoordinatorImpl@1e1d813a]
2026-04-25 23:52:04 - On TransactionImpl creation, JpaCompliance#isJpaTransactionComplianceEnabled == false
2026-04-25 23:52:04 - Closing JDBC container [org.hibernate.engine.jdbc.internal.JdbcCoordinatorImpl@4a778943]
2026-04-25 23:52:04 - Closing JDBC container [org.hibernate.engine.jdbc.internal.JdbcCoordinatorImpl@7925e772]
2026-04-25 23:52:04 - Unable to locate HQL query plan in cache; generating (SELECT tg FROM TopicGroup tg JOIN tg.keyLemmas kl WHERE kl IN :lemmas GROUP BY tg HAVING COUNT(DISTINCT kl) >= :minMatch)
2026-04-25 23:52:04 - Closing JDBC container [org.hibernate.engine.jdbc.internal.JdbcCoordinatorImpl@1bcdd302]
2026-04-25 23:52:04 - On TransactionImpl creation, JpaCompliance#isJpaTransactionComplianceEnabled == false
2026-04-25 23:52:04 - Closing JDBC container [org.hibernate.engine.jdbc.internal.JdbcCoordinatorImpl@648f48d3]
2026-04-25 23:52:04 - Closing JDBC container [org.hibernate.engine.jdbc.internal.JdbcCoordinatorImpl@30ce78e3]
2026-04-25 23:52:04 - Closing JDBC container [org.hibernate.engine.jdbc.internal.JdbcCoordinatorImpl@6c2a33af]
2026-04-25 23:52:04 - Closing JDBC container [org.hibernate.engine.jdbc.internal.JdbcCoordinatorImpl@7d086485]
2026-04-25 23:52:04 - On TransactionImpl creation, JpaCompliance#isJpaTransactionComplianceEnabled == false
2026-04-25 23:52:04 - Closing JDBC container [org.hibernate.engine.jdbc.internal.JdbcCoordinatorImpl@4c81e7c2]
2026-04-25 23:52:04 - Closing JDBC container [org.hibernate.engine.jdbc.internal.JdbcCoordinatorImpl@4fe8e318]
2026-04-25 23:52:04 - On TransactionImpl creation, JpaCompliance#isJpaTransactionComplianceEnabled == false
2026-04-25 23:52:04 - Closing JDBC container [org.hibernate.engine.jdbc.internal.JdbcCoordinatorImpl@7d28efd5]
2026-04-25 23:52:04 - Closing JDBC container [org.hibernate.engine.jdbc.internal.JdbcCoordinatorImpl@95958d9]
2026-04-25 23:52:04 - On TransactionImpl creation, JpaCompliance#isJpaTransactionComplianceEnabled == false
2026-04-25 23:52:04 - Closing JDBC container [org.hibernate.engine.jdbc.internal.JdbcCoordinatorImpl@796a7c9]
2026-04-25 23:52:04 - Closing JDBC container [org.hibernate.engine.jdbc.internal.JdbcCoordinatorImpl@44cab872]
2026-04-25 23:52:04 - On TransactionImpl creation, JpaCompliance#isJpaTransactionComplianceEnabled == false
2026-04-25 23:52:04 - Closing JDBC container [org.hibernate.engine.jdbc.internal.JdbcCoordinatorImpl@1a1c308b]
2026-04-25 23:52:04 - Closing JDBC container [org.hibernate.engine.jdbc.internal.JdbcCoordinatorImpl@d4dbb34]
2026-04-25 23:52:04 - On TransactionImpl creation, JpaCompliance#isJpaTransactionComplianceEnabled == false
2026-04-25 23:52:04 - Closing JDBC container [org.hibernate.engine.jdbc.internal.JdbcCoordinatorImpl@267309f7]
2026-04-25 23:52:04 - Closing JDBC container [org.hibernate.engine.jdbc.internal.JdbcCoordinatorImpl@46878216]
2026-04-25 23:52:04 - On TransactionImpl creation, JpaCompliance#isJpaTransactionComplianceEnabled == false
2026-04-25 23:52:04 - Closing JDBC container [org.hibernate.engine.jdbc.internal.JdbcCoordinatorImpl@35599228]
2026-04-25 23:52:04 - Closing JDBC container [org.hibernate.engine.jdbc.internal.JdbcCoordinatorImpl@22e650e]
2026-04-25 23:52:05 - LuceneMorphology bean успешно создан
2026-04-25 23:52:05 - Closing JDBC container [org.hibernate.engine.jdbc.internal.JdbcCoordinatorImpl@46f597f1]
2026-04-25 23:52:06 - Closing JDBC container [org.hibernate.engine.jdbc.internal.JdbcCoordinatorImpl@5c3e7128]
2026-04-25 23:52:06 - On TransactionImpl creation, JpaCompliance#isJpaTransactionComplianceEnabled == false
2026-04-25 23:52:06 - Closing JDBC container [org.hibernate.engine.jdbc.internal.JdbcCoordinatorImpl@1067192a]
2026-04-25 23:52:06 - Closing JDBC container [org.hibernate.engine.jdbc.internal.JdbcCoordinatorImpl@3f7f9d3f]
2026-04-25 23:52:06 - On TransactionImpl creation, JpaCompliance#isJpaTransactionComplianceEnabled == false
2026-04-25 23:52:06 - Closing JDBC container [org.hibernate.engine.jdbc.internal.JdbcCoordinatorImpl@2ac0cb64]
2026-04-25 23:52:06 - Closing JDBC container [org.hibernate.engine.jdbc.internal.JdbcCoordinatorImpl@7be3a837]
2026-04-25 23:52:06 - On TransactionImpl creation, JpaCompliance#isJpaTransactionComplianceEnabled == false
2026-04-25 23:52:06 - Closing JDBC container [org.hibernate.engine.jdbc.internal.JdbcCoordinatorImpl@48b744fd]
2026-04-25 23:52:06 - Closing JDBC container [org.hibernate.engine.jdbc.internal.JdbcCoordinatorImpl@2ef3efcc]
2026-04-25 23:52:06 - Closing JDBC container [org.hibernate.engine.jdbc.internal.JdbcCoordinatorImpl@53fb3e1b]
2026-04-25 23:52:06 - Closing JDBC container [org.hibernate.engine.jdbc.internal.JdbcCoordinatorImpl@7bf997e0]
2026-04-25 23:52:06 - On TransactionImpl creation, JpaCompliance#isJpaTransactionComplianceEnabled == false
2026-04-25 23:52:06 - Closing JDBC container [org.hibernate.engine.jdbc.internal.JdbcCoordinatorImpl@363ee411]
2026-04-25 23:52:06 - Closing JDBC container [org.hibernate.engine.jdbc.internal.JdbcCoordinatorImpl@4df54c1]
2026-04-25 23:52:06 - Unable to locate HQL query plan in cache; generating (SELECT si.page FROM SearchIndex si WHERE si.lemma.lemma IN :lemmas)
2026-04-25 23:52:06 - Closing JDBC container [org.hibernate.engine.jdbc.internal.JdbcCoordinatorImpl@2e2546bf]
2026-04-25 23:52:06 - On TransactionImpl creation, JpaCompliance#isJpaTransactionComplianceEnabled == false
2026-04-25 23:52:06 - Closing JDBC container [org.hibernate.engine.jdbc.internal.JdbcCoordinatorImpl@6908674b]
2026-04-25 23:52:06 - Closing JDBC container [org.hibernate.engine.jdbc.internal.JdbcCoordinatorImpl@a3e458]
2026-04-25 23:52:06 - Unable to locate HQL query plan in cache; generating (SELECT si.ranking FROM SearchIndex si WHERE si.page = :page AND si.lemma = :lemma)
2026-04-25 23:52:06 - Closing JDBC container [org.hibernate.engine.jdbc.internal.JdbcCoordinatorImpl@63df2eb8]
2026-04-25 23:52:06 - On TransactionImpl creation, JpaCompliance#isJpaTransactionComplianceEnabled == false
2026-04-25 23:52:06 - Closing JDBC container [org.hibernate.engine.jdbc.internal.JdbcCoordinatorImpl@49c72fb7]
2026-04-25 23:52:06 - Closing JDBC container [org.hibernate.engine.jdbc.internal.JdbcCoordinatorImpl@565983f3]
2026-04-25 23:52:06 - Unable to locate HQL query plan in cache; generating (SELECT DISTINCT si.page FROM SearchIndex si WHERE si.lemma.lemma IN :lemmas AND si.page.site = :site)
2026-04-25 23:52:06 - Closing JDBC container [org.hibernate.engine.jdbc.internal.JdbcCoordinatorImpl@c6653e]
2026-04-25 23:52:06 - On TransactionImpl creation, JpaCompliance#isJpaTransactionComplianceEnabled == false
2026-04-25 23:52:06 - Closing JDBC container [org.hibernate.engine.jdbc.internal.JdbcCoordinatorImpl@435e224d]
2026-04-25 23:52:06 - Closing JDBC container [org.hibernate.engine.jdbc.internal.JdbcCoordinatorImpl@788fa91f]
2026-04-25 23:52:06 - Closing JDBC container [org.hibernate.engine.jdbc.internal.JdbcCoordinatorImpl@7e4bbda4]
2026-04-25 23:52:06 - Closing JDBC container [org.hibernate.engine.jdbc.internal.JdbcCoordinatorImpl@1254a3cd]
2026-04-25 23:52:06 - On TransactionImpl creation, JpaCompliance#isJpaTransactionComplianceEnabled == false
2026-04-25 23:52:06 - Closing JDBC container [org.hibernate.engine.jdbc.internal.JdbcCoordinatorImpl@230dd372]
2026-04-25 23:52:06 - Closing JDBC container [org.hibernate.engine.jdbc.internal.JdbcCoordinatorImpl@663cc8c9]
2026-04-25 23:52:06 - On TransactionImpl creation, JpaCompliance#isJpaTransactionComplianceEnabled == false
2026-04-25 23:52:06 - Closing JDBC container [org.hibernate.engine.jdbc.internal.JdbcCoordinatorImpl@164cad52]
2026-04-25 23:52:06 - Closing JDBC container [org.hibernate.engine.jdbc.internal.JdbcCoordinatorImpl@5b977aaa]
2026-04-25 23:52:06 - On TransactionImpl creation, JpaCompliance#isJpaTransactionComplianceEnabled == false
2026-04-25 23:52:06 - Closing JDBC container [org.hibernate.engine.jdbc.internal.JdbcCoordinatorImpl@7d7888a5]
2026-04-25 23:52:06 - Closing JDBC container [org.hibernate.engine.jdbc.internal.JdbcCoordinatorImpl@6dcdc378]
2026-04-25 23:52:06 - Unable to locate HQL query plan in cache; generating (SELECT p FROM Page p WHERE p.site.id = :siteId AND p.path = :path)
2026-04-25 23:52:06 - Closing JDBC container [org.hibernate.engine.jdbc.internal.JdbcCoordinatorImpl@1a23136f]
2026-04-25 23:52:07 - Could not load English OpenNLP models. Will use basic tokenization. Error: Model not found: opennlp/en-sent.bin
2026-04-25 23:52:07 - Russian OpenNLP models not found. Will use basic tokenization for Russian text. Error: Model not found: opennlp/ru-sent.bin
2026-04-25 23:52:08 - spring.jpa.open-in-view is enabled by default. Therefore, database queries may be performed during view rendering. Explicitly configure spring.jpa.open-in-view to disable this warning
2026-04-25 23:52:08 - Adding welcome page template: index
2026-04-25 23:52:09 - Closing JDBC container [org.hibernate.engine.jdbc.internal.JdbcCoordinatorImpl@6179551b]
2026-04-25 23:52:09 - Closing JDBC container [org.hibernate.engine.jdbc.internal.JdbcCoordinatorImpl@55d35f7a]
2026-04-25 23:52:09 - On TransactionImpl creation, JpaCompliance#isJpaTransactionComplianceEnabled == false
2026-04-25 23:52:09 - Closing JDBC container [org.hibernate.engine.jdbc.internal.JdbcCoordinatorImpl@709353b9]
2026-04-25 23:52:09 - Closing JDBC container [org.hibernate.engine.jdbc.internal.JdbcCoordinatorImpl@69c53b72]
2026-04-25 23:52:09 - Unable to locate HQL query plan in cache; generating (SELECT DISTINCT t FROM Topic t JOIN t.topicGroup g WHERE EXISTS (  SELECT 1 FROM g.keyLemmas kl   WHERE kl IN :lemmas))
2026-04-25 23:52:09 - Closing JDBC container [org.hibernate.engine.jdbc.internal.JdbcCoordinatorImpl@359f3401]
2026-04-25 23:52:09 - On TransactionImpl creation, JpaCompliance#isJpaTransactionComplianceEnabled == false
2026-04-25 23:52:09 - Closing JDBC container [org.hibernate.engine.jdbc.internal.JdbcCoordinatorImpl@242a3997]
2026-04-25 23:52:09 - Closing JDBC container [org.hibernate.engine.jdbc.internal.JdbcCoordinatorImpl@51d50b5f]
2026-04-25 23:52:09 - Unable to locate HQL query plan in cache; generating (SELECT t FROM Topic t JOIN FETCH t.site JOIN FETCH t.page WHERE t.topicGroup.id = :groupId ORDER BY t.site.name, t.createdAt DESC)
2026-04-25 23:52:09 - Closing JDBC container [org.hibernate.engine.jdbc.internal.JdbcCoordinatorImpl@21e32876]
2026-04-25 23:52:09 - On TransactionImpl creation, JpaCompliance#isJpaTransactionComplianceEnabled == false
2026-04-25 23:52:09 - Closing JDBC container [org.hibernate.engine.jdbc.internal.JdbcCoordinatorImpl@11c372e9]
2026-04-25 23:52:09 - Closing JDBC container [org.hibernate.engine.jdbc.internal.JdbcCoordinatorImpl@4b59a1c1]
2026-04-25 23:52:09 - Unable to locate HQL query plan in cache; generating (SELECT g.id, g.title, COUNT(t) as topicCount, COUNT(DISTINCT t.site.id) as siteCount FROM TopicGroup g LEFT JOIN g.topics t GROUP BY g.id, g.title HAVING COUNT(t) >= :minFrequency ORDER BY siteCount DESC, topicCount DESC)
2026-04-25 23:52:09 - Closing JDBC container [org.hibernate.engine.jdbc.internal.JdbcCoordinatorImpl@52b2713a]
2026-04-25 23:52:09 - Tomcat started on port(s): 8080 (http) with context path ''
2026-04-25 23:52:09 - Started Application in 19.166 seconds (JVM running for 19.665)
2026-04-25 23:52:12 - Initializing Spring DispatcherServlet 'dispatcherServlet'
2026-04-25 23:52:12 - Initializing Servlet 'dispatcherServlet'
2026-04-25 23:52:12 - Completed initialization in 0 ms
2026-04-25 23:52:13 - Closing JDBC container [org.hibernate.engine.jdbc.internal.JdbcCoordinatorImpl@1c72edee]
2026-04-25 23:52:13 - Closing JDBC container [org.hibernate.engine.jdbc.internal.JdbcCoordinatorImpl@59682203]
2026-04-25 23:52:13 - On TransactionImpl creation, JpaCompliance#isJpaTransactionComplianceEnabled == false
2026-04-25 23:52:13 - begin
2026-04-25 23:52:13 - Unable to locate HQL query plan in cache; generating (select count(*) from Site x)
2026-04-25 23:52:13 - Find: select count(*) from Site x
2026-04-25 23:52:13 - Named parameters: {}
2026-04-25 23:52:13 - select count(*) as col_0_0_ from site site0_
2026-04-25 23:52:13 - Registering last query statement [HikariProxyPreparedStatement@1027133152 wrapping select count(*) as col_0_0_ from site site0_]
2026-04-25 23:52:13 - Starting after statement execution processing [ON_CLOSE]
2026-04-25 23:52:13 - Initializing non-lazy collections
2026-04-25 23:52:13 - committing
2026-04-25 23:52:13 - begin
2026-04-25 23:52:13 - Unable to locate HQL query plan in cache; generating (select count(*) from Page x)
2026-04-25 23:52:13 - Find: select count(*) from Page x
2026-04-25 23:52:13 - Named parameters: {}
2026-04-25 23:52:13 - select count(*) as col_0_0_ from page page0_
2026-04-25 23:52:13 - Registering last query statement [HikariProxyPreparedStatement@1161104601 wrapping select count(*) as col_0_0_ from page page0_]
2026-04-25 23:52:13 - Starting after statement execution processing [ON_CLOSE]
2026-04-25 23:52:13 - Initializing non-lazy collections
2026-04-25 23:52:13 - committing
2026-04-25 23:52:13 - begin
2026-04-25 23:52:13 - Unable to locate HQL query plan in cache; generating (select count(*) from Lemma x)
2026-04-25 23:52:13 - Find: select count(*) from Lemma x
2026-04-25 23:52:13 - Named parameters: {}
2026-04-25 23:52:13 - select count(*) as col_0_0_ from lemma lemma0_
2026-04-25 23:52:13 - Registering last query statement [HikariProxyPreparedStatement@1385646699 wrapping select count(*) as col_0_0_ from lemma lemma0_]
2026-04-25 23:52:13 - Starting after statement execution processing [ON_CLOSE]
2026-04-25 23:52:13 - Initializing non-lazy collections
2026-04-25 23:52:13 - committing
2026-04-25 23:52:13 - Unable to locate HQL query plan in cache; generating (select generatedAlias0 from Site as generatedAlias0 where generatedAlias0.status=:param0)
2026-04-25 23:52:13 - Find: select generatedAlias0 from Site as generatedAlias0 where generatedAlias0.status=:param0
2026-04-25 23:52:13 - Named parameters: {param0=INDEXED}
2026-04-25 23:52:13 - select site0_.id as id1_3_, site0_.last_error as last_err2_3_, site0_.name as name3_3_, site0_.status as status4_3_, site0_.status_time as status_t5_3_, site0_.url as url6_3_ from site site0_ where site0_.status=?
2026-04-25 23:52:13 - Registering last query statement [HikariProxyPreparedStatement@1718060953 wrapping select site0_.id as id1_3_, site0_.last_error as last_err2_3_, site0_.name as name3_3_, site0_.status as status4_3_, site0_.status_time as status_t5_3_, site0_.url as url6_3_ from site site0_ where site0_.status=?]
2026-04-25 23:52:13 - binding parameter [1] as [VARCHAR] - [INDEXED]
2026-04-25 23:52:13 - Starting after statement execution processing [ON_CLOSE]
2026-04-25 23:52:13 - Initializing non-lazy collections
2026-04-25 23:52:13 - begin
2026-04-25 23:52:13 - Unable to locate HQL query plan in cache; generating (select generatedAlias0 from Site as generatedAlias0)
2026-04-25 23:52:13 - Find: select generatedAlias0 from Site as generatedAlias0
2026-04-25 23:52:13 - Named parameters: {}
2026-04-25 23:52:13 - select site0_.id as id1_3_, site0_.last_error as last_err2_3_, site0_.name as name3_3_, site0_.status as status4_3_, site0_.status_time as status_t5_3_, site0_.url as url6_3_ from site site0_
2026-04-25 23:52:13 - Registering last query statement [HikariProxyPreparedStatement@628298548 wrapping select site0_.id as id1_3_, site0_.last_error as last_err2_3_, site0_.name as name3_3_, site0_.status as status4_3_, site0_.status_time as status_t5_3_, site0_.url as url6_3_ from site site0_]
2026-04-25 23:52:13 - Resolving attributes for [searchengine.model.Site#128]
2026-04-25 23:52:13 - Processing attribute `lastError` : value = Индексация остановлена пользователем
2026-04-25 23:52:13 - Attribute (`lastError`)  - enhanced for lazy-loading? - false
2026-04-25 23:52:13 - Processing attribute `name` : value = КИБЕРЛЕНИНКА
2026-04-25 23:52:13 - Attribute (`name`)  - enhanced for lazy-loading? - false
2026-04-25 23:52:13 - Processing attribute `pages` : value = NOT NULL COLLECTION
2026-04-25 23:52:13 - Attribute (`pages`)  - enhanced for lazy-loading? - false
2026-04-25 23:52:13 - Processing attribute `status` : value = FAILED
2026-04-25 23:52:13 - Attribute (`status`)  - enhanced for lazy-loading? - false
2026-04-25 23:52:13 - Processing attribute `statusTime` : value = 2026-04-19T22:03:38.655614
2026-04-25 23:52:13 - Attribute (`statusTime`)  - enhanced for lazy-loading? - false
2026-04-25 23:52:13 - Processing attribute `url` : value = https://cyberleninka.ru/
2026-04-25 23:52:13 - Attribute (`url`)  - enhanced for lazy-loading? - false
2026-04-25 23:52:13 - Done materializing entity [searchengine.model.Site#128]
2026-04-25 23:52:13 - Resolving attributes for [searchengine.model.Site#129]
2026-04-25 23:52:13 - Processing attribute `lastError` : value = Индексация остановлена пользователем
2026-04-25 23:52:13 - Attribute (`lastError`)  - enhanced for lazy-loading? - false
2026-04-25 23:52:13 - Processing attribute `name` : value = Журнал: Аграрная наука
2026-04-25 23:52:13 - Attribute (`name`)  - enhanced for lazy-loading? - false
2026-04-25 23:52:13 - Processing attribute `pages` : value = NOT NULL COLLECTION
2026-04-25 23:52:13 - Attribute (`pages`)  - enhanced for lazy-loading? - false
2026-04-25 23:52:13 - Processing attribute `status` : value = FAILED
2026-04-25 23:52:13 - Attribute (`status`)  - enhanced for lazy-loading? - false
2026-04-25 23:52:13 - Processing attribute `statusTime` : value = 2026-04-19T22:03:38.620442
2026-04-25 23:52:13 - Attribute (`statusTime`)  - enhanced for lazy-loading? - false
2026-04-25 23:52:13 - Processing attribute `url` : value = https://www.vetpress.ru/jour
2026-04-25 23:52:13 - Attribute (`url`)  - enhanced for lazy-loading? - false
2026-04-25 23:52:13 - Done materializing entity [searchengine.model.Site#129]
2026-04-25 23:52:13 - Starting after statement execution processing [ON_CLOSE]
2026-04-25 23:52:13 - Initializing non-lazy collections
2026-04-25 23:52:13 - committing
2026-04-25 23:52:13 - Unable to locate HQL query plan in cache; generating (select count(generatedAlias0) from Page as generatedAlias0 where generatedAlias0.site=:param0)
2026-04-25 23:52:13 - Find: select count(generatedAlias0) from Page as generatedAlias0 where generatedAlias0.site=:param0
2026-04-25 23:52:13 - Named parameters: {param0=searchengine.model.Site#128}
2026-04-25 23:52:13 - select count(page0_.id) as col_0_0_ from page page0_ where page0_.site_id=?
2026-04-25 23:52:13 - Registering last query statement [HikariProxyPreparedStatement@32376038 wrapping select count(page0_.id) as col_0_0_ from page page0_ where page0_.site_id=?]
2026-04-25 23:52:13 - binding parameter [1] as [INTEGER] - [128]
2026-04-25 23:52:13 - Starting after statement execution processing [ON_CLOSE]
2026-04-25 23:52:13 - Initializing non-lazy collections
2026-04-25 23:52:13 - Unable to locate HQL query plan in cache; generating (select count(generatedAlias0) from Lemma as generatedAlias0 where generatedAlias0.site=:param0)
2026-04-25 23:52:13 - Find: select count(generatedAlias0) from Lemma as generatedAlias0 where generatedAlias0.site=:param0
2026-04-25 23:52:13 - Named parameters: {param0=searchengine.model.Site#128}
2026-04-25 23:52:13 - select count(lemma0_.id) as col_0_0_ from lemma lemma0_ where lemma0_.site_id=?
2026-04-25 23:52:13 - Registering last query statement [HikariProxyPreparedStatement@2060451383 wrapping select count(lemma0_.id) as col_0_0_ from lemma lemma0_ where lemma0_.site_id=?]
2026-04-25 23:52:13 - binding parameter [1] as [INTEGER] - [128]
2026-04-25 23:52:13 - Starting after statement execution processing [ON_CLOSE]
2026-04-25 23:52:13 - Initializing non-lazy collections
2026-04-25 23:52:13 - Unable to locate HQL query plan in cache; generating (select count(generatedAlias0) from Topic as generatedAlias0 left join generatedAlias0.site as generatedAlias1 where generatedAlias1.id=:param0)
2026-04-25 23:52:13 - Find: select count(generatedAlias0) from Topic as generatedAlias0 left join generatedAlias0.site as generatedAlias1 where generatedAlias1.id=:param0
2026-04-25 23:52:13 - Named parameters: {param0=128}
2026-04-25 23:52:13 - select count(topic0_.id) as col_0_0_ from topic topic0_ left outer join site site1_ on topic0_.site_id=site1_.id where site1_.id=?
2026-04-25 23:52:13 - Registering last query statement [HikariProxyPreparedStatement@480430341 wrapping select count(topic0_.id) as col_0_0_ from topic topic0_ left outer join site site1_ on topic0_.site_id=site1_.id where site1_.id=?]
2026-04-25 23:52:13 - binding parameter [1] as [INTEGER] - [128]
2026-04-25 23:52:13 - Starting after statement execution processing [ON_CLOSE]
2026-04-25 23:52:13 - Initializing non-lazy collections
2026-04-25 23:52:13 - Located HQL query plan in cache (select count(generatedAlias0) from Page as generatedAlias0 where generatedAlias0.site=:param0)
2026-04-25 23:52:13 - Find: select count(generatedAlias0) from Page as generatedAlias0 where generatedAlias0.site=:param0
2026-04-25 23:52:13 - Named parameters: {param0=searchengine.model.Site#129}
2026-04-25 23:52:13 - select count(page0_.id) as col_0_0_ from page page0_ where page0_.site_id=?
2026-04-25 23:52:13 - Registering last query statement [HikariProxyPreparedStatement@1255729440 wrapping select count(page0_.id) as col_0_0_ from page page0_ where page0_.site_id=?]
2026-04-25 23:52:13 - binding parameter [1] as [INTEGER] - [129]
2026-04-25 23:52:13 - Starting after statement execution processing [ON_CLOSE]
2026-04-25 23:52:13 - Initializing non-lazy collections
2026-04-25 23:52:13 - Located HQL query plan in cache (select count(generatedAlias0) from Lemma as generatedAlias0 where generatedAlias0.site=:param0)
2026-04-25 23:52:13 - Find: select count(generatedAlias0) from Lemma as generatedAlias0 where generatedAlias0.site=:param0
2026-04-25 23:52:13 - Named parameters: {param0=searchengine.model.Site#129}
2026-04-25 23:52:13 - select count(lemma0_.id) as col_0_0_ from lemma lemma0_ where lemma0_.site_id=?
2026-04-25 23:52:13 - Registering last query statement [HikariProxyPreparedStatement@1284988733 wrapping select count(lemma0_.id) as col_0_0_ from lemma lemma0_ where lemma0_.site_id=?]
2026-04-25 23:52:13 - binding parameter [1] as [INTEGER] - [129]
2026-04-25 23:52:13 - Starting after statement execution processing [ON_CLOSE]
2026-04-25 23:52:13 - Initializing non-lazy collections
2026-04-25 23:52:13 - Located HQL query plan in cache (select count(generatedAlias0) from Topic as generatedAlias0 left join generatedAlias0.site as generatedAlias1 where generatedAlias1.id=:param0)
2026-04-25 23:52:13 - Find: select count(generatedAlias0) from Topic as generatedAlias0 left join generatedAlias0.site as generatedAlias1 where generatedAlias1.id=:param0
2026-04-25 23:52:13 - Named parameters: {param0=129}
2026-04-25 23:52:13 - select count(topic0_.id) as col_0_0_ from topic topic0_ left outer join site site1_ on topic0_.site_id=site1_.id where site1_.id=?
2026-04-25 23:52:13 - Registering last query statement [HikariProxyPreparedStatement@1460607333 wrapping select count(topic0_.id) as col_0_0_ from topic topic0_ left outer join site site1_ on topic0_.site_id=site1_.id where site1_.id=?]
2026-04-25 23:52:13 - binding parameter [1] as [INTEGER] - [129]
2026-04-25 23:52:13 - Starting after statement execution processing [ON_CLOSE]
2026-04-25 23:52:13 - Initializing non-lazy collections
2026-04-25 23:52:13 - Closing JDBC container [org.hibernate.engine.jdbc.internal.JdbcCoordinatorImpl@27e6f65d]
2026-04-25 23:52:17 - Closing JDBC container [org.hibernate.engine.jdbc.internal.JdbcCoordinatorImpl@2344966a]
2026-04-25 23:52:17 - On TransactionImpl creation, JpaCompliance#isJpaTransactionComplianceEnabled == false
2026-04-25 23:52:17 - begin
2026-04-25 23:52:17 - Located HQL query plan in cache (select count(*) from Site x)
2026-04-25 23:52:17 - Find: select count(*) from Site x
2026-04-25 23:52:17 - Named parameters: {}
2026-04-25 23:52:17 - select count(*) as col_0_0_ from site site0_
2026-04-25 23:52:17 - Registering last query statement [HikariProxyPreparedStatement@1790241794 wrapping select count(*) as col_0_0_ from site site0_]
2026-04-25 23:52:17 - Starting after statement execution processing [ON_CLOSE]
2026-04-25 23:52:17 - Initializing non-lazy collections
2026-04-25 23:52:17 - committing
2026-04-25 23:52:17 - begin
2026-04-25 23:52:17 - Located HQL query plan in cache (select count(*) from Page x)
2026-04-25 23:52:17 - Find: select count(*) from Page x
2026-04-25 23:52:17 - Named parameters: {}
2026-04-25 23:52:17 - select count(*) as col_0_0_ from page page0_
2026-04-25 23:52:17 - Registering last query statement [HikariProxyPreparedStatement@1758931272 wrapping select count(*) as col_0_0_ from page page0_]
2026-04-25 23:52:17 - Starting after statement execution processing [ON_CLOSE]
2026-04-25 23:52:17 - Initializing non-lazy collections
2026-04-25 23:52:17 - committing
2026-04-25 23:52:17 - begin
2026-04-25 23:52:17 - Located HQL query plan in cache (select count(*) from Lemma x)
2026-04-25 23:52:17 - Find: select count(*) from Lemma x
2026-04-25 23:52:17 - Named parameters: {}
2026-04-25 23:52:17 - select count(*) as col_0_0_ from lemma lemma0_
2026-04-25 23:52:17 - Registering last query statement [HikariProxyPreparedStatement@273839032 wrapping select count(*) as col_0_0_ from lemma lemma0_]
2026-04-25 23:52:17 - Starting after statement execution processing [ON_CLOSE]
2026-04-25 23:52:17 - Initializing non-lazy collections
2026-04-25 23:52:17 - committing
2026-04-25 23:52:17 - Located HQL query plan in cache (select generatedAlias0 from Site as generatedAlias0 where generatedAlias0.status=:param0)
2026-04-25 23:52:17 - Find: select generatedAlias0 from Site as generatedAlias0 where generatedAlias0.status=:param0
2026-04-25 23:52:17 - Named parameters: {param0=INDEXED}
2026-04-25 23:52:17 - select site0_.id as id1_3_, site0_.last_error as last_err2_3_, site0_.name as name3_3_, site0_.status as status4_3_, site0_.status_time as status_t5_3_, site0_.url as url6_3_ from site site0_ where site0_.status=?
2026-04-25 23:52:17 - Registering last query statement [HikariProxyPreparedStatement@338499293 wrapping select site0_.id as id1_3_, site0_.last_error as last_err2_3_, site0_.name as name3_3_, site0_.status as status4_3_, site0_.status_time as status_t5_3_, site0_.url as url6_3_ from site site0_ where site0_.status=?]
2026-04-25 23:52:17 - binding parameter [1] as [VARCHAR] - [INDEXED]
2026-04-25 23:52:17 - Starting after statement execution processing [ON_CLOSE]
2026-04-25 23:52:17 - Initializing non-lazy collections
2026-04-25 23:52:17 - begin
2026-04-25 23:52:17 - Located HQL query plan in cache (select generatedAlias0 from Site as generatedAlias0)
2026-04-25 23:52:17 - Find: select generatedAlias0 from Site as generatedAlias0
2026-04-25 23:52:17 - Named parameters: {}
2026-04-25 23:52:17 - select site0_.id as id1_3_, site0_.last_error as last_err2_3_, site0_.name as name3_3_, site0_.status as status4_3_, site0_.status_time as status_t5_3_, site0_.url as url6_3_ from site site0_
2026-04-25 23:52:17 - Registering last query statement [HikariProxyPreparedStatement@1656468305 wrapping select site0_.id as id1_3_, site0_.last_error as last_err2_3_, site0_.name as name3_3_, site0_.status as status4_3_, site0_.status_time as status_t5_3_, site0_.url as url6_3_ from site site0_]
2026-04-25 23:52:17 - Resolving attributes for [searchengine.model.Site#128]
2026-04-25 23:52:17 - Processing attribute `lastError` : value = Индексация остановлена пользователем
2026-04-25 23:52:17 - Attribute (`lastError`)  - enhanced for lazy-loading? - false
2026-04-25 23:52:17 - Processing attribute `name` : value = КИБЕРЛЕНИНКА
2026-04-25 23:52:17 - Attribute (`name`)  - enhanced for lazy-loading? - false
2026-04-25 23:52:17 - Processing attribute `pages` : value = NOT NULL COLLECTION
2026-04-25 23:52:17 - Attribute (`pages`)  - enhanced for lazy-loading? - false
2026-04-25 23:52:17 - Processing attribute `status` : value = FAILED
2026-04-25 23:52:17 - Attribute (`status`)  - enhanced for lazy-loading? - false
2026-04-25 23:52:17 - Processing attribute `statusTime` : value = 2026-04-19T22:03:38.655614
2026-04-25 23:52:17 - Attribute (`statusTime`)  - enhanced for lazy-loading? - false
2026-04-25 23:52:17 - Processing attribute `url` : value = https://cyberleninka.ru/
2026-04-25 23:52:17 - Attribute (`url`)  - enhanced for lazy-loading? - false
2026-04-25 23:52:17 - Done materializing entity [searchengine.model.Site#128]
2026-04-25 23:52:17 - Resolving attributes for [searchengine.model.Site#129]
2026-04-25 23:52:17 - Processing attribute `lastError` : value = Индексация остановлена пользователем
2026-04-25 23:52:17 - Attribute (`lastError`)  - enhanced for lazy-loading? - false
2026-04-25 23:52:17 - Processing attribute `name` : value = Журнал: Аграрная наука
2026-04-25 23:52:17 - Attribute (`name`)  - enhanced for lazy-loading? - false
2026-04-25 23:52:17 - Processing attribute `pages` : value = NOT NULL COLLECTION
2026-04-25 23:52:17 - Attribute (`pages`)  - enhanced for lazy-loading? - false
2026-04-25 23:52:17 - Processing attribute `status` : value = FAILED
2026-04-25 23:52:17 - Attribute (`status`)  - enhanced for lazy-loading? - false
2026-04-25 23:52:17 - Processing attribute `statusTime` : value = 2026-04-19T22:03:38.620442
2026-04-25 23:52:17 - Attribute (`statusTime`)  - enhanced for lazy-loading? - false
2026-04-25 23:52:17 - Processing attribute `url` : value = https://www.vetpress.ru/jour
2026-04-25 23:52:17 - Attribute (`url`)  - enhanced for lazy-loading? - false
2026-04-25 23:52:17 - Done materializing entity [searchengine.model.Site#129]
2026-04-25 23:52:17 - Starting after statement execution processing [ON_CLOSE]
2026-04-25 23:52:17 - Initializing non-lazy collections
2026-04-25 23:52:17 - committing
2026-04-25 23:52:17 - Located HQL query plan in cache (select count(generatedAlias0) from Page as generatedAlias0 where generatedAlias0.site=:param0)
2026-04-25 23:52:17 - Find: select count(generatedAlias0) from Page as generatedAlias0 where generatedAlias0.site=:param0
2026-04-25 23:52:17 - Named parameters: {param0=searchengine.model.Site#128}
2026-04-25 23:52:17 - select count(page0_.id) as col_0_0_ from page page0_ where page0_.site_id=?
2026-04-25 23:52:17 - Registering last query statement [HikariProxyPreparedStatement@1508989910 wrapping select count(page0_.id) as col_0_0_ from page page0_ where page0_.site_id=?]
2026-04-25 23:52:17 - binding parameter [1] as [INTEGER] - [128]
2026-04-25 23:52:17 - Starting after statement execution processing [ON_CLOSE]
2026-04-25 23:52:17 - Initializing non-lazy collections
2026-04-25 23:52:17 - Located HQL query plan in cache (select count(generatedAlias0) from Lemma as generatedAlias0 where generatedAlias0.site=:param0)
2026-04-25 23:52:17 - Find: select count(generatedAlias0) from Lemma as generatedAlias0 where generatedAlias0.site=:param0
2026-04-25 23:52:17 - Named parameters: {param0=searchengine.model.Site#128}
2026-04-25 23:52:17 - select count(lemma0_.id) as col_0_0_ from lemma lemma0_ where lemma0_.site_id=?
2026-04-25 23:52:17 - Registering last query statement [HikariProxyPreparedStatement@384402123 wrapping select count(lemma0_.id) as col_0_0_ from lemma lemma0_ where lemma0_.site_id=?]
2026-04-25 23:52:17 - binding parameter [1] as [INTEGER] - [128]
2026-04-25 23:52:17 - Starting after statement execution processing [ON_CLOSE]
2026-04-25 23:52:17 - Initializing non-lazy collections
2026-04-25 23:52:17 - Located HQL query plan in cache (select count(generatedAlias0) from Topic as generatedAlias0 left join generatedAlias0.site as generatedAlias1 where generatedAlias1.id=:param0)
2026-04-25 23:52:17 - Find: select count(generatedAlias0) from Topic as generatedAlias0 left join generatedAlias0.site as generatedAlias1 where generatedAlias1.id=:param0
2026-04-25 23:52:17 - Named parameters: {param0=128}
2026-04-25 23:52:17 - select count(topic0_.id) as col_0_0_ from topic topic0_ left outer join site site1_ on topic0_.site_id=site1_.id where site1_.id=?
2026-04-25 23:52:17 - Registering last query statement [HikariProxyPreparedStatement@984702999 wrapping select count(topic0_.id) as col_0_0_ from topic topic0_ left outer join site site1_ on topic0_.site_id=site1_.id where site1_.id=?]
2026-04-25 23:52:17 - binding parameter [1] as [INTEGER] - [128]
2026-04-25 23:52:17 - Starting after statement execution processing [ON_CLOSE]
2026-04-25 23:52:17 - Initializing non-lazy collections
2026-04-25 23:52:17 - Located HQL query plan in cache (select count(generatedAlias0) from Page as generatedAlias0 where generatedAlias0.site=:param0)
2026-04-25 23:52:17 - Find: select count(generatedAlias0) from Page as generatedAlias0 where generatedAlias0.site=:param0
2026-04-25 23:52:17 - Named parameters: {param0=searchengine.model.Site#129}
2026-04-25 23:52:17 - select count(page0_.id) as col_0_0_ from page page0_ where page0_.site_id=?
2026-04-25 23:52:17 - Registering last query statement [HikariProxyPreparedStatement@1021129003 wrapping select count(page0_.id) as col_0_0_ from page page0_ where page0_.site_id=?]
2026-04-25 23:52:17 - binding parameter [1] as [INTEGER] - [129]
2026-04-25 23:52:17 - Starting after statement execution processing [ON_CLOSE]
2026-04-25 23:52:17 - Initializing non-lazy collections
2026-04-25 23:52:17 - Located HQL query plan in cache (select count(generatedAlias0) from Lemma as generatedAlias0 where generatedAlias0.site=:param0)
2026-04-25 23:52:17 - Find: select count(generatedAlias0) from Lemma as generatedAlias0 where generatedAlias0.site=:param0
2026-04-25 23:52:17 - Named parameters: {param0=searchengine.model.Site#129}
2026-04-25 23:52:17 - select count(lemma0_.id) as col_0_0_ from lemma lemma0_ where lemma0_.site_id=?
2026-04-25 23:52:17 - Registering last query statement [HikariProxyPreparedStatement@157084758 wrapping select count(lemma0_.id) as col_0_0_ from lemma lemma0_ where lemma0_.site_id=?]
2026-04-25 23:52:17 - binding parameter [1] as [INTEGER] - [129]
2026-04-25 23:52:17 - Starting after statement execution processing [ON_CLOSE]
2026-04-25 23:52:17 - Initializing non-lazy collections
2026-04-25 23:52:17 - Located HQL query plan in cache (select count(generatedAlias0) from Topic as generatedAlias0 left join generatedAlias0.site as generatedAlias1 where generatedAlias1.id=:param0)
2026-04-25 23:52:17 - Find: select count(generatedAlias0) from Topic as generatedAlias0 left join generatedAlias0.site as generatedAlias1 where generatedAlias1.id=:param0
2026-04-25 23:52:17 - Named parameters: {param0=129}
2026-04-25 23:52:17 - select count(topic0_.id) as col_0_0_ from topic topic0_ left outer join site site1_ on topic0_.site_id=site1_.id where site1_.id=?
2026-04-25 23:52:17 - Registering last query statement [HikariProxyPreparedStatement@2051295746 wrapping select count(topic0_.id) as col_0_0_ from topic topic0_ left outer join site site1_ on topic0_.site_id=site1_.id where site1_.id=?]
2026-04-25 23:52:17 - binding parameter [1] as [INTEGER] - [129]
2026-04-25 23:52:17 - Starting after statement execution processing [ON_CLOSE]
2026-04-25 23:52:17 - Initializing non-lazy collections
2026-04-25 23:52:17 - Closing JDBC container [org.hibernate.engine.jdbc.internal.JdbcCoordinatorImpl@4880691a]
2026-04-25 23:52:24 - Closing JDBC container [org.hibernate.engine.jdbc.internal.JdbcCoordinatorImpl@473a4a76]
2026-04-25 23:52:24 - On TransactionImpl creation, JpaCompliance#isJpaTransactionComplianceEnabled == false
2026-04-25 23:52:24 - begin
2026-04-25 23:52:24 - Located HQL query plan in cache (select count(*) from Site x)
2026-04-25 23:52:24 - Find: select count(*) from Site x
2026-04-25 23:52:24 - Named parameters: {}
2026-04-25 23:52:24 - select count(*) as col_0_0_ from site site0_
2026-04-25 23:52:24 - Registering last query statement [HikariProxyPreparedStatement@1960504624 wrapping select count(*) as col_0_0_ from site site0_]
2026-04-25 23:52:24 - Starting after statement execution processing [ON_CLOSE]
2026-04-25 23:52:24 - Initializing non-lazy collections
2026-04-25 23:52:24 - committing
2026-04-25 23:52:24 - begin
2026-04-25 23:52:24 - Located HQL query plan in cache (select count(*) from Page x)
2026-04-25 23:52:24 - Find: select count(*) from Page x
2026-04-25 23:52:24 - Named parameters: {}
2026-04-25 23:52:24 - select count(*) as col_0_0_ from page page0_
2026-04-25 23:52:24 - Registering last query statement [HikariProxyPreparedStatement@68735516 wrapping select count(*) as col_0_0_ from page page0_]
2026-04-25 23:52:24 - Starting after statement execution processing [ON_CLOSE]
2026-04-25 23:52:24 - Initializing non-lazy collections
2026-04-25 23:52:24 - committing
2026-04-25 23:52:24 - begin
2026-04-25 23:52:24 - Located HQL query plan in cache (select count(*) from Lemma x)
2026-04-25 23:52:24 - Find: select count(*) from Lemma x
2026-04-25 23:52:24 - Named parameters: {}
2026-04-25 23:52:24 - select count(*) as col_0_0_ from lemma lemma0_
2026-04-25 23:52:24 - Registering last query statement [HikariProxyPreparedStatement@1439176772 wrapping select count(*) as col_0_0_ from lemma lemma0_]
2026-04-25 23:52:24 - Starting after statement execution processing [ON_CLOSE]
2026-04-25 23:52:24 - Initializing non-lazy collections
2026-04-25 23:52:24 - committing
2026-04-25 23:52:24 - Located HQL query plan in cache (select generatedAlias0 from Site as generatedAlias0 where generatedAlias0.status=:param0)
2026-04-25 23:52:24 - Find: select generatedAlias0 from Site as generatedAlias0 where generatedAlias0.status=:param0
2026-04-25 23:52:24 - Named parameters: {param0=INDEXED}
2026-04-25 23:52:24 - select site0_.id as id1_3_, site0_.last_error as last_err2_3_, site0_.name as name3_3_, site0_.status as status4_3_, site0_.status_time as status_t5_3_, site0_.url as url6_3_ from site site0_ where site0_.status=?
2026-04-25 23:52:24 - Registering last query statement [HikariProxyPreparedStatement@1881729959 wrapping select site0_.id as id1_3_, site0_.last_error as last_err2_3_, site0_.name as name3_3_, site0_.status as status4_3_, site0_.status_time as status_t5_3_, site0_.url as url6_3_ from site site0_ where site0_.status=?]
2026-04-25 23:52:24 - binding parameter [1] as [VARCHAR] - [INDEXED]
2026-04-25 23:52:24 - Starting after statement execution processing [ON_CLOSE]
2026-04-25 23:52:24 - Initializing non-lazy collections
2026-04-25 23:52:24 - begin
2026-04-25 23:52:24 - Located HQL query plan in cache (select generatedAlias0 from Site as generatedAlias0)
2026-04-25 23:52:24 - Find: select generatedAlias0 from Site as generatedAlias0
2026-04-25 23:52:24 - Named parameters: {}
2026-04-25 23:52:24 - select site0_.id as id1_3_, site0_.last_error as last_err2_3_, site0_.name as name3_3_, site0_.status as status4_3_, site0_.status_time as status_t5_3_, site0_.url as url6_3_ from site site0_
2026-04-25 23:52:24 - Registering last query statement [HikariProxyPreparedStatement@1903859903 wrapping select site0_.id as id1_3_, site0_.last_error as last_err2_3_, site0_.name as name3_3_, site0_.status as status4_3_, site0_.status_time as status_t5_3_, site0_.url as url6_3_ from site site0_]
2026-04-25 23:52:24 - Resolving attributes for [searchengine.model.Site#128]
2026-04-25 23:52:24 - Processing attribute `lastError` : value = Индексация остановлена пользователем
2026-04-25 23:52:24 - Attribute (`lastError`)  - enhanced for lazy-loading? - false
2026-04-25 23:52:24 - Processing attribute `name` : value = КИБЕРЛЕНИНКА
2026-04-25 23:52:24 - Attribute (`name`)  - enhanced for lazy-loading? - false
2026-04-25 23:52:24 - Processing attribute `pages` : value = NOT NULL COLLECTION
2026-04-25 23:52:24 - Attribute (`pages`)  - enhanced for lazy-loading? - false
2026-04-25 23:52:24 - Processing attribute `status` : value = FAILED
2026-04-25 23:52:24 - Attribute (`status`)  - enhanced for lazy-loading? - false
2026-04-25 23:52:24 - Processing attribute `statusTime` : value = 2026-04-19T22:03:38.655614
2026-04-25 23:52:24 - Attribute (`statusTime`)  - enhanced for lazy-loading? - false
2026-04-25 23:52:24 - Processing attribute `url` : value = https://cyberleninka.ru/
2026-04-25 23:52:24 - Attribute (`url`)  - enhanced for lazy-loading? - false
2026-04-25 23:52:24 - Done materializing entity [searchengine.model.Site#128]
2026-04-25 23:52:24 - Resolving attributes for [searchengine.model.Site#129]
2026-04-25 23:52:24 - Processing attribute `lastError` : value = Индексация остановлена пользователем
2026-04-25 23:52:24 - Attribute (`lastError`)  - enhanced for lazy-loading? - false
2026-04-25 23:52:24 - Processing attribute `name` : value = Журнал: Аграрная наука
2026-04-25 23:52:24 - Attribute (`name`)  - enhanced for lazy-loading? - false
2026-04-25 23:52:24 - Processing attribute `pages` : value = NOT NULL COLLECTION
2026-04-25 23:52:24 - Attribute (`pages`)  - enhanced for lazy-loading? - false
2026-04-25 23:52:24 - Processing attribute `status` : value = FAILED
2026-04-25 23:52:24 - Attribute (`status`)  - enhanced for lazy-loading? - false
2026-04-25 23:52:24 - Processing attribute `statusTime` : value = 2026-04-19T22:03:38.620442
2026-04-25 23:52:24 - Attribute (`statusTime`)  - enhanced for lazy-loading? - false
2026-04-25 23:52:24 - Processing attribute `url` : value = https://www.vetpress.ru/jour
2026-04-25 23:52:24 - Attribute (`url`)  - enhanced for lazy-loading? - false
2026-04-25 23:52:24 - Done materializing entity [searchengine.model.Site#129]
2026-04-25 23:52:24 - Starting after statement execution processing [ON_CLOSE]
2026-04-25 23:52:24 - Initializing non-lazy collections
2026-04-25 23:52:24 - committing
2026-04-25 23:52:24 - Located HQL query plan in cache (select count(generatedAlias0) from Page as generatedAlias0 where generatedAlias0.site=:param0)
2026-04-25 23:52:24 - Find: select count(generatedAlias0) from Page as generatedAlias0 where generatedAlias0.site=:param0
2026-04-25 23:52:24 - Named parameters: {param0=searchengine.model.Site#128}
2026-04-25 23:52:24 - select count(page0_.id) as col_0_0_ from page page0_ where page0_.site_id=?
2026-04-25 23:52:24 - Registering last query statement [HikariProxyPreparedStatement@679658766 wrapping select count(page0_.id) as col_0_0_ from page page0_ where page0_.site_id=?]
2026-04-25 23:52:24 - binding parameter [1] as [INTEGER] - [128]
2026-04-25 23:52:24 - Starting after statement execution processing [ON_CLOSE]
2026-04-25 23:52:24 - Initializing non-lazy collections
2026-04-25 23:52:24 - Located HQL query plan in cache (select count(generatedAlias0) from Lemma as generatedAlias0 where generatedAlias0.site=:param0)
2026-04-25 23:52:24 - Find: select count(generatedAlias0) from Lemma as generatedAlias0 where generatedAlias0.site=:param0
2026-04-25 23:52:24 - Named parameters: {param0=searchengine.model.Site#128}
2026-04-25 23:52:24 - select count(lemma0_.id) as col_0_0_ from lemma lemma0_ where lemma0_.site_id=?
2026-04-25 23:52:24 - Registering last query statement [HikariProxyPreparedStatement@1453686812 wrapping select count(lemma0_.id) as col_0_0_ from lemma lemma0_ where lemma0_.site_id=?]
2026-04-25 23:52:24 - binding parameter [1] as [INTEGER] - [128]
2026-04-25 23:52:24 - Starting after statement execution processing [ON_CLOSE]
2026-04-25 23:52:24 - Initializing non-lazy collections
2026-04-25 23:52:24 - Located HQL query plan in cache (select count(generatedAlias0) from Topic as generatedAlias0 left join generatedAlias0.site as generatedAlias1 where generatedAlias1.id=:param0)
2026-04-25 23:52:24 - Find: select count(generatedAlias0) from Topic as generatedAlias0 left join generatedAlias0.site as generatedAlias1 where generatedAlias1.id=:param0
2026-04-25 23:52:24 - Named parameters: {param0=128}
2026-04-25 23:52:24 - select count(topic0_.id) as col_0_0_ from topic topic0_ left outer join site site1_ on topic0_.site_id=site1_.id where site1_.id=?
2026-04-25 23:52:24 - Registering last query statement [HikariProxyPreparedStatement@369865908 wrapping select count(topic0_.id) as col_0_0_ from topic topic0_ left outer join site site1_ on topic0_.site_id=site1_.id where site1_.id=?]
2026-04-25 23:52:24 - binding parameter [1] as [INTEGER] - [128]
2026-04-25 23:52:24 - Starting after statement execution processing [ON_CLOSE]
2026-04-25 23:52:24 - Initializing non-lazy collections
2026-04-25 23:52:24 - Located HQL query plan in cache (select count(generatedAlias0) from Page as generatedAlias0 where generatedAlias0.site=:param0)
2026-04-25 23:52:24 - Find: select count(generatedAlias0) from Page as generatedAlias0 where generatedAlias0.site=:param0
2026-04-25 23:52:24 - Named parameters: {param0=searchengine.model.Site#129}
2026-04-25 23:52:24 - select count(page0_.id) as col_0_0_ from page page0_ where page0_.site_id=?
2026-04-25 23:52:24 - Registering last query statement [HikariProxyPreparedStatement@1534534610 wrapping select count(page0_.id) as col_0_0_ from page page0_ where page0_.site_id=?]
2026-04-25 23:52:24 - binding parameter [1] as [INTEGER] - [129]
2026-04-25 23:52:24 - Starting after statement execution processing [ON_CLOSE]
2026-04-25 23:52:24 - Initializing non-lazy collections
2026-04-25 23:52:24 - Located HQL query plan in cache (select count(generatedAlias0) from Lemma as generatedAlias0 where generatedAlias0.site=:param0)
2026-04-25 23:52:24 - Find: select count(generatedAlias0) from Lemma as generatedAlias0 where generatedAlias0.site=:param0
2026-04-25 23:52:24 - Named parameters: {param0=searchengine.model.Site#129}
2026-04-25 23:52:24 - select count(lemma0_.id) as col_0_0_ from lemma lemma0_ where lemma0_.site_id=?
2026-04-25 23:52:24 - Registering last query statement [HikariProxyPreparedStatement@1594976060 wrapping select count(lemma0_.id) as col_0_0_ from lemma lemma0_ where lemma0_.site_id=?]
2026-04-25 23:52:24 - binding parameter [1] as [INTEGER] - [129]
2026-04-25 23:52:24 - Starting after statement execution processing [ON_CLOSE]
2026-04-25 23:52:24 - Initializing non-lazy collections
2026-04-25 23:52:24 - Located HQL query plan in cache (select count(generatedAlias0) from Topic as generatedAlias0 left join generatedAlias0.site as generatedAlias1 where generatedAlias1.id=:param0)
2026-04-25 23:52:24 - Find: select count(generatedAlias0) from Topic as generatedAlias0 left join generatedAlias0.site as generatedAlias1 where generatedAlias1.id=:param0
2026-04-25 23:52:24 - Named parameters: {param0=129}
2026-04-25 23:52:24 - select count(topic0_.id) as col_0_0_ from topic topic0_ left outer join site site1_ on topic0_.site_id=site1_.id where site1_.id=?
2026-04-25 23:52:24 - Registering last query statement [HikariProxyPreparedStatement@1713685190 wrapping select count(topic0_.id) as col_0_0_ from topic topic0_ left outer join site site1_ on topic0_.site_id=site1_.id where site1_.id=?]
2026-04-25 23:52:24 - binding parameter [1] as [INTEGER] - [129]
2026-04-25 23:52:24 - Starting after statement execution processing [ON_CLOSE]
2026-04-25 23:52:24 - Initializing non-lazy collections
2026-04-25 23:52:24 - Closing JDBC container [org.hibernate.engine.jdbc.internal.JdbcCoordinatorImpl@365e0d83]
2026-04-25 23:52:26 - HikariPool-1 - Pool stats (total=10, active=0, idle=10, waiting=0)
2026-04-25 23:52:26 - HikariPool-1 - Fill pool skipped, pool is at sufficient level.
2026-04-25 23:52:47 - Closing JDBC container [org.hibernate.engine.jdbc.internal.JdbcCoordinatorImpl@e688dd3]
2026-04-25 23:52:47 - Closing JDBC container [org.hibernate.engine.jdbc.internal.JdbcCoordinatorImpl@20d8ca4f]
2026-04-25 23:52:47 - Closing JDBC container [org.hibernate.engine.jdbc.internal.JdbcCoordinatorImpl@1b0b992d]
2026-04-25 23:52:47 - Closing JDBC container [org.hibernate.engine.jdbc.internal.JdbcCoordinatorImpl@c686a7b]
2026-04-25 23:52:47 - Closing JDBC container [org.hibernate.engine.jdbc.internal.JdbcCoordinatorImpl@2d837c72]
2026-04-25 23:52:47 - Closing JDBC container [org.hibernate.engine.jdbc.internal.JdbcCoordinatorImpl@5e9e64c2]
2026-04-25 23:52:47 - Closing JDBC container [org.hibernate.engine.jdbc.internal.JdbcCoordinatorImpl@3ee9c8be]
2026-04-25 23:52:47 - Closing JDBC container [org.hibernate.engine.jdbc.internal.JdbcCoordinatorImpl@4cd40210]
2026-04-25 23:52:47 - Closing JDBC container [org.hibernate.engine.jdbc.internal.JdbcCoordinatorImpl@4a4c7de2]
2026-04-25 23:52:47 - Closing JDBC container [org.hibernate.engine.jdbc.internal.JdbcCoordinatorImpl@4b6a027a]
2026-04-25 23:52:47 - Closing JDBC container [org.hibernate.engine.jdbc.internal.JdbcCoordinatorImpl@29bcfd1a]
2026-04-25 23:52:47 - Closing JDBC container [org.hibernate.engine.jdbc.internal.JdbcCoordinatorImpl@79fd661e]
2026-04-25 23:52:47 - Closing JDBC container [org.hibernate.engine.jdbc.internal.JdbcCoordinatorImpl@49fdace1]
2026-04-25 23:52:47 - Closing JDBC container [org.hibernate.engine.jdbc.internal.JdbcCoordinatorImpl@48cc504a]
2026-04-25 23:52:47 - On TransactionImpl creation, JpaCompliance#isJpaTransactionComplianceEnabled == false
2026-04-25 23:52:47 - begin
2026-04-25 23:52:47 - Located HQL query plan in cache (select count(*) from Site x)
2026-04-25 23:52:47 - Find: select count(*) from Site x
2026-04-25 23:52:47 - Named parameters: {}
2026-04-25 23:52:47 - select count(*) as col_0_0_ from site site0_
2026-04-25 23:52:47 - Registering last query statement [HikariProxyPreparedStatement@1066529149 wrapping select count(*) as col_0_0_ from site site0_]
2026-04-25 23:52:47 - Starting after statement execution processing [ON_CLOSE]
2026-04-25 23:52:47 - Initializing non-lazy collections
2026-04-25 23:52:47 - committing
2026-04-25 23:52:47 - begin
2026-04-25 23:52:47 - Located HQL query plan in cache (select count(*) from Page x)
2026-04-25 23:52:47 - Find: select count(*) from Page x
2026-04-25 23:52:47 - Named parameters: {}
2026-04-25 23:52:47 - select count(*) as col_0_0_ from page page0_
2026-04-25 23:52:47 - Registering last query statement [HikariProxyPreparedStatement@7779700 wrapping select count(*) as col_0_0_ from page page0_]
2026-04-25 23:52:47 - Starting after statement execution processing [ON_CLOSE]
2026-04-25 23:52:47 - Initializing non-lazy collections
2026-04-25 23:52:47 - committing
2026-04-25 23:52:47 - begin
2026-04-25 23:52:47 - Located HQL query plan in cache (select count(*) from Lemma x)
2026-04-25 23:52:47 - Find: select count(*) from Lemma x
2026-04-25 23:52:47 - Named parameters: {}
2026-04-25 23:52:47 - select count(*) as col_0_0_ from lemma lemma0_
2026-04-25 23:52:47 - Registering last query statement [HikariProxyPreparedStatement@2010750252 wrapping select count(*) as col_0_0_ from lemma lemma0_]
2026-04-25 23:52:47 - Starting after statement execution processing [ON_CLOSE]
2026-04-25 23:52:47 - Initializing non-lazy collections
2026-04-25 23:52:47 - committing
2026-04-25 23:52:47 - Located HQL query plan in cache (select generatedAlias0 from Site as generatedAlias0 where generatedAlias0.status=:param0)
2026-04-25 23:52:47 - Find: select generatedAlias0 from Site as generatedAlias0 where generatedAlias0.status=:param0
2026-04-25 23:52:47 - Named parameters: {param0=INDEXED}
2026-04-25 23:52:47 - select site0_.id as id1_3_, site0_.last_error as last_err2_3_, site0_.name as name3_3_, site0_.status as status4_3_, site0_.status_time as status_t5_3_, site0_.url as url6_3_ from site site0_ where site0_.status=?
2026-04-25 23:52:47 - Registering last query statement [HikariProxyPreparedStatement@1905879911 wrapping select site0_.id as id1_3_, site0_.last_error as last_err2_3_, site0_.name as name3_3_, site0_.status as status4_3_, site0_.status_time as status_t5_3_, site0_.url as url6_3_ from site site0_ where site0_.status=?]
2026-04-25 23:52:47 - binding parameter [1] as [VARCHAR] - [INDEXED]
2026-04-25 23:52:47 - Starting after statement execution processing [ON_CLOSE]
2026-04-25 23:52:47 - Initializing non-lazy collections
2026-04-25 23:52:47 - begin
2026-04-25 23:52:47 - Closing JDBC container [org.hibernate.engine.jdbc.internal.JdbcCoordinatorImpl@2af9586]
2026-04-25 23:52:47 - Located HQL query plan in cache (select generatedAlias0 from Site as generatedAlias0)
2026-04-25 23:52:47 - Find: select generatedAlias0 from Site as generatedAlias0
2026-04-25 23:52:47 - Named parameters: {}
2026-04-25 23:52:47 - select site0_.id as id1_3_, site0_.last_error as last_err2_3_, site0_.name as name3_3_, site0_.status as status4_3_, site0_.status_time as status_t5_3_, site0_.url as url6_3_ from site site0_
2026-04-25 23:52:47 - Registering last query statement [HikariProxyPreparedStatement@1483442583 wrapping select site0_.id as id1_3_, site0_.last_error as last_err2_3_, site0_.name as name3_3_, site0_.status as status4_3_, site0_.status_time as status_t5_3_, site0_.url as url6_3_ from site site0_]
2026-04-25 23:52:47 - Resolving attributes for [searchengine.model.Site#128]
2026-04-25 23:52:47 - Processing attribute `lastError` : value = Индексация остановлена пользователем
2026-04-25 23:52:47 - Attribute (`lastError`)  - enhanced for lazy-loading? - false
2026-04-25 23:52:47 - Processing attribute `name` : value = КИБЕРЛЕНИНКА
2026-04-25 23:52:47 - Attribute (`name`)  - enhanced for lazy-loading? - false
2026-04-25 23:52:47 - Processing attribute `pages` : value = NOT NULL COLLECTION
2026-04-25 23:52:47 - Attribute (`pages`)  - enhanced for lazy-loading? - false
2026-04-25 23:52:47 - Processing attribute `status` : value = FAILED
2026-04-25 23:52:47 - Attribute (`status`)  - enhanced for lazy-loading? - false
2026-04-25 23:52:47 - Processing attribute `statusTime` : value = 2026-04-19T22:03:38.655614
2026-04-25 23:52:47 - Attribute (`statusTime`)  - enhanced for lazy-loading? - false
2026-04-25 23:52:47 - Processing attribute `url` : value = https://cyberleninka.ru/
2026-04-25 23:52:47 - Attribute (`url`)  - enhanced for lazy-loading? - false
2026-04-25 23:52:47 - Done materializing entity [searchengine.model.Site#128]
2026-04-25 23:52:47 - Resolving attributes for [searchengine.model.Site#129]
2026-04-25 23:52:47 - Processing attribute `lastError` : value = Индексация остановлена пользователем
2026-04-25 23:52:47 - Attribute (`lastError`)  - enhanced for lazy-loading? - false
2026-04-25 23:52:47 - Processing attribute `name` : value = Журнал: Аграрная наука
2026-04-25 23:52:47 - Attribute (`name`)  - enhanced for lazy-loading? - false
2026-04-25 23:52:47 - Processing attribute `pages` : value = NOT NULL COLLECTION
2026-04-25 23:52:47 - Attribute (`pages`)  - enhanced for lazy-loading? - false
2026-04-25 23:52:47 - Processing attribute `status` : value = FAILED
2026-04-25 23:52:47 - Attribute (`status`)  - enhanced for lazy-loading? - false
2026-04-25 23:52:47 - Processing attribute `statusTime` : value = 2026-04-19T22:03:38.620442
2026-04-25 23:52:47 - Attribute (`statusTime`)  - enhanced for lazy-loading? - false
2026-04-25 23:52:47 - Processing attribute `url` : value = https://www.vetpress.ru/jour
2026-04-25 23:52:47 - Attribute (`url`)  - enhanced for lazy-loading? - false
2026-04-25 23:52:47 - Done materializing entity [searchengine.model.Site#129]
2026-04-25 23:52:47 - Starting after statement execution processing [ON_CLOSE]
2026-04-25 23:52:47 - Initializing non-lazy collections
2026-04-25 23:52:47 - committing
2026-04-25 23:52:47 - Located HQL query plan in cache (select count(generatedAlias0) from Page as generatedAlias0 where generatedAlias0.site=:param0)
2026-04-25 23:52:47 - Find: select count(generatedAlias0) from Page as generatedAlias0 where generatedAlias0.site=:param0
2026-04-25 23:52:47 - Named parameters: {param0=searchengine.model.Site#128}
2026-04-25 23:52:47 - select count(page0_.id) as col_0_0_ from page page0_ where page0_.site_id=?
2026-04-25 23:52:47 - Registering last query statement [HikariProxyPreparedStatement@757924376 wrapping select count(page0_.id) as col_0_0_ from page page0_ where page0_.site_id=?]
2026-04-25 23:52:47 - binding parameter [1] as [INTEGER] - [128]
2026-04-25 23:52:47 - Starting after statement execution processing [ON_CLOSE]
2026-04-25 23:52:47 - Initializing non-lazy collections
2026-04-25 23:52:47 - Located HQL query plan in cache (select count(generatedAlias0) from Lemma as generatedAlias0 where generatedAlias0.site=:param0)
2026-04-25 23:52:47 - Find: select count(generatedAlias0) from Lemma as generatedAlias0 where generatedAlias0.site=:param0
2026-04-25 23:52:47 - Named parameters: {param0=searchengine.model.Site#128}
2026-04-25 23:52:47 - select count(lemma0_.id) as col_0_0_ from lemma lemma0_ where lemma0_.site_id=?
2026-04-25 23:52:47 - Registering last query statement [HikariProxyPreparedStatement@832574628 wrapping select count(lemma0_.id) as col_0_0_ from lemma lemma0_ where lemma0_.site_id=?]
2026-04-25 23:52:47 - binding parameter [1] as [INTEGER] - [128]
2026-04-25 23:52:47 - Starting after statement execution processing [ON_CLOSE]
2026-04-25 23:52:47 - Initializing non-lazy collections
2026-04-25 23:52:47 - Located HQL query plan in cache (select count(generatedAlias0) from Topic as generatedAlias0 left join generatedAlias0.site as generatedAlias1 where generatedAlias1.id=:param0)
2026-04-25 23:52:47 - Find: select count(generatedAlias0) from Topic as generatedAlias0 left join generatedAlias0.site as generatedAlias1 where generatedAlias1.id=:param0
2026-04-25 23:52:47 - Named parameters: {param0=128}
2026-04-25 23:52:47 - select count(topic0_.id) as col_0_0_ from topic topic0_ left outer join site site1_ on topic0_.site_id=site1_.id where site1_.id=?
2026-04-25 23:52:47 - Registering last query statement [HikariProxyPreparedStatement@2047500326 wrapping select count(topic0_.id) as col_0_0_ from topic topic0_ left outer join site site1_ on topic0_.site_id=site1_.id where site1_.id=?]
2026-04-25 23:52:47 - binding parameter [1] as [INTEGER] - [128]
2026-04-25 23:52:47 - Starting after statement execution processing [ON_CLOSE]
2026-04-25 23:52:47 - Initializing non-lazy collections
2026-04-25 23:52:47 - Located HQL query plan in cache (select count(generatedAlias0) from Page as generatedAlias0 where generatedAlias0.site=:param0)
2026-04-25 23:52:47 - Find: select count(generatedAlias0) from Page as generatedAlias0 where generatedAlias0.site=:param0
2026-04-25 23:52:47 - Named parameters: {param0=searchengine.model.Site#129}
2026-04-25 23:52:47 - select count(page0_.id) as col_0_0_ from page page0_ where page0_.site_id=?
2026-04-25 23:52:47 - Registering last query statement [HikariProxyPreparedStatement@961041701 wrapping select count(page0_.id) as col_0_0_ from page page0_ where page0_.site_id=?]
2026-04-25 23:52:47 - binding parameter [1] as [INTEGER] - [129]
2026-04-25 23:52:47 - Starting after statement execution processing [ON_CLOSE]
2026-04-25 23:52:47 - Initializing non-lazy collections
2026-04-25 23:52:47 - Located HQL query plan in cache (select count(generatedAlias0) from Lemma as generatedAlias0 where generatedAlias0.site=:param0)
2026-04-25 23:52:47 - Find: select count(generatedAlias0) from Lemma as generatedAlias0 where generatedAlias0.site=:param0
2026-04-25 23:52:47 - Named parameters: {param0=searchengine.model.Site#129}
2026-04-25 23:52:47 - select count(lemma0_.id) as col_0_0_ from lemma lemma0_ where lemma0_.site_id=?
2026-04-25 23:52:47 - Registering last query statement [HikariProxyPreparedStatement@1005789498 wrapping select count(lemma0_.id) as col_0_0_ from lemma lemma0_ where lemma0_.site_id=?]
2026-04-25 23:52:47 - binding parameter [1] as [INTEGER] - [129]
2026-04-25 23:52:47 - Starting after statement execution processing [ON_CLOSE]
2026-04-25 23:52:47 - Initializing non-lazy collections
2026-04-25 23:52:47 - Located HQL query plan in cache (select count(generatedAlias0) from Topic as generatedAlias0 left join generatedAlias0.site as generatedAlias1 where generatedAlias1.id=:param0)
2026-04-25 23:52:47 - Find: select count(generatedAlias0) from Topic as generatedAlias0 left join generatedAlias0.site as generatedAlias1 where generatedAlias1.id=:param0
2026-04-25 23:52:47 - Named parameters: {param0=129}
2026-04-25 23:52:47 - select count(topic0_.id) as col_0_0_ from topic topic0_ left outer join site site1_ on topic0_.site_id=site1_.id where site1_.id=?
2026-04-25 23:52:47 - Registering last query statement [HikariProxyPreparedStatement@726909962 wrapping select count(topic0_.id) as col_0_0_ from topic topic0_ left outer join site site1_ on topic0_.site_id=site1_.id where site1_.id=?]
2026-04-25 23:52:47 - binding parameter [1] as [INTEGER] - [129]
2026-04-25 23:52:47 - Starting after statement execution processing [ON_CLOSE]
2026-04-25 23:52:47 - Initializing non-lazy collections
2026-04-25 23:52:47 - Closing JDBC container [org.hibernate.engine.jdbc.internal.JdbcCoordinatorImpl@100385be]
2026-04-25 23:52:47 - Closing JDBC container [org.hibernate.engine.jdbc.internal.JdbcCoordinatorImpl@7ce88179]
2026-04-25 23:52:47 - Closing JDBC container [org.hibernate.engine.jdbc.internal.JdbcCoordinatorImpl@1ba562aa]
2026-04-25 23:52:47 - Closing JDBC container [org.hibernate.engine.jdbc.internal.JdbcCoordinatorImpl@2c99bb8]
2026-04-25 23:52:56 - HikariPool-1 - Pool stats (total=10, active=0, idle=10, waiting=0)
2026-04-25 23:52:56 - HikariPool-1 - Fill pool skipped, pool is at sufficient level.
2026-04-25 23:53:23 - Closing JPA EntityManagerFactory for persistence unit 'default'
2026-04-25 23:53:23 - Cleaning QueryPlan Cache
2026-04-25 23:53:23 - HikariPool-1 - Shutdown initiated...
2026-04-25 23:53:23 - HikariPool-1 - Before shutdown stats (total=10, active=0, idle=10, waiting=0)
2026-04-25 23:53:23 - HikariPool-1 - Closing connection org.postgresql.jdbc.PgConnection@3af2f846: (connection evicted)
2026-04-25 23:53:23 - HikariPool-1 - Closing connection org.postgresql.jdbc.PgConnection@86b18f0: (connection evicted)
2026-04-25 23:53:23 - HikariPool-1 - Closing connection org.postgresql.jdbc.PgConnection@4d699799: (connection evicted)
2026-04-25 23:53:23 - HikariPool-1 - Closing connection org.postgresql.jdbc.PgConnection@2c92f782: (connection evicted)
2026-04-25 23:53:23 - HikariPool-1 - Closing connection org.postgresql.jdbc.PgConnection@2d4668d6: (connection evicted)
2026-04-25 23:53:23 - HikariPool-1 - Closing connection org.postgresql.jdbc.PgConnection@684ce63: (connection evicted)
2026-04-25 23:53:23 - HikariPool-1 - Closing connection org.postgresql.jdbc.PgConnection@c83a730: (connection evicted)
2026-04-25 23:53:23 - HikariPool-1 - Closing connection org.postgresql.jdbc.PgConnection@37967fc5: (connection evicted)
2026-04-25 23:53:23 - HikariPool-1 - Closing connection org.postgresql.jdbc.PgConnection@2908b139: (connection evicted)
2026-04-25 23:53:23 - HikariPool-1 - Closing connection org.postgresql.jdbc.PgConnection@9df95ad: (connection evicted)
2026-04-25 23:53:23 - HikariPool-1 - After shutdown stats (total=0, active=0, idle=0, waiting=0)
2026-04-25 23:53:23 - HikariPool-1 - Shutdown completed.
